{
"type": "FeatureCollection",
"name": "cgs_geology",
"crs": { "type": "name", "properties": { "name": "urn:ogc:def:crs:OGC:1.3:CRS84" } },
"features": [
{ "type": "Feature", "properties": { "geology": "Sand" }, "geometry": { "type": "Polygon", "coordinates": [ [ [ 32.713704116152066, -27.429651837662067 ], [ 32.713131060050493, -27.428774276511557 ], [ 32.713242161396714, -27.427859661494136 ], [ 32.715304526282921, -27.42317184100758 ], [ 32.716129300826672, -27.421798651786322 ], [ 32.716549563911322, -27.419929097050119 ], [ 32.7180684612905, -27.416518418190318 ], [ 32.718945392915614, -27.412418748026759 ], [ 32.719356710443911, -27.411567470462344 ], [ 32.720323865653974, -27.411569414796563 ], [ 32.720437566940248, -27.412708635944714 ], [ 32.719950505361588, -27.41343523824559 ], [ 32.719856747441028, -27.414688122009181 ], [ 32.720659683297846, -27.41551172518589 ], [ 32.721357944813356, -27.416737113976559 ], [ 32.722054095620116, -27.417301858993536 ], [ 32.72207116655116, -27.417791379318654 ], [ 32.720513136072441, -27.42001640952963 ], [ 32.719368697507477, -27.421080753573829 ], [ 32.718838418108575, -27.422365521901238 ], [ 32.718362735202156, -27.422898702962719 ], [ 32.717920278198356, -27.424884677186043 ], [ 32.715564876417979, -27.428128981467268 ], [ 32.714154525411089, -27.429557818038795 ], [ 32.713704116152066, -27.429651837662067 ] ] ] } },
{ "type": "Feature", "properties": { "geology": "Coarse Shelly Sediment" }, "geometry": { "type": "Polygon", "coordinates": [ [ [ 32.706673935853537, -27.54479107334932 ], [ 32.709094816372762, -27.545053345335592 ], [ 32.709386500686541, -27.545292534422853 ], [ 32.708703062696287, -27.545391556075391 ], [ 32.706673935853537, -27.54479107334932 ] ] ] } },
{ "type": "Feature", "properties": { "geology": "Coarse Shelly Sediment" }, "geometry": { "type": "Polygon", "coordinates": [ [ [ 32.708434142921462, -27.544186979845215 ], [ 32.706978627062036, -27.543593120625971 ], [ 32.708774317780573, -27.544081691716645 ], [ 32.709704229366849, -27.544714041020178 ], [ 32.708630109691853, -27.544623907367395 ], [ 32.706979317741407, -27.544041581953433 ], [ 32.706903852031189, -27.543832249458692 ], [ 32.708434142921462, -27.544186979845215 ] ] ] } },
{ "type": "Feature", "properties": { "geology": "Coarse Shelly Sediment" }, "geometry": { "type": "Polygon", "coordinates": [ [ [ 32.707324317463339, -27.542896243167036 ], [ 32.709122125185964, -27.543359145807891 ], [ 32.709731900606748, -27.543717904257885 ], [ 32.707145114955175, -27.543105321153611 ], [ 32.707324317463339, -27.542896243167036 ] ] ] } },
{ "type": "Feature", "properties": { "geology": "Coarse Shelly Sediment" }, "geometry": { "type": "Polygon", "coordinates": [ [ [ 32.707663843012, -27.541446784241643 ], [ 32.709674294533094, -27.541789441229639 ], [ 32.710037883241782, -27.542112223200458 ], [ 32.70884212936086, -27.542172431012823 ], [ 32.707539587282191, -27.541785419461501 ], [ 32.707663843012, -27.541446784241643 ] ] ] } },
{ "type": "Feature", "properties": { "geology": "Coarse Shelly Sediment" }, "geometry": { "type": "Polygon", "coordinates": [ [ [ 32.709242758446564, -27.537511022715467 ], [ 32.711263652895326, -27.537899350874241 ], [ 32.71171406215435, -27.538259557232674 ], [ 32.709648905772433, -27.537881245722872 ], [ 32.709221748484936, -27.537746426556286 ], [ 32.709242758446564, -27.537511022715467 ] ] ] } },
{ "type": "Feature", "properties": { "geology": "Coarse Shelly Sediment" }, "geometry": { "type": "Polygon", "coordinates": [ [ [ 32.703322612248826, -27.539712805001898 ], [ 32.707376131003706, -27.540751566931259 ], [ 32.707202717431514, -27.541234874289966 ], [ 32.705609823384719, -27.540572840614015 ], [ 32.703434551763259, -27.540655753160422 ], [ 32.705189606615107, -27.540712949143249 ], [ 32.706840058621914, -27.541168354136143 ], [ 32.707158456397671, -27.541344438694885 ], [ 32.706830809993974, -27.542256001413318 ], [ 32.705139480202888, -27.541153761736659 ], [ 32.703144008689122, -27.541266212965294 ], [ 32.703263080726614, -27.541572591301982 ], [ 32.705459834903536, -27.541586994843897 ], [ 32.706755572711593, -27.542471809926028 ], [ 32.706661601651646, -27.542788437836045 ], [ 32.704776920768353, -27.542075466559524 ], [ 32.702423036593942, -27.542398570937284 ], [ 32.702841209654146, -27.542551214666755 ], [ 32.704863691406345, -27.542272546240895 ], [ 32.706625378758226, -27.54291324395097 ], [ 32.706443157226012, -27.543356635800087 ], [ 32.706018848091482, -27.54341130738587 ], [ 32.703273213388123, -27.542897726149075 ], [ 32.705117308317234, -27.54344078266594 ], [ 32.706392459744286, -27.543490900984196 ], [ 32.705647944297255, -27.545927294808788 ], [ 32.701378737538761, -27.546772854933263 ], [ 32.699485319741754, -27.546312584158382 ], [ 32.698875997129662, -27.546435563750205 ], [ 32.701162028804625, -27.546988332945109 ], [ 32.703695040393811, -27.546404012834881 ], [ 32.70551231933819, -27.546248131546001 ], [ 32.705442062501241, -27.546463916676341 ], [ 32.704620780924394, -27.546440506424187 ], [ 32.701080661743227, -27.547359444482701 ], [ 32.699799482160437, -27.547423715432068 ], [ 32.700060945656162, -27.547708727675531 ], [ 32.701522026520415, -27.547582730858334 ], [ 32.702668859980001, -27.547011407750219 ], [ 32.705184259246209, -27.547293016959149 ], [ 32.704063982766677, -27.547539118235623 ], [ 32.702289875777161, -27.547453590910468 ], [ 32.699905832388353, -27.548101960736833 ], [ 32.699851913535092, -27.548371586479512 ], [ 32.700921063556294, -27.548385347905423 ], [ 32.701645718375254, -27.547956954949509 ], [ 32.703941947462972, -27.547907905925033 ], [ 32.706615782992081, -27.548619803860795 ], [ 32.707915654084211, -27.549120733435068 ], [ 32.708277787689831, -27.549495453052639 ], [ 32.706232287789888, -27.548693771300478 ], [ 32.704236010483541, -27.548358081360306 ], [ 32.70193818240125, -27.548320501389931 ], [ 32.70000773456939, -27.549067931539753 ], [ 32.702722437090863, -27.548908654410802 ], [ 32.702901818564079, -27.549031635801303 ], [ 32.702759737372048, -27.54936155209387 ], [ 32.702227194829234, -27.549615014321422 ], [ 32.699723398616023, -27.549773130425574 ], [ 32.699585303219266, -27.549970640432647 ], [ 32.701400287093655, -27.54987646432728 ], [ 32.705015630966692, -27.550348051721205 ], [ 32.705701493529148, -27.550020929622185 ], [ 32.706087722670347, -27.550302909351743 ], [ 32.702869557184435, -27.550801190422483 ], [ 32.700105074489649, -27.550371893647938 ], [ 32.698398465217053, -27.551075629336754 ], [ 32.696670748856079, -27.551276818470328 ], [ 32.697569658113323, -27.551002661943233 ], [ 32.696587626318028, -27.550512035002367 ], [ 32.697634631433104, -27.546176867468386 ], [ 32.699682303195821, -27.542720455384654 ], [ 32.700428169424548, -27.539358195124532 ], [ 32.701900881220759, -27.53454153686237 ], [ 32.702593135265047, -27.533236447903661 ], [ 32.7038988546485, -27.528393053696437 ], [ 32.704864258878501, -27.526535856544474 ], [ 32.705000094279015, -27.524351640715587 ], [ 32.706180172976673, -27.521560523699172 ], [ 32.707046131973449, -27.514941636647141 ], [ 32.7074118125052, -27.514552973041244 ], [ 32.708208154083081, -27.510489044633683 ], [ 32.709697186775855, -27.507045074670405 ], [ 32.710138038939441, -27.504507761623898 ], [ 32.710449668417539, -27.504478843923433 ], [ 32.710641187141114, -27.504757075278743 ], [ 32.710743165764534, -27.506320130269714 ], [ 32.70887857618537, -27.511417810483547 ], [ 32.708393963910332, -27.514181868698245 ], [ 32.706961191905528, -27.519479204701458 ], [ 32.706715231822578, -27.520979450141457 ], [ 32.706929362200391, -27.521482364519429 ], [ 32.707617008118504, -27.520942943961636 ], [ 32.708528303738291, -27.518555128816082 ], [ 32.713420344972967, -27.501587640457213 ], [ 32.715407313396831, -27.495798495803914 ], [ 32.716173480921483, -27.494919263712998 ], [ 32.716946291738019, -27.494687349241726 ], [ 32.720393109854164, -27.495218451070631 ], [ 32.719860195891371, -27.498766283736952 ], [ 32.717696736415341, -27.505060928319132 ], [ 32.717018435352543, -27.51023746198922 ], [ 32.715056494161907, -27.515611287131129 ], [ 32.712863732974959, -27.523037402054392 ], [ 32.713008283705427, -27.523560936987614 ], [ 32.713898845455375, -27.524354812624427 ], [ 32.714044914241477, -27.525945883295798 ], [ 32.713831588756875, -27.527130639367435 ], [ 32.712469307412661, -27.530750134511006 ], [ 32.710752001603666, -27.530029121946338 ], [ 32.71020244568637, -27.530240502197394 ], [ 32.709586918201779, -27.53150473225751 ], [ 32.708780265896614, -27.534705463486301 ], [ 32.709044439948975, -27.53587411090145 ], [ 32.710998050719553, -27.536756467237108 ], [ 32.710333276359677, -27.536822711299042 ], [ 32.708678217126099, -27.536416738441687 ], [ 32.709698828937846, -27.537017815619663 ], [ 32.711596431730037, -27.537227852283511 ], [ 32.711924226521916, -27.537579516881188 ], [ 32.711320807509317, -27.537658802012047 ], [ 32.708663180461478, -27.536891769339654 ], [ 32.709178211405437, -27.537466957733812 ], [ 32.708936133695701, -27.537667718790146 ], [ 32.708656430150235, -27.537564430753822 ], [ 32.70750767573869, -27.53679102368676 ], [ 32.706049500584051, -27.535188170997227 ], [ 32.705833977156402, -27.534599316505172 ], [ 32.704969684603341, -27.533952382896135 ], [ 32.70516660645378, -27.534500068223508 ], [ 32.70852109567214, -27.537974625028838 ], [ 32.708592425400212, -27.538373804407488 ], [ 32.708256123021734, -27.538439697733779 ], [ 32.707133728638723, -27.537836445095838 ], [ 32.706380360265513, -27.536732458036457 ], [ 32.704683154304163, -27.535478688890358 ], [ 32.704551691407481, -27.535751014397771 ], [ 32.705933136405228, -27.536793931194918 ], [ 32.707877987778929, -27.538867580774184 ], [ 32.706870171521281, -27.538632397267261 ], [ 32.70663358237401, -27.538070042198601 ], [ 32.705460122686574, -27.537358442837817 ], [ 32.703870686083384, -27.536833248655473 ], [ 32.705750883396639, -27.537739870498537 ], [ 32.706986055462203, -27.538940626408767 ], [ 32.709225739676178, -27.539870852757584 ], [ 32.709637898969902, -27.540269192169404 ], [ 32.707731078126841, -27.53969292189074 ], [ 32.705364504968003, -27.538202604066853 ], [ 32.704673476699661, -27.538219871050163 ], [ 32.706284613044517, -27.538930821999763 ], [ 32.706935255457729, -27.539612162771054 ], [ 32.709458029164779, -27.541196416581304 ], [ 32.705723343457564, -27.539322436281324 ], [ 32.703484237507595, -27.539059617507299 ], [ 32.705647900230503, -27.539592794971405 ], [ 32.707546709912776, -27.540551481265791 ], [ 32.707405656645811, -27.540675281938682 ], [ 32.704548981750172, -27.539783373004255 ], [ 32.703322612248826, -27.539712805001898 ] ], [ [ 32.706817706871718, -27.527205678799028 ], [ 32.707800363695881, -27.527741145937121 ], [ 32.708536296013293, -27.528545361079534 ], [ 32.710191645727974, -27.529697987072389 ], [ 32.709893822641831, -27.529191645378106 ], [ 32.707805091431887, -27.52749922291078 ], [ 32.706817706871718, -27.527205678799028 ] ], [ [ 32.6988200287214, -27.54504693946463 ], [ 32.699024610097752, -27.545252885112511 ], [ 32.701531848016451, -27.545468648659149 ], [ 32.70404874645255, -27.545132598990229 ], [ 32.702960303275432, -27.544863288909585 ], [ 32.701627749021426, -27.545248786901904 ], [ 32.6988200287214, -27.54504693946463 ] ], [ [ 32.701305423906263, -27.544762755496713 ], [ 32.698993887458045, -27.54478107108951 ], [ 32.701289715448091, -27.544929724527066 ], [ 32.702835425214793, -27.54452909993795 ], [ 32.703976429268856, -27.54474904892939 ], [ 32.704225391288894, -27.544520413386387 ], [ 32.70411263608937, -27.544325970966725 ], [ 32.702949525800037, -27.54422639263381 ], [ 32.701305423906263, -27.544762755496713 ] ], [ [ 32.699359709183284, -27.544061206959093 ], [ 32.700183836215103, -27.544220477792756 ], [ 32.702840024347751, -27.543936794747214 ], [ 32.704069611623339, -27.543451587120952 ], [ 32.702191530414865, -27.543377281536273 ], [ 32.702979019965838, -27.543787976733714 ], [ 32.699359709183284, -27.544061206959093 ] ], [ [ 32.709649851859247, -27.525445585045627 ], [ 32.707252327632901, -27.525004909149146 ], [ 32.710708588630538, -27.526130974564758 ], [ 32.709649851859247, -27.525445585045627 ] ], [ [ 32.701180288639492, -27.54600967990276 ], [ 32.699024806149914, -27.545802288145005 ], [ 32.701425602109929, -27.546205618794215 ], [ 32.703802611901132, -27.545922718158888 ], [ 32.702608580221849, -27.54579947056904 ], [ 32.701180288639492, -27.54600967990276 ] ], [ [ 32.716936657300998, -27.497589500155229 ], [ 32.71720425507241, -27.497815000661713 ], [ 32.717604355356798, -27.497767171118035 ], [ 32.718244935255612, -27.496990201836294 ], [ 32.717584081040563, -27.497698220096673 ], [ 32.717047932216389, -27.49762012297024 ], [ 32.716947813390902, -27.497274343536091 ], [ 32.717344451285463, -27.496159572706016 ], [ 32.716988585055262, -27.495824176844231 ], [ 32.716721239093935, -27.497104483185254 ], [ 32.716936657300998, -27.497589500155229 ] ], [ [ 32.707625220727394, -27.524295573381902 ], [ 32.707895324909416, -27.524583932002795 ], [ 32.710642824806634, -27.525287679382824 ], [ 32.709164122626227, -27.52463290188685 ], [ 32.707625220727394, -27.524295573381902 ] ], [ [ 32.712883744689151, -27.505389885035118 ], [ 32.713361477150528, -27.50511283898631 ], [ 32.713330254487666, -27.503853944603811 ], [ 32.712781392847056, -27.504969416904995 ], [ 32.712883744689151, -27.505389885035118 ] ], [ [ 32.705485065383542, -27.53124600090214 ], [ 32.705743085375204, -27.531804014943315 ], [ 32.706792140944621, -27.532355350618843 ], [ 32.706724252022646, -27.532017934879729 ], [ 32.705485065383542, -27.53124600090214 ] ], [ [ 32.711436492700081, -27.52603460591229 ], [ 32.712001904564325, -27.526238835653697 ], [ 32.713726579418164, -27.526537767603834 ], [ 32.713085581334589, -27.526204155996915 ], [ 32.711436492700081, -27.52603460591229 ] ], [ [ 32.711066335343183, -27.527900096612104 ], [ 32.711172038958445, -27.528083899152598 ], [ 32.713145295419118, -27.528948547837139 ], [ 32.712499800725233, -27.528482502965126 ], [ 32.711066335343183, -27.527900096612104 ] ], [ [ 32.703459094261859, -27.538504227687898 ], [ 32.704151434641076, -27.53884676596541 ], [ 32.704651911856317, -27.538783700107629 ], [ 32.704580591121491, -27.538553246135361 ], [ 32.703459094261859, -27.538504227687898 ] ], [ [ 32.701835833257221, -27.541825530124072 ], [ 32.701950975257375, -27.541973808544434 ], [ 32.703450365442102, -27.54199203240632 ], [ 32.702858842661513, -27.541786946510356 ], [ 32.701835833257221, -27.541825530124072 ] ], [ [ 32.712540736965515, -27.523973813040971 ], [ 32.712575484071444, -27.52425860674926 ], [ 32.713449291451724, -27.524583099230608 ], [ 32.713316788938691, -27.524366114404582 ], [ 32.712540736965515, -27.523973813040971 ] ], [ [ 32.704055432911986, -27.536397676411561 ], [ 32.704574873231884, -27.536825562149968 ], [ 32.705063936251676, -27.536870902370161 ], [ 32.70430406128343, -27.536358550506655 ], [ 32.704055432911986, -27.536397676411561 ] ], [ [ 32.706419095864682, -27.528673945246361 ], [ 32.707276078728107, -27.529046759200501 ], [ 32.707594750797149, -27.528983299439673 ], [ 32.706419095864682, -27.528673945246361 ] ], [ [ 32.707386055921802, -27.530982386228121 ], [ 32.708170587602581, -27.531341044853303 ], [ 32.708472068231409, -27.531320098743471 ], [ 32.707386055921802, -27.530982386228121 ] ], [ [ 32.702851490703758, -27.550333795668077 ], [ 32.702734208317089, -27.550567519575331 ], [ 32.703703395095673, -27.55048003712395 ], [ 32.703311656707648, -27.5503376582563 ], [ 32.702851490703758, -27.550333795668077 ] ], [ [ 32.707853207859316, -27.529936535842392 ], [ 32.708799142666336, -27.530512900549866 ], [ 32.708984158392298, -27.530515282853973 ], [ 32.708488050083474, -27.530126675905279 ], [ 32.707853207859316, -27.529936535842392 ] ], [ [ 32.70659222075443, -27.532993007721085 ], [ 32.707523897709805, -27.53347500656626 ], [ 32.707777338353559, -27.533455007442512 ], [ 32.707679816770188, -27.533316173702431 ], [ 32.70659222075443, -27.532993007721085 ] ], [ [ 32.712223082928965, -27.524841078752697 ], [ 32.712403774714453, -27.525065825627284 ], [ 32.713091804643149, -27.525390496174399 ], [ 32.712885650352518, -27.525116259607678 ], [ 32.712223082928965, -27.524841078752697 ] ], [ [ 32.709466850614753, -27.52623444066688 ], [ 32.708929479611903, -27.526217286998136 ], [ 32.7100717121399, -27.526422739817519 ], [ 32.709466850614753, -27.52623444066688 ] ], [ [ 32.713358546259933, -27.505274748430832 ], [ 32.713572656852755, -27.505660228436707 ], [ 32.714200831503227, -27.505399052724048 ], [ 32.713602325486995, -27.505443981954187 ], [ 32.713358546259933, -27.505274748430832 ] ], [ [ 32.711705080624988, -27.509630201972151 ], [ 32.711338312812941, -27.509675935196206 ], [ 32.711720872720164, -27.509701473244355 ], [ 32.711705080624988, -27.509630201972151 ] ], [ [ 32.712629500950761, -27.509528632540327 ], [ 32.712335455916644, -27.509595860460539 ], [ 32.712694073173012, -27.509682762849177 ], [ 32.712629500950761, -27.509528632540327 ] ], [ [ 32.713437692895297, -27.506540385930009 ], [ 32.713179715171762, -27.506571036623956 ], [ 32.713461638244063, -27.506575508053242 ], [ 32.713437692895297, -27.506540385930009 ] ], [ [ 32.713267554653982, -27.503249104662427 ], [ 32.713403857701941, -27.503265906696171 ], [ 32.713385559196226, -27.503181286786901 ], [ 32.713267554653982, -27.503249104662427 ] ], [ [ 32.711780800843343, -27.509082726186815 ], [ 32.711674963229022, -27.509203471862712 ], [ 32.711833950776267, -27.509124058128748 ], [ 32.711780800843343, -27.509082726186815 ] ], [ [ 32.711782505058636, -27.508816572726648 ], [ 32.711576277023617, -27.508895013394078 ], [ 32.711804464704379, -27.508871273090676 ], [ 32.711782505058636, -27.508816572726648 ] ], [ [ 32.712709585578992, -27.508792730799815 ], [ 32.712483916000018, -27.508864441840473 ], [ 32.712732633404372, -27.508822687217226 ], [ 32.712709585578992, -27.508792730799815 ] ], [ [ 32.712264589339412, -27.508718609576089 ], [ 32.712151069716121, -27.508799824652158 ], [ 32.712278258135136, -27.508794947628719 ], [ 32.712264589339412, -27.508718609576089 ] ] ] } },
{ "type": "Feature", "properties": { "geology": "Sand" }, "geometry": { "type": "MultiPolygon", "coordinates": [ [ [ [ 32.656203041249142, -27.62 ], [ 32.656446938075774, -27.615866615252045 ], [ 32.657053774512171, -27.614482083781077 ], [ 32.65735761046539, -27.611280750006557 ], [ 32.657941783086862, -27.610077984111594 ], [ 32.658154917015871, -27.607517996458334 ], [ 32.658692097362461, -27.60587107339127 ], [ 32.659034763343698, -27.599342739975441 ], [ 32.659885947378633, -27.595292107144971 ], [ 32.660607980673817, -27.594063790611415 ], [ 32.660707853984306, -27.592367307705036 ], [ 32.661407650642666, -27.59150757111744 ], [ 32.661492933352257, -27.58950614789034 ], [ 32.66302234020889, -27.586842530458402 ], [ 32.664040692024322, -27.58410221434567 ], [ 32.664630890103524, -27.583420637052711 ], [ 32.666280050683881, -27.580312571068237 ], [ 32.666634100283595, -27.578159921443138 ], [ 32.667211161965596, -27.577440835226273 ], [ 32.66806511321451, -27.575425679351561 ], [ 32.668394735428784, -27.573778628580801 ], [ 32.669624146437329, -27.571329290814045 ], [ 32.670027268443761, -27.569855733655114 ], [ 32.67050004833866, -27.569192456666485 ], [ 32.670513321432686, -27.568343543419754 ], [ 32.672748409211742, -27.56515679395082 ], [ 32.672870191805949, -27.56288178166885 ], [ 32.674714817335079, -27.558257754591629 ], [ 32.676120265238154, -27.552330552313109 ], [ 32.677786512037947, -27.549602017319209 ], [ 32.6796908255712, -27.543420447195839 ], [ 32.679874441951988, -27.542127192415929 ], [ 32.680228943910663, -27.541522670834507 ], [ 32.680346542858729, -27.540429916307531 ], [ 32.680616830502402, -27.540049726113871 ], [ 32.681324007896741, -27.539923018832184 ], [ 32.681408123286296, -27.5391984854217 ], [ 32.681179866357823, -27.538488637040924 ], [ 32.68149838284419, -27.538102128210596 ], [ 32.682021522075615, -27.537892868560988 ], [ 32.682313796344658, -27.536371257027817 ], [ 32.682789758940295, -27.536290217319596 ], [ 32.682293974387491, -27.535248691773702 ], [ 32.681683680057873, -27.536238938875901 ], [ 32.681273163825509, -27.536080165367281 ], [ 32.680852389026597, -27.536240888606049 ], [ 32.680747298748919, -27.536744642950826 ], [ 32.681547082931573, -27.536691308656966 ], [ 32.681683274463566, -27.536875129183851 ], [ 32.681370938118341, -27.537617077965709 ], [ 32.681202596722571, -27.537090550988058 ], [ 32.68065425399066, -27.537061089197891 ], [ 32.680566709486115, -27.537471528088503 ], [ 32.680863634149439, -27.537333614354804 ], [ 32.680996702336039, -27.537603093507904 ], [ 32.680850389833715, -27.538426293338691 ], [ 32.679693150318698, -27.538635361432753 ], [ 32.679136889056238, -27.538104407092604 ], [ 32.678837482264072, -27.538108853340852 ], [ 32.679261873236896, -27.539674471399678 ], [ 32.678723455423196, -27.540528905584495 ], [ 32.676764884891547, -27.539737981522606 ], [ 32.676155215590754, -27.539117967320273 ], [ 32.674565758303203, -27.535992219765102 ], [ 32.674007571592227, -27.534173575649945 ], [ 32.673333919125149, -27.533171468288497 ], [ 32.672896209192778, -27.529518656860461 ], [ 32.673389955881859, -27.524577017115529 ], [ 32.673066395997417, -27.522526513387842 ], [ 32.673939108003481, -27.519037415444309 ], [ 32.674012395555685, -27.517579085606272 ], [ 32.673469546782243, -27.51580830970568 ], [ 32.673789485996046, -27.51518362892131 ], [ 32.674086935863485, -27.51309783759503 ], [ 32.674760329325821, -27.510892447228617 ], [ 32.67482861215079, -27.509177792620939 ], [ 32.675905954096599, -27.50644103872294 ], [ 32.678504044226322, -27.496693856336357 ], [ 32.681588311451527, -27.488396173344618 ], [ 32.683231274803525, -27.484181632776075 ], [ 32.686243551298915, -27.478681283814147 ], [ 32.687935720157384, -27.474228200770806 ], [ 32.691645084553059, -27.467006217562854 ], [ 32.693261239114968, -27.464491818342669 ], [ 32.694138676159, -27.461905396916503 ], [ 32.695786781834563, -27.459195175716708 ], [ 32.701032841192742, -27.448161644444273 ], [ 32.704136155159496, -27.443779448662532 ], [ 32.704706504301768, -27.442533148386019 ], [ 32.706259912265203, -27.441096589336077 ], [ 32.708171297167709, -27.437914250142502 ], [ 32.710196937338807, -27.435549936080605 ], [ 32.712434055787078, -27.43213954050734 ], [ 32.713218154894015, -27.43190933384864 ], [ 32.714732905499268, -27.429744933681704 ], [ 32.716524524986909, -27.428451819196034 ], [ 32.71643832496877, -27.427876823256728 ], [ 32.717501511585589, -27.426060737712806 ], [ 32.718591029452526, -27.424891064171202 ], [ 32.720031515841846, -27.42274881520563 ], [ 32.720640882970443, -27.42243438344002 ], [ 32.721427536151936, -27.421419540779141 ], [ 32.721542489294507, -27.421641749766888 ], [ 32.721707479816459, -27.4215238396534 ], [ 32.721711042031068, -27.421802062015498 ], [ 32.721516688644364, -27.421941074720785 ], [ 32.72150335799364, -27.421689636867207 ], [ 32.721448463375999, -27.421874979946306 ], [ 32.721606238637023, -27.422439653467173 ], [ 32.721350284388222, -27.423735045036231 ], [ 32.720967027506376, -27.424512805721321 ], [ 32.721183720952034, -27.424665289371543 ], [ 32.721521360622305, -27.424465768480374 ], [ 32.721416712811113, -27.424185510952505 ], [ 32.721617565598265, -27.424014867292243 ], [ 32.721359416104228, -27.423966264331554 ], [ 32.721594836132859, -27.423843568925538 ], [ 32.721951493766525, -27.424126097241494 ], [ 32.721929808414011, -27.423642749413336 ], [ 32.721585001146934, -27.423413369231618 ], [ 32.722933429334411, -27.423046989926583 ], [ 32.723740658104951, -27.42200428536945 ], [ 32.723848905003059, -27.42105543136298 ], [ 32.724229354201412, -27.420656388681312 ], [ 32.724132326345888, -27.420198766859563 ], [ 32.725194810592086, -27.419343207622866 ], [ 32.725700473298268, -27.417953027510141 ], [ 32.725808249850886, -27.41838591527771 ], [ 32.726576186341944, -27.41790453606545 ], [ 32.727788869061115, -27.418563431557065 ], [ 32.729001927696864, -27.418786092903805 ], [ 32.728309179924835, -27.418899746526051 ], [ 32.728609023787449, -27.418981636992907 ], [ 32.730434981189525, -27.419003370009474 ], [ 32.73155050115475, -27.418622481941913 ], [ 32.733059481709738, -27.418780669991843 ], [ 32.733894524712589, -27.419154959733508 ], [ 32.731037063809524, -27.419687807146545 ], [ 32.729156392553605, -27.419591006819477 ], [ 32.727646476703548, -27.419815805854704 ], [ 32.729538375995361, -27.420067947877413 ], [ 32.731454789906735, -27.419792136597742 ], [ 32.733312323405066, -27.419857823979324 ], [ 32.737622085091317, -27.421339126099731 ], [ 32.736750658216394, -27.421606643831531 ], [ 32.735880375279116, -27.42138761304783 ], [ 32.735020439941493, -27.421696535566593 ], [ 32.73427802531068, -27.421415615238377 ], [ 32.733464929363031, -27.421558998648806 ], [ 32.732537325437328, -27.421039602395666 ], [ 32.732037639625489, -27.421214616761119 ], [ 32.730807489374207, -27.420974160529067 ], [ 32.730737296389165, -27.421191418748904 ], [ 32.731629670273072, -27.421876405371759 ], [ 32.73012703083792, -27.421977019723617 ], [ 32.729744095913382, -27.421883117911548 ], [ 32.729444368962547, -27.421002569213151 ], [ 32.72911962467105, -27.420857012141376 ], [ 32.729036652319664, -27.421550463183308 ], [ 32.727770885318137, -27.421630820306074 ], [ 32.727629989432494, -27.422272398452336 ], [ 32.728245729157166, -27.422118300519088 ], [ 32.728618213959479, -27.421735996019365 ], [ 32.730647485593039, -27.422806245012172 ], [ 32.728847415176126, -27.422970433338783 ], [ 32.726978829909179, -27.422656222806346 ], [ 32.726467100376453, -27.423007194026791 ], [ 32.727477487795881, -27.422905657869755 ], [ 32.729600835710066, -27.423499880415058 ], [ 32.729122998927366, -27.424233984410776 ], [ 32.730607708578916, -27.424914249592923 ], [ 32.730659720869511, -27.424622773022499 ], [ 32.73212095102113, -27.424934327856835 ], [ 32.731655294656179, -27.426585716957234 ], [ 32.733498994782892, -27.427045410817001 ], [ 32.733718634407566, -27.426371214260051 ], [ 32.735288766163698, -27.42674010896884 ], [ 32.734559682183644, -27.428625418927862 ], [ 32.736527496846598, -27.42897217052921 ], [ 32.737092990549137, -27.42710371296598 ], [ 32.738624717656656, -27.427455345187976 ], [ 32.737649337247191, -27.430471027415901 ], [ 32.739481908263528, -27.431080468288936 ], [ 32.740183750879488, -27.428746894853234 ], [ 32.741811626305569, -27.429138673710767 ], [ 32.743596789560236, -27.423607835932806 ], [ 32.745670552454108, -27.420807055700987 ], [ 32.746037534304875, -27.419449859123603 ], [ 32.746832843461014, -27.418831406144424 ], [ 32.747960940445104, -27.417327985198302 ], [ 32.748659386321719, -27.415646659465732 ], [ 32.7485633621095, -27.414229576133973 ], [ 32.748299943487652, -27.413697757545417 ], [ 32.74740994561256, -27.412338272193455 ], [ 32.746343233653377, -27.411491575775603 ], [ 32.745789215300086, -27.410072265722423 ], [ 32.745174909994169, -27.409636346340253 ], [ 32.744465758587907, -27.410059491752101 ], [ 32.744417444309683, -27.410877260577049 ], [ 32.745099440686708, -27.412172583797645 ], [ 32.743915627104606, -27.412004769404533 ], [ 32.743866891943625, -27.412998528359388 ], [ 32.743267232097132, -27.413282051325528 ], [ 32.743033548659405, -27.413923476587126 ], [ 32.742037071953376, -27.413072733219973 ], [ 32.741490583623644, -27.413423705339728 ], [ 32.741581279352609, -27.414365963718176 ], [ 32.742984866558444, -27.41488618734763 ], [ 32.741069492263357, -27.414768755673457 ], [ 32.739642508295169, -27.414320955347719 ], [ 32.739409346464249, -27.414734606616754 ], [ 32.739524980393611, -27.414931524869949 ], [ 32.741054716402168, -27.416124924325743 ], [ 32.740439341802265, -27.416144481882295 ], [ 32.739209690674762, -27.415707389784174 ], [ 32.738696316282052, -27.416778865452166 ], [ 32.737315442353903, -27.416465698133397 ], [ 32.736687336951107, -27.416951068536935 ], [ 32.735848767706536, -27.416607853969253 ], [ 32.736576470327932, -27.418182820480755 ], [ 32.737330140873432, -27.418608702529585 ], [ 32.738049878199362, -27.418651467990792 ], [ 32.738267838789831, -27.419774040439552 ], [ 32.737244100035284, -27.420621017445963 ], [ 32.736884441363969, -27.420506468998322 ], [ 32.7369208432224, -27.419843972621219 ], [ 32.736504832132368, -27.419014976659788 ], [ 32.735646257468908, -27.418764891386552 ], [ 32.735717035013195, -27.418288807382506 ], [ 32.735055038659148, -27.418380729786801 ], [ 32.734287386353856, -27.418948646262947 ], [ 32.73405542511788, -27.41884468913107 ], [ 32.734010477001959, -27.418223450052146 ], [ 32.73366249243012, -27.418088205506244 ], [ 32.730025815738884, -27.418686608999703 ], [ 32.730846767264545, -27.418202935616915 ], [ 32.731009537360322, -27.417220931700541 ], [ 32.732590827005168, -27.41460038100271 ], [ 32.731238540726103, -27.416363266251658 ], [ 32.730610875991225, -27.418146445601941 ], [ 32.729962287629562, -27.418571206196173 ], [ 32.727928395279285, -27.418480866598628 ], [ 32.727326614831476, -27.418253786882701 ], [ 32.727059994623112, -27.417802632985047 ], [ 32.726357794976309, -27.417771902251445 ], [ 32.727106881077781, -27.41581984041326 ], [ 32.727153950394602, -27.414871243313168 ], [ 32.726916674165231, -27.415006313390634 ], [ 32.726823504401253, -27.415219002155169 ], [ 32.726773476914488, -27.415206989910548 ], [ 32.726913442001774, -27.414719748917204 ], [ 32.727447034653011, -27.414457944878233 ], [ 32.728125846230895, -27.41362639094514 ], [ 32.728216701739477, -27.412972175525443 ], [ 32.728648846667021, -27.412832215834044 ], [ 32.728327774307431, -27.412688201099545 ], [ 32.728387667357026, -27.411685251972724 ], [ 32.72893280760308, -27.41102966868419 ], [ 32.729200355911772, -27.409477684347628 ], [ 32.729630276815946, -27.409343900300705 ], [ 32.72880189419211, -27.409282856118871 ], [ 32.727907724362062, -27.409553402767315 ], [ 32.72648001104379, -27.410544267703738 ], [ 32.726290009476415, -27.411111819954467 ], [ 32.726573681730073, -27.41195653786388 ], [ 32.726591742814712, -27.412432185696783 ], [ 32.726315056494776, -27.41266448237992 ], [ 32.726624033872092, -27.412887321792432 ], [ 32.726237168010947, -27.412867233635875 ], [ 32.725523519095191, -27.41370514907333 ], [ 32.725381607874958, -27.414320381580314 ], [ 32.725732017918332, -27.414640310002252 ], [ 32.725340797539822, -27.414496726042994 ], [ 32.725726303626075, -27.414819667193857 ], [ 32.725246070150099, -27.414749125271896 ], [ 32.724126109332573, -27.415838323879477 ], [ 32.723633848323566, -27.415806581408532 ], [ 32.723459300706246, -27.415295224195184 ], [ 32.72303552756761, -27.415252600826783 ], [ 32.722921734550503, -27.414609084641487 ], [ 32.722074566887841, -27.414855903577074 ], [ 32.721937607334816, -27.414679322592594 ], [ 32.722018169502974, -27.412806209239125 ], [ 32.721608443774706, -27.414621319917927 ], [ 32.721310593709035, -27.413433462084559 ], [ 32.721622800551906, -27.415799024405441 ], [ 32.721450777331583, -27.415864395225654 ], [ 32.720958780723208, -27.413859620225253 ], [ 32.720967024808409, -27.411570791658683 ], [ 32.723726028833205, -27.411576285617038 ], [ 32.725636697875345, -27.407748949954051 ], [ 32.725681592931238, -27.408496394492907 ], [ 32.725785951160788, -27.407357155808 ], [ 32.726720740669705, -27.407639093269488 ], [ 32.726666576301525, -27.407789140656249 ], [ 32.72797952803289, -27.408303767804558 ], [ 32.728229972135594, -27.408615388289462 ], [ 32.728802982371811, -27.407675775716388 ], [ 32.729650431522302, -27.408132632215157 ], [ 32.729154110074198, -27.408933076500258 ], [ 32.729736884249895, -27.409174947365912 ], [ 32.72922439119278, -27.410134181347335 ], [ 32.729584633524048, -27.40992555751842 ], [ 32.731105298970462, -27.405574793042181 ], [ 32.731081731336907, -27.404717149176996 ], [ 32.731829557188362, -27.403004610674177 ], [ 32.732116478692625, -27.400999037075835 ], [ 32.73526944962542, -27.392071984234601 ], [ 32.733660315171477, -27.392131801741176 ], [ 32.733681518487387, -27.391302852544587 ], [ 32.736269233138685, -27.382704667386431 ], [ 32.737249436612309, -27.380208057655679 ], [ 32.737535285225349, -27.37858496392488 ], [ 32.738236826568382, -27.3773570574822 ], [ 32.738428328204911, -27.377479793357693 ], [ 32.738148992482095, -27.377820899914546 ], [ 32.73866041264796, -27.377500938217693 ], [ 32.73933702928052, -27.377500163901324 ], [ 32.739638029671418, -27.377821646351826 ], [ 32.73998634159647, -27.377770537879975 ], [ 32.740086638487625, -27.378072981682667 ], [ 32.741085365297423, -27.377523726139007 ], [ 32.743018008374484, -27.377277527735618 ], [ 32.743572459301618, -27.377253594078052 ], [ 32.743767892774088, -27.377503723418027 ], [ 32.744029022621383, -27.377595765432172 ], [ 32.743814707882521, -27.377437182579811 ], [ 32.74404891742364, -27.377062974676491 ], [ 32.749180788962278, -27.377788297691708 ], [ 32.749310669052178, -27.378129881788592 ], [ 32.748376222184959, -27.378602760608885 ], [ 32.745090199253347, -27.378846567714881 ], [ 32.74651242760649, -27.378937325497123 ], [ 32.747381016220956, -27.378697472710158 ], [ 32.749693713694043, -27.37962576911389 ], [ 32.75120564852196, -27.379695090655851 ], [ 32.752202380635424, -27.380579384131213 ], [ 32.752089745045737, -27.380862249693006 ], [ 32.75135154643673, -27.381235591549302 ], [ 32.751527765893783, -27.381727094429788 ], [ 32.750555503433837, -27.381167561433735 ], [ 32.748996491794699, -27.381272986259237 ], [ 32.748680396283341, -27.380714618784573 ], [ 32.747579158451458, -27.380637679984883 ], [ 32.746878067668717, -27.379875517141389 ], [ 32.746149552959572, -27.380082317145188 ], [ 32.744721818956833, -27.379929847884124 ], [ 32.744396260778849, -27.379438044630021 ], [ 32.743780495873253, -27.379320353951115 ], [ 32.743819157728034, -27.378754284682401 ], [ 32.744230356545799, -27.378521916053543 ], [ 32.744044369552107, -27.37822187074271 ], [ 32.743511539226247, -27.378573031719984 ], [ 32.743241056429682, -27.378497610975916 ], [ 32.743603358208468, -27.379239254887587 ], [ 32.744339044111662, -27.37997325815931 ], [ 32.746913677224519, -27.380643995024268 ], [ 32.748971877350286, -27.381832419430552 ], [ 32.751715516458006, -27.382087097541465 ], [ 32.75224666145435, -27.382492679193668 ], [ 32.7530275553775, -27.383917742209984 ], [ 32.7530075895287, -27.384492170677117 ], [ 32.752727118861557, -27.384691491918787 ], [ 32.750724959989022, -27.384687911717712 ], [ 32.749522864988322, -27.383786610263801 ], [ 32.748915859479425, -27.38391040464143 ], [ 32.7484849250393, -27.384600653197534 ], [ 32.748176837091428, -27.384625050905356 ], [ 32.747897282833364, -27.384416413586564 ], [ 32.747774786177551, -27.383698544152391 ], [ 32.746682978636628, -27.383571681288018 ], [ 32.746151894794146, -27.383146108605967 ], [ 32.745320245832716, -27.38354422948251 ], [ 32.744471108654814, -27.383434439347873 ], [ 32.744807685326514, -27.383193608997807 ], [ 32.744603201076977, -27.382818589006693 ], [ 32.744967874367937, -27.38253618119974 ], [ 32.744931088498987, -27.382286344139409 ], [ 32.743222346034521, -27.382549628762334 ], [ 32.742429486631586, -27.382323396207678 ], [ 32.743377684132959, -27.384006914487497 ], [ 32.744601061589798, -27.384956526622382 ], [ 32.745711027342111, -27.385316533331292 ], [ 32.747055111804031, -27.385343975244204 ], [ 32.747623236922919, -27.385902820258849 ], [ 32.749563246346781, -27.386580692345039 ], [ 32.747609569925807, -27.386577154412141 ], [ 32.746947721959828, -27.386184662392218 ], [ 32.745715580609613, -27.386182404194525 ], [ 32.744372424248013, -27.385747019009646 ], [ 32.743794912005619, -27.385218161888602 ], [ 32.743731236407484, -27.384493715712338 ], [ 32.742665966061494, -27.384999637423281 ], [ 32.743484844649927, -27.386108452942697 ], [ 32.743185009780426, -27.386599108661883 ], [ 32.743996075958236, -27.387040102019039 ], [ 32.743809174353942, -27.387139672258002 ], [ 32.745647733056529, -27.387276245102619 ], [ 32.743788796615718, -27.387880612000565 ], [ 32.744936826173614, -27.387932667458575 ], [ 32.74707307396325, -27.388536000136217 ], [ 32.747399104285314, -27.388827988420871 ], [ 32.747295622894725, -27.38918579898537 ], [ 32.748060498992935, -27.389436952653181 ], [ 32.748143873341157, -27.389711843926424 ], [ 32.746631899842356, -27.389600860391333 ], [ 32.746250541429433, -27.389000723904235 ], [ 32.744575230362685, -27.388906086446713 ], [ 32.74430567656578, -27.388406071482947 ], [ 32.743306370592578, -27.388620683897386 ], [ 32.743036073955693, -27.388445349373356 ], [ 32.743018962555141, -27.387770958562832 ], [ 32.742533227926181, -27.387919910575341 ], [ 32.741535026320435, -27.387659989416957 ], [ 32.740115155090422, -27.388106930890107 ], [ 32.741506257008282, -27.388001286630018 ], [ 32.742471581198593, -27.38833105183652 ], [ 32.743337944890278, -27.389090281091587 ], [ 32.746882316066099, -27.390320615703779 ], [ 32.747264295910547, -27.390637686080275 ], [ 32.746516139108579, -27.391244079150912 ], [ 32.745901087365311, -27.390785048990796 ], [ 32.745318697200162, -27.39075070028457 ], [ 32.743572810037264, -27.390872387550601 ], [ 32.742722134119262, -27.391395314542095 ], [ 32.740717056946671, -27.39058404511751 ], [ 32.742629940119699, -27.391706494359191 ], [ 32.743441951484883, -27.391757932882211 ], [ 32.744367252246988, -27.391260110465673 ], [ 32.74464666441208, -27.391535363266382 ], [ 32.746587683774663, -27.391813652178254 ], [ 32.746726965377214, -27.39213027469237 ], [ 32.745967344017771, -27.393658225546606 ], [ 32.745622564629727, -27.39339117995894 ], [ 32.745640369407596, -27.393774190426463 ], [ 32.746125032044631, -27.39409977558411 ], [ 32.744854246826087, -27.394630273967906 ], [ 32.744696371740211, -27.394271987662091 ], [ 32.744239067379148, -27.394221206543438 ], [ 32.743547643409038, -27.394494669693149 ], [ 32.742840538859809, -27.393469336440653 ], [ 32.742931988220725, -27.394293736866359 ], [ 32.742315525441249, -27.394442464947765 ], [ 32.742314773608001, -27.394775481203396 ], [ 32.74298589538288, -27.395209631619089 ], [ 32.744013373518442, -27.394945121220289 ], [ 32.744955211014194, -27.395388109273764 ], [ 32.744982510834262, -27.395687881190735 ], [ 32.741093191197898, -27.396617285559241 ], [ 32.738852846881478, -27.396571481288788 ], [ 32.740279501697714, -27.397273474091477 ], [ 32.741475390476971, -27.396859439711324 ], [ 32.74255695473969, -27.397435902444897 ], [ 32.745047576784351, -27.397835886716727 ], [ 32.746037996556453, -27.397454714463425 ], [ 32.746540798519142, -27.398030091715338 ], [ 32.747464889692964, -27.398081728988522 ], [ 32.747986571123448, -27.398565554356789 ], [ 32.747609281243435, -27.400263289119415 ], [ 32.747319690551308, -27.400346021351744 ], [ 32.747290225163802, -27.400995362446004 ], [ 32.748697019352029, -27.402262460444156 ], [ 32.748153627388049, -27.403119016129629 ], [ 32.748741048360728, -27.403444777554355 ], [ 32.74921026244369, -27.404416315160738 ], [ 32.748826598169067, -27.404806908711823 ], [ 32.748453296782259, -27.404747978836102 ], [ 32.74858158866946, -27.40582221002693 ], [ 32.748939967605452, -27.406056803578569 ], [ 32.74723893772682, -27.41162088479593 ], [ 32.750306523427341, -27.411626411129941 ], [ 32.714334747750492, -27.53542569274147 ], [ 32.713464498088179, -27.53251218518912 ], [ 32.713455632571453, -27.531580565790403 ], [ 32.713921985911036, -27.530347789518824 ], [ 32.714223978254061, -27.52823468488274 ], [ 32.71484881641986, -27.526862488512997 ], [ 32.716566030497987, -27.524581075755968 ], [ 32.717733863127286, -27.520666959112834 ], [ 32.718819962671226, -27.511096351415443 ], [ 32.71857151956003, -27.511080763466364 ], [ 32.717953918238777, -27.511880177128422 ], [ 32.716777086093764, -27.512738864207144 ], [ 32.716796031211899, -27.511963408484483 ], [ 32.717861650494868, -27.50821525992621 ], [ 32.718472702952909, -27.504427153590225 ], [ 32.720632640683846, -27.498839381532171 ], [ 32.720919859863699, -27.494379835960611 ], [ 32.720694942117909, -27.493200657484291 ], [ 32.720393109854164, -27.495218451070631 ], [ 32.716946291738019, -27.494687349241726 ], [ 32.716173480921483, -27.494919263712998 ], [ 32.715407313396831, -27.495798495803914 ], [ 32.713420344972967, -27.501587640457213 ], [ 32.708528303738291, -27.518555128816082 ], [ 32.707617008118504, -27.520942943961636 ], [ 32.706929362200391, -27.521482364519429 ], [ 32.706715231822578, -27.520979450141457 ], [ 32.706961191905528, -27.519479204701458 ], [ 32.708393963910332, -27.514181868698245 ], [ 32.70887857618537, -27.511417810483547 ], [ 32.710743165764534, -27.506320130269714 ], [ 32.710641187141114, -27.504757075278743 ], [ 32.710449668417539, -27.504478843923433 ], [ 32.710138038939441, -27.504507761623898 ], [ 32.709697186775855, -27.507045074670405 ], [ 32.708508625672657, -27.509671677805631 ], [ 32.70779003947878, -27.51192096228257 ], [ 32.7074118125052, -27.514552973041244 ], [ 32.706687851063549, -27.515053191251713 ], [ 32.706251907399654, -27.515696607612274 ], [ 32.705813653377476, -27.520319155304737 ], [ 32.704477728464454, -27.52402946039124 ], [ 32.703846558172238, -27.525141667254079 ], [ 32.702547988398962, -27.530946868403198 ], [ 32.702544941495923, -27.532075215398795 ], [ 32.701899225568852, -27.533013747886109 ], [ 32.701557455312368, -27.534351192653418 ], [ 32.701618237791514, -27.535169344589512 ], [ 32.701026338194985, -27.536435309441881 ], [ 32.701252246094342, -27.53705776890078 ], [ 32.700982748055431, -27.53697242503732 ], [ 32.700786431448698, -27.537287877533458 ], [ 32.700406755667316, -27.538521318404079 ], [ 32.70053545404803, -27.539084999972712 ], [ 32.700198621069561, -27.539446718990838 ], [ 32.69976394185251, -27.54079692154064 ], [ 32.699883930299222, -27.541582536904514 ], [ 32.699682303195821, -27.542720455384654 ], [ 32.697634631433104, -27.546176867468386 ], [ 32.696695773391347, -27.549928785984612 ], [ 32.696626772008003, -27.55066406809221 ], [ 32.69757600552829, -27.550907684541993 ], [ 32.696716382255268, -27.551290477373552 ], [ 32.698398465217053, -27.551075629336754 ], [ 32.700105074489649, -27.550371893647938 ], [ 32.702869557184435, -27.550801190422483 ], [ 32.706087722670347, -27.550302909351743 ], [ 32.705701493529148, -27.550020929622185 ], [ 32.705015630966692, -27.550348051721205 ], [ 32.701400287093655, -27.54987646432728 ], [ 32.699585303219266, -27.549970640432647 ], [ 32.699723398616023, -27.549773130425574 ], [ 32.702227194829234, -27.549615014321422 ], [ 32.702759737372048, -27.54936155209387 ], [ 32.702901818564079, -27.549031635801303 ], [ 32.702722437090863, -27.548908654410802 ], [ 32.70000773456939, -27.549067931539753 ], [ 32.70193818240125, -27.548320501389931 ], [ 32.704236010483541, -27.548358081360306 ], [ 32.706232287789888, -27.548693771300478 ], [ 32.708277787689831, -27.549495453052639 ], [ 32.707915654084211, -27.549120733435068 ], [ 32.706615782992081, -27.548619803860795 ], [ 32.703941947462972, -27.547907905925033 ], [ 32.701645718375254, -27.547956954949509 ], [ 32.700345005517669, -27.548460943117927 ], [ 32.699820982252596, -27.548281612006747 ], [ 32.702289875777161, -27.547453590910468 ], [ 32.70432446330345, -27.547518420338797 ], [ 32.705173589689466, -27.547165484999095 ], [ 32.702668859980001, -27.547011407750219 ], [ 32.701522026520415, -27.547582730858334 ], [ 32.700600064041787, -27.547732785439688 ], [ 32.700060945656162, -27.547708727675531 ], [ 32.699799482160437, -27.547423715432068 ], [ 32.701080661743227, -27.547359444482701 ], [ 32.70469687975725, -27.546439043227206 ], [ 32.705442062501241, -27.546463916676341 ], [ 32.705434080118785, -27.547124026252774 ], [ 32.705760405418403, -27.547312007942786 ], [ 32.706673935853537, -27.54479107334932 ], [ 32.708703062696287, -27.545391556075391 ], [ 32.709386500686541, -27.545292534422853 ], [ 32.709094816372762, -27.545053345335592 ], [ 32.706699040428461, -27.544635695680764 ], [ 32.706853285850521, -27.543993566250055 ], [ 32.709663261650228, -27.544786691852281 ], [ 32.709535010232571, -27.544419695612433 ], [ 32.709141153041941, -27.544215809412048 ], [ 32.706978627062036, -27.543593120625971 ], [ 32.707145114955175, -27.543105321153611 ], [ 32.709724522568699, -27.543730987594984 ], [ 32.709122125185964, -27.543359145807891 ], [ 32.707189572940479, -27.542853260069887 ], [ 32.707539587282191, -27.541785419461501 ], [ 32.709797749866333, -27.54226561066934 ], [ 32.710037883241782, -27.542112223200458 ], [ 32.709859437962734, -27.541892410905952 ], [ 32.707663843012, -27.541446784241643 ], [ 32.707719357262597, -27.540589301355094 ], [ 32.705647900230503, -27.539592794971405 ], [ 32.703484237507595, -27.539059617507299 ], [ 32.705723343457564, -27.539322436281324 ], [ 32.709451001862305, -27.541215134171075 ], [ 32.708294397268702, -27.540291340672795 ], [ 32.706935255457729, -27.539612162771054 ], [ 32.706284613044517, -27.538930821999763 ], [ 32.704768882178215, -27.538336604850361 ], [ 32.704802268609846, -27.538076556887511 ], [ 32.705802855217691, -27.538394986139707 ], [ 32.707731078126841, -27.53969292189074 ], [ 32.709390395650338, -27.540291569100614 ], [ 32.709635740596966, -27.540196341687757 ], [ 32.706986055462203, -27.538940626408767 ], [ 32.705750883396639, -27.537739870498537 ], [ 32.703833656498112, -27.536724962187243 ], [ 32.705889038148669, -27.537586174562264 ], [ 32.70663358237401, -27.538070042198601 ], [ 32.706870171521281, -27.538632397267261 ], [ 32.707877987778929, -27.538867580774184 ], [ 32.705933136405228, -27.536793931194918 ], [ 32.704551691407481, -27.535751014397771 ], [ 32.704683154304163, -27.535478688890358 ], [ 32.706380360265513, -27.536732458036457 ], [ 32.707133728638723, -27.537836445095838 ], [ 32.708256123021734, -27.538439697733779 ], [ 32.708592425400212, -27.538373804407488 ], [ 32.70852109567214, -27.537974625028838 ], [ 32.70516660645378, -27.534500068223508 ], [ 32.70504203775991, -27.533954586235083 ], [ 32.705833977156402, -27.534599316505172 ], [ 32.706049500584051, -27.535188170997227 ], [ 32.70750767573869, -27.53679102368676 ], [ 32.708936133695701, -27.537667718790146 ], [ 32.708640623665971, -27.539057379094743 ], [ 32.708944908380886, -27.538882136301449 ], [ 32.709221748484936, -27.537746426556286 ], [ 32.711678118950118, -27.538286557578544 ], [ 32.711263652895326, -27.537899350874241 ], [ 32.709727882435871, -27.537676424227509 ], [ 32.708699819740957, -27.537154014346246 ], [ 32.708621149746314, -27.536899987344494 ], [ 32.708840578929674, -27.536894217294275 ], [ 32.709938140332945, -27.537366112256237 ], [ 32.711494115860852, -27.537688114514836 ], [ 32.711924226521916, -27.537579516881188 ], [ 32.711596431730037, -27.537227852283511 ], [ 32.709698828937846, -27.537017815619663 ], [ 32.708678217126099, -27.536416738441687 ], [ 32.710333276359677, -27.536822711299042 ], [ 32.710998050719553, -27.536756467237108 ], [ 32.709044439948975, -27.53587411090145 ], [ 32.708780265896614, -27.534705463486301 ], [ 32.709586918201779, -27.53150473225751 ], [ 32.710296655966019, -27.530124772040516 ], [ 32.710881954538678, -27.530058380489827 ], [ 32.712469307412661, -27.530750134511006 ], [ 32.711401267154855, -27.535019180290877 ], [ 32.712182198849518, -27.536726365129557 ], [ 32.71208485892916, -27.537858724000827 ], [ 32.710719727633368, -27.541240216262867 ], [ 32.708898170614141, -27.548387687941407 ], [ 32.707356028458008, -27.552869784912588 ], [ 32.70687658368746, -27.557224946174287 ], [ 32.706397513034844, -27.558184340235091 ], [ 32.704553990074636, -27.559706131632623 ], [ 32.7039028944031, -27.560771326435528 ], [ 32.702686703428718, -27.564438105234359 ], [ 32.700922159829915, -27.568441782662099 ], [ 32.704724643627465, -27.568449917929343 ], [ 32.706338965370989, -27.569272229229966 ], [ 32.706319846683684, -27.576453682691238 ], [ 32.700550082420477, -27.594286689379135 ], [ 32.693382244004006, -27.62 ], [ 32.676606718496267, -27.62 ], [ 32.676715117308845, -27.619369878417054 ], [ 32.67638988388201, -27.62 ], [ 32.673608144307558, -27.62 ], [ 32.673099060273472, -27.619550758160919 ], [ 32.672608190278623, -27.62 ], [ 32.656203041249142, -27.62 ] ], [ [ 32.710340739833363, -27.451404409985511 ], [ 32.71032867183078, -27.451429671941714 ], [ 32.710349391311397, -27.45143166483939 ], [ 32.710340739833363, -27.451404409985511 ] ], [ [ 32.718252697304244, -27.428457046955092 ], [ 32.718227215014004, -27.428431472934108 ], [ 32.718236332340894, -27.428458837505218 ], [ 32.718252697304244, -27.428457046955092 ] ], [ [ 32.71796632348709, -27.428779850509688 ], [ 32.71801121944231, -27.428798159807176 ], [ 32.718013358929419, -27.428764462210086 ], [ 32.71796632348709, -27.428779850509688 ] ], [ [ 32.720855338003503, -27.426127271356428 ], [ 32.720803807749569, -27.426116280741692 ], [ 32.720799682559367, -27.426139266513864 ], [ 32.720855338003503, -27.426127271356428 ] ], [ [ 32.692589310648209, -27.508917822899146 ], [ 32.692640554917709, -27.508921050565959 ], [ 32.692624340141229, -27.508889878265244 ], [ 32.692589310648209, -27.508917822899146 ] ], [ [ 32.717892600663042, -27.428835285619837 ], [ 32.717941629003043, -27.428836296457849 ], [ 32.717909026780198, -27.428801607807831 ], [ 32.717892600663042, -27.428835285619837 ] ], [ [ 32.724961800746541, -27.414214511590409 ], [ 32.725016656693406, -27.414237144828348 ], [ 32.724960759331623, -27.414190025749036 ], [ 32.724961800746541, -27.414214511590409 ] ], [ [ 32.717910825424369, -27.428893643526791 ], [ 32.717856656559483, -27.428897181459689 ], [ 32.717907714669359, -27.428915503347721 ], [ 32.717910825424369, -27.428893643526791 ] ], [ [ 32.692840958043831, -27.508936035969207 ], [ 32.692808279378696, -27.50895257540099 ], [ 32.692812860525123, -27.508983731513982 ], [ 32.692840958043831, -27.508936035969207 ] ], [ [ 32.691265040948949, -27.509211973153963 ], [ 32.691342110150273, -27.50921287607331 ], [ 32.691224436558585, -27.509187724733717 ], [ 32.691265040948949, -27.509211973153963 ] ], [ [ 32.725269924667359, -27.414598274790471 ], [ 32.725216879055779, -27.414637189354796 ], [ 32.725224911800332, -27.414645411856178 ], [ 32.725269924667359, -27.414598274790471 ] ], [ [ 32.705919931659579, -27.555967635497979 ], [ 32.705967914987383, -27.555948471844395 ], [ 32.705923349982648, -27.555942371743029 ], [ 32.705919931659579, -27.555967635497979 ] ], [ [ 32.719509887471382, -27.425108973500301 ], [ 32.719455461400457, -27.425094979149954 ], [ 32.719464485197896, -27.425111193926362 ], [ 32.719509887471382, -27.425108973500301 ] ], [ [ 32.718375086041426, -27.428553893147541 ], [ 32.718297534803469, -27.428501799018743 ], [ 32.71827911219134, -27.428520891625755 ], [ 32.718375086041426, -27.428553893147541 ] ], [ [ 32.692600655595839, -27.5090064106173 ], [ 32.69269835164765, -27.509072033247673 ], [ 32.692601848096835, -27.508988764120158 ], [ 32.692600655595839, -27.5090064106173 ] ], [ [ 32.685467319461331, -27.513826761495814 ], [ 32.685488607313381, -27.513875037103229 ], [ 32.685514578834791, -27.513861030162388 ], [ 32.685467319461331, -27.513826761495814 ] ], [ [ 32.724253134074957, -27.420459500105796 ], [ 32.724197259196231, -27.420422600922183 ], [ 32.724233970421459, -27.420468652506255 ], [ 32.724253134074957, -27.420459500105796 ] ], [ [ 32.721062745949041, -27.422874396536127 ], [ 32.72100545104081, -27.422902924830009 ], [ 32.721066909810084, -27.422884353829815 ], [ 32.721062745949041, -27.422874396536127 ] ], [ [ 32.725155121711566, -27.414076846069513 ], [ 32.725175987781654, -27.414132309958109 ], [ 32.725232221489897, -27.414145899613533 ], [ 32.725155121711566, -27.414076846069513 ] ], [ [ 32.719376984760139, -27.427771811220051 ], [ 32.719406077828303, -27.42783375652262 ], [ 32.719452395611597, -27.42780995236734 ], [ 32.719376984760139, -27.427771811220051 ] ], [ [ 32.716203214307001, -27.432734301746546 ], [ 32.716244005756309, -27.432791493232752 ], [ 32.71626376835831, -27.432715373715503 ], [ 32.716203214307001, -27.432734301746546 ] ], [ [ 32.725122187638867, -27.414202093751555 ], [ 32.725067196793738, -27.414238224014749 ], [ 32.725107775103808, -27.414257885892631 ], [ 32.725122187638867, -27.414202093751555 ] ], [ [ 32.71058325551288, -27.452197155174513 ], [ 32.710548534487344, -27.452119271187328 ], [ 32.710499363155108, -27.452146397438231 ], [ 32.71058325551288, -27.452197155174513 ] ], [ [ 32.71635798942971, -27.431689135744989 ], [ 32.716415647664085, -27.431765846116811 ], [ 32.716455432772094, -27.431709944258454 ], [ 32.71635798942971, -27.431689135744989 ] ], [ [ 32.709108897057995, -27.455825543713864 ], [ 32.709185200036963, -27.455795974004932 ], [ 32.709100996513875, -27.455812788629245 ], [ 32.709108897057995, -27.455825543713864 ] ], [ [ 32.716303311548693, -27.432572049660358 ], [ 32.716265864677993, -27.432603706695648 ], [ 32.716329811871418, -27.432646683497566 ], [ 32.716303311548693, -27.432572049660358 ] ], [ [ 32.721792444166006, -27.426333895093126 ], [ 32.72172365412338, -27.426350468699074 ], [ 32.72177499911696, -27.426439776774263 ], [ 32.721792444166006, -27.426333895093126 ] ], [ [ 32.718339741785734, -27.428389787558583 ], [ 32.718439852517236, -27.428399099139064 ], [ 32.718381737427357, -27.428347052674237 ], [ 32.718339741785734, -27.428389787558583 ] ], [ [ 32.725075689091895, -27.413935109317762 ], [ 32.725000848410545, -27.413984399360498 ], [ 32.725089047621516, -27.413974082337958 ], [ 32.725075689091895, -27.413935109317762 ] ], [ [ 32.716184478730774, -27.432416317658873 ], [ 32.71618789525521, -27.432479790010195 ], [ 32.71623412040843, -27.4324973258908 ], [ 32.716184478730774, -27.432416317658873 ] ], [ [ 32.722067401989086, -27.426528481404237 ], [ 32.722011414695125, -27.426414102928415 ], [ 32.721964495265297, -27.426432119946362 ], [ 32.721954973243541, -27.426493418636309 ], [ 32.722067401989086, -27.426528481404237 ] ], [ [ 32.706573747780311, -27.55326982404311 ], [ 32.706664982203215, -27.553280443237835 ], [ 32.706576175949792, -27.553230204410319 ], [ 32.706573747780311, -27.55326982404311 ] ], [ [ 32.691083674671901, -27.50889494054897 ], [ 32.691199731282595, -27.508889889057095 ], [ 32.691066789001177, -27.508872251553083 ], [ 32.691083674671901, -27.50889494054897 ] ], [ [ 32.726252961005393, -27.411290151918951 ], [ 32.726335750794334, -27.411314951623694 ], [ 32.726295542105603, -27.411252344420092 ], [ 32.726252961005393, -27.411290151918951 ] ], [ [ 32.709132577106814, -27.455877983182329 ], [ 32.70934030880823, -27.45599164489845 ], [ 32.70935619982879, -27.455983201163711 ], [ 32.709132577106814, -27.455877983182329 ] ], [ [ 32.691177160997277, -27.509125693096216 ], [ 32.691338153133337, -27.509113231190625 ], [ 32.691117996398461, -27.509076504676884 ], [ 32.691177160997277, -27.509125693096216 ] ], [ [ 32.718623360080095, -27.443027607338145 ], [ 32.718441416438274, -27.442913613772159 ], [ 32.718412007708032, -27.442946515469259 ], [ 32.718623360080095, -27.443027607338145 ] ], [ [ 32.692418290172021, -27.50935113604606 ], [ 32.692575858589109, -27.509353759368476 ], [ 32.692404041313523, -27.509297514868358 ], [ 32.692418290172021, -27.50935113604606 ] ], [ [ 32.692057989384786, -27.509096566753044 ], [ 32.691907997755983, -27.508972679745323 ], [ 32.691883508317311, -27.508986130905122 ], [ 32.692057989384786, -27.509096566753044 ] ], [ [ 32.71960179548654, -27.427619146806133 ], [ 32.71966749455931, -27.427641000331803 ], [ 32.719686005304943, -27.427546568819015 ], [ 32.71960179548654, -27.427619146806133 ] ], [ [ 32.708259268850227, -27.456114627188207 ], [ 32.708245054165999, -27.456086285953305 ], [ 32.708089650417087, -27.456001025726678 ], [ 32.708259268850227, -27.456114627188207 ] ], [ [ 32.691244170382213, -27.509060617253624 ], [ 32.691146080427345, -27.508994722128715 ], [ 32.69091068917708, -27.508945891639517 ], [ 32.691244170382213, -27.509060617253624 ] ], [ [ 32.682467639769811, -27.536508713006622 ], [ 32.682413366583667, -27.536459342024926 ], [ 32.682396163452232, -27.536535840156805 ], [ 32.682467639769811, -27.536508713006622 ] ], [ [ 32.692537392786519, -27.509126709330125 ], [ 32.692458122044741, -27.509134858087194 ], [ 32.692680635003349, -27.509158190098315 ], [ 32.692537392786519, -27.509126709330125 ] ], [ [ 32.721443321052533, -27.424663913408782 ], [ 32.721526557804459, -27.424651034217774 ], [ 32.721454453760153, -27.424597877989608 ], [ 32.721443321052533, -27.424663913408782 ] ], [ [ 32.702600055548189, -27.489326683879305 ], [ 32.702568164689112, -27.489416598097456 ], [ 32.702691935684385, -27.489347031939925 ], [ 32.702600055548189, -27.489326683879305 ] ], [ [ 32.693817304325194, -27.528820702913052 ], [ 32.693927058487027, -27.528795151375128 ], [ 32.693843412543558, -27.528743391793991 ], [ 32.693817304325194, -27.528820702913052 ] ], [ [ 32.710304837098576, -27.476456743284029 ], [ 32.710227272370837, -27.476479955685328 ], [ 32.710270132260867, -27.476517401656743 ], [ 32.710304837098576, -27.476456743284029 ] ], [ [ 32.686291064281235, -27.511104216886078 ], [ 32.686457226619794, -27.511054946628477 ], [ 32.68644654447251, -27.510969266418432 ], [ 32.686291064281235, -27.511104216886078 ] ], [ [ 32.717394875373301, -27.447578499747923 ], [ 32.717265378394586, -27.447601836255661 ], [ 32.71731261168771, -27.447639144630813 ], [ 32.717394875373301, -27.447578499747923 ] ], [ [ 32.687479453613996, -27.505571398800935 ], [ 32.687622446718635, -27.505556282096656 ], [ 32.687458921192338, -27.505556881045152 ], [ 32.687479453613996, -27.505571398800935 ] ], [ [ 32.715947963327956, -27.433044771998606 ], [ 32.716100805807564, -27.433124430348141 ], [ 32.715926826561819, -27.432955882108217 ], [ 32.715947963327956, -27.433044771998606 ] ], [ [ 32.704006608718096, -27.495521993844861 ], [ 32.703913532483568, -27.495562836555575 ], [ 32.704053416631957, -27.495557816539893 ], [ 32.704006608718096, -27.495521993844861 ] ], [ [ 32.691287709260486, -27.508505799403043 ], [ 32.691157102518332, -27.508489250078821 ], [ 32.691415211542861, -27.508618731768994 ], [ 32.691287709260486, -27.508505799403043 ] ], [ [ 32.721990364263988, -27.427688990854246 ], [ 32.722023567233904, -27.427641850191232 ], [ 32.721929323679404, -27.427619553299671 ], [ 32.721990364263988, -27.427688990854246 ] ], [ [ 32.691048553448006, -27.508630448136614 ], [ 32.691007967943435, -27.508577789233517 ], [ 32.690852390625381, -27.508449761747062 ], [ 32.691048553448006, -27.508630448136614 ] ], [ [ 32.719762371236513, -27.427693307599977 ], [ 32.719785813864291, -27.427572831720763 ], [ 32.719734549809708, -27.42762050478245 ], [ 32.719762371236513, -27.427693307599977 ] ], [ [ 32.691448633947367, -27.508726457060256 ], [ 32.691220100027671, -27.508568233936799 ], [ 32.691182154033264, -27.508581935108143 ], [ 32.691448633947367, -27.508726457060256 ] ], [ [ 32.686935458204893, -27.505666539878835 ], [ 32.68700299279395, -27.505554484351936 ], [ 32.686856193758416, -27.505597749836237 ], [ 32.686935458204893, -27.505666539878835 ] ], [ [ 32.685274665793266, -27.514772145018416 ], [ 32.685035045031334, -27.514658366390449 ], [ 32.684950741683458, -27.514665108607844 ], [ 32.685137242190059, -27.514757967206346 ], [ 32.685274665793266, -27.514772145018416 ] ], [ [ 32.705748106290116, -27.556142979914576 ], [ 32.705859468439776, -27.556173422865097 ], [ 32.705728850006516, -27.556091106119567 ], [ 32.705748106290116, -27.556142979914576 ] ], [ [ 32.692901759408691, -27.50974348687236 ], [ 32.692925130090721, -27.509797606274411 ], [ 32.69297959753046, -27.509803242325752 ], [ 32.692901759408691, -27.50974348687236 ] ], [ [ 32.716626837258794, -27.430699531658025 ], [ 32.716500457330291, -27.43075811979131 ], [ 32.716539026554869, -27.430797731330149 ], [ 32.716626837258794, -27.430699531658025 ] ], [ [ 32.681748508586892, -27.538401940597044 ], [ 32.681661731204009, -27.538494701169505 ], [ 32.681739357985002, -27.538498833554282 ], [ 32.681748508586892, -27.538401940597044 ] ], [ [ 32.686226196182105, -27.513597348938418 ], [ 32.686529676003779, -27.513593410807239 ], [ 32.686254755053014, -27.513581234886029 ], [ 32.686226196182105, -27.513597348938418 ] ], [ [ 32.716625502664897, -27.430775612504437 ], [ 32.71664343514648, -27.430889229254511 ], [ 32.716657159700262, -27.430851728424479 ], [ 32.716625502664897, -27.430775612504437 ] ], [ [ 32.716161706997248, -27.432969039189732 ], [ 32.716367919743746, -27.433045619159955 ], [ 32.716453362532725, -27.433031519588873 ], [ 32.716161706997248, -27.432969039189732 ] ], [ [ 32.716635118216196, -27.430562381448688 ], [ 32.716770290816363, -27.430626538184107 ], [ 32.716569287842404, -27.430500379488841 ], [ 32.716635118216196, -27.430562381448688 ] ], [ [ 32.717113146554553, -27.447787422151766 ], [ 32.716847230515341, -27.447627980446846 ], [ 32.716759471072848, -27.447495091225449 ], [ 32.716796614871953, -27.447623391206484 ], [ 32.716957304835795, -27.447732928631702 ], [ 32.717077706071386, -27.447788253125339 ], [ 32.717113146554553, -27.447787422151766 ] ], [ [ 32.708811762852633, -27.454529161091806 ], [ 32.709027352830084, -27.454666927336795 ], [ 32.709319466120533, -27.454683091751207 ], [ 32.708811762852633, -27.454529161091806 ] ], [ [ 32.71654478311531, -27.432780409987924 ], [ 32.716405730839938, -27.432883262752313 ], [ 32.716439477899655, -27.432905540758018 ], [ 32.71654478311531, -27.432780409987924 ] ], [ [ 32.68177391623334, -27.538827234489254 ], [ 32.681709803564658, -27.538744031911484 ], [ 32.681671751450224, -27.538864584233089 ], [ 32.68177391623334, -27.538827234489254 ] ], [ [ 32.70669259498731, -27.485823958508821 ], [ 32.706767193751077, -27.485937370213421 ], [ 32.706767468044333, -27.485833974258458 ], [ 32.70669259498731, -27.485823958508821 ] ], [ [ 32.721811194131384, -27.426305899197839 ], [ 32.721600600787156, -27.426139644229135 ], [ 32.721587955419864, -27.426203726320853 ], [ 32.721811194131384, -27.426305899197839 ] ], [ [ 32.706389557632058, -27.555470521747086 ], [ 32.706530161237993, -27.555440566229063 ], [ 32.706360666911294, -27.555397030948178 ], [ 32.706389557632058, -27.555470521747086 ] ], [ [ 32.72071554918336, -27.425046271867913 ], [ 32.720803094587232, -27.425142694479739 ], [ 32.720878371439767, -27.425028667638866 ], [ 32.72071554918336, -27.425046271867913 ] ], [ [ 32.690959232782447, -27.503934212693693 ], [ 32.691112304589225, -27.503963405586664 ], [ 32.691050832330113, -27.503824168050865 ], [ 32.690959232782447, -27.503934212693693 ] ], [ [ 32.706790265858153, -27.485442399547068 ], [ 32.706872245357907, -27.485498210573869 ], [ 32.706904057975933, -27.485384806063887 ], [ 32.706790265858153, -27.485442399547068 ] ], [ [ 32.687760142816394, -27.505112284104552 ], [ 32.687885870736423, -27.505073006214197 ], [ 32.687815519470703, -27.505060299693007 ], [ 32.687760142816394, -27.505112284104552 ] ], [ [ 32.704002894518041, -27.496220193307202 ], [ 32.70390764462217, -27.496112044435264 ], [ 32.703861400583229, -27.496183402042355 ], [ 32.704002894518041, -27.496220193307202 ] ], [ [ 32.706196823025053, -27.55343049691983 ], [ 32.706216610808013, -27.553557659258487 ], [ 32.706337141545916, -27.553601897809273 ], [ 32.706196823025053, -27.55343049691983 ] ], [ [ 32.721375102079307, -27.42485665880767 ], [ 32.721252342821465, -27.424943678108203 ], [ 32.721355646146208, -27.42495774260566 ], [ 32.721375102079307, -27.42485665880767 ] ], [ [ 32.719159356918865, -27.476561700462092 ], [ 32.719224451647158, -27.476669444639132 ], [ 32.719287625423632, -27.476532807942714 ], [ 32.719159356918865, -27.476561700462092 ] ], [ [ 32.707023884544711, -27.485087552248675 ], [ 32.707090020687964, -27.485231694686899 ], [ 32.70705322222846, -27.485067842706719 ], [ 32.707023884544711, -27.485087552248675 ] ], [ [ 32.726277059238974, -27.410547614980423 ], [ 32.726278591683737, -27.410726245519733 ], [ 32.72644636201008, -27.410600652498051 ], [ 32.726277059238974, -27.410547614980423 ] ], [ [ 32.706088284746635, -27.554678844053328 ], [ 32.706244200209717, -27.55470648291784 ], [ 32.706078706067544, -27.554606824545274 ], [ 32.706088284746635, -27.554678844053328 ] ], [ [ 32.720890724527344, -27.424841101435629 ], [ 32.720695885506778, -27.424861105955177 ], [ 32.720782514501479, -27.424959954937972 ], [ 32.720890724527344, -27.424841101435629 ] ], [ [ 32.686658736811346, -27.510882132904026 ], [ 32.686558499275364, -27.510781670537568 ], [ 32.686550499805783, -27.51091402825973 ], [ 32.686658736811346, -27.510882132904026 ] ], [ [ 32.706409618808905, -27.555211402783979 ], [ 32.706569230485648, -27.5553326574761 ], [ 32.706588759263873, -27.555267915281988 ], [ 32.706409618808905, -27.555211402783979 ] ], [ [ 32.706380551821063, -27.55378124330969 ], [ 32.706738834529673, -27.553786874864336 ], [ 32.70635138141121, -27.553750225692323 ], [ 32.706380551821063, -27.55378124330969 ] ], [ [ 32.709610689082105, -27.455947358683595 ], [ 32.709607240182031, -27.456054937385431 ], [ 32.709834076181743, -27.456138936762478 ], [ 32.709610689082105, -27.455947358683595 ] ], [ [ 32.686998904475885, -27.513503019049033 ], [ 32.687189466320881, -27.513534657198647 ], [ 32.687174125685459, -27.513456035767341 ], [ 32.686998904475885, -27.513503019049033 ] ], [ [ 32.690452289441701, -27.507241043239514 ], [ 32.690289687519147, -27.507406325141758 ], [ 32.690317310195795, -27.507485181296015 ], [ 32.690452289441701, -27.507241043239514 ] ], [ [ 32.706450068515913, -27.553138148007044 ], [ 32.706653611175312, -27.553157336841586 ], [ 32.706471315898554, -27.553056830408362 ], [ 32.706450068515913, -27.553138148007044 ] ], [ [ 32.708860803783139, -27.488873153972857 ], [ 32.708739169577079, -27.488778717963424 ], [ 32.708736807058109, -27.488868459511728 ], [ 32.708860803783139, -27.488873153972857 ] ], [ [ 32.682536999982645, -27.522761783229651 ], [ 32.68290976897076, -27.522786007368293 ], [ 32.682497825514325, -27.52270316811666 ], [ 32.682536999982645, -27.522761783229651 ] ], [ [ 32.716627213175435, -27.43255843122661 ], [ 32.716458320495107, -27.432496200838969 ], [ 32.716335601706703, -27.432475322178295 ], [ 32.716627213175435, -27.43255843122661 ] ], [ [ 32.710098521829359, -27.476826379933453 ], [ 32.709989817176378, -27.476708104695216 ], [ 32.709999171024982, -27.476858285181649 ], [ 32.710098521829359, -27.476826379933453 ] ], [ [ 32.681684729566705, -27.538207971220846 ], [ 32.681556038380499, -27.538207676243253 ], [ 32.681522361467863, -27.538355926784551 ], [ 32.681684729566705, -27.538207971220846 ] ], [ [ 32.681384795771756, -27.536900735580467 ], [ 32.681302988042532, -27.537110381938501 ], [ 32.681386023346356, -27.537103264703813 ], [ 32.681384795771756, -27.536900735580467 ] ], [ [ 32.706802459765782, -27.553514381183696 ], [ 32.706619882101911, -27.55352235547225 ], [ 32.706804632527863, -27.553581136959803 ], [ 32.706802459765782, -27.553514381183696 ] ], [ [ 32.68760821314855, -27.509982496095283 ], [ 32.687762725669288, -27.509873560316539 ], [ 32.687724562038959, -27.509820571362241 ], [ 32.68760821314855, -27.509982496095283 ] ], [ [ 32.708565977238152, -27.454642588984257 ], [ 32.708749662866673, -27.454589888712345 ], [ 32.708572192452799, -27.454564889358078 ], [ 32.708565977238152, -27.454642588984257 ] ], [ [ 32.722041726344621, -27.426170245460419 ], [ 32.721852094398692, -27.426384508038499 ], [ 32.721898513805392, -27.426565773591509 ], [ 32.722041726344621, -27.426170245460419 ] ], [ [ 32.710599258049399, -27.484622726857303 ], [ 32.710514490651313, -27.484463704236493 ], [ 32.710641491112, -27.484754035070615 ], [ 32.710599258049399, -27.484622726857303 ] ], [ [ 32.71921591348368, -27.477061817049133 ], [ 32.719075238831266, -27.477021178484531 ], [ 32.719069854590195, -27.477164648229845 ], [ 32.71921591348368, -27.477061817049133 ] ], [ [ 32.704548057247187, -27.502776848172921 ], [ 32.704683357550934, -27.502762799863245 ], [ 32.704583260309313, -27.502625236865111 ], [ 32.704548057247187, -27.502776848172921 ] ], [ [ 32.69229576923442, -27.509743137935384 ], [ 32.692581924516283, -27.509713987310636 ], [ 32.692631592274203, -27.509661130556683 ], [ 32.692361855015648, -27.509583301428137 ], [ 32.69229576923442, -27.509743137935384 ] ], [ [ 32.718424251078424, -27.477004156116898 ], [ 32.718422036947523, -27.476887573402738 ], [ 32.718266017162989, -27.476954516237853 ], [ 32.718424251078424, -27.477004156116898 ] ], [ [ 32.715911870836258, -27.432561738933074 ], [ 32.716175248089286, -27.432547984701682 ], [ 32.715929966994494, -27.432441189309344 ], [ 32.715911870836258, -27.432561738933074 ] ], [ [ 32.718972413046451, -27.476929033048421 ], [ 32.719141050319237, -27.476844167624122 ], [ 32.719171520249553, -27.476723164742186 ], [ 32.719018023962711, -27.476781157524339 ], [ 32.718972413046451, -27.476929033048421 ] ], [ [ 32.716827050628019, -27.430690825321275 ], [ 32.716759291208369, -27.430952363460733 ], [ 32.716895760630891, -27.430952622465462 ], [ 32.716827050628019, -27.430690825321275 ] ], [ [ 32.686871060451175, -27.506235816129941 ], [ 32.687017551918579, -27.506165276905929 ], [ 32.68666123962462, -27.5060945811999 ], [ 32.686871060451175, -27.506235816129941 ] ], [ [ 32.704785574494778, -27.515535957218614 ], [ 32.704702657901422, -27.515387210251479 ], [ 32.704681580490622, -27.515556247722593 ], [ 32.704785574494778, -27.515535957218614 ] ], [ [ 32.698695967245179, -27.544002152976933 ], [ 32.698784611620582, -27.544108746921079 ], [ 32.698834388196559, -27.54387623440067 ], [ 32.698695967245179, -27.544002152976933 ] ], [ [ 32.709150450233203, -27.47537051873438 ], [ 32.708935768570946, -27.475407247046736 ], [ 32.709268994368649, -27.475479923059925 ], [ 32.709150450233203, -27.47537051873438 ] ], [ [ 32.690980311092517, -27.511783788690892 ], [ 32.691038984661489, -27.511817042022788 ], [ 32.691141117968236, -27.51174459443747 ], [ 32.691071957405001, -27.511608715869517 ], [ 32.691204090296608, -27.511533139542738 ], [ 32.691179152096247, -27.511442245962822 ], [ 32.691045605470414, -27.511592633293326 ], [ 32.691048692843005, -27.511774317031009 ], [ 32.690980311092517, -27.511783788690892 ] ], [ [ 32.709440685739118, -27.488293858374803 ], [ 32.709708984981724, -27.487928661678289 ], [ 32.709401271151819, -27.488295681300585 ], [ 32.709440685739118, -27.488293858374803 ] ], [ [ 32.721023549896998, -27.431338544038478 ], [ 32.720034677858187, -27.43103254431637 ], [ 32.720024464257676, -27.431130513762188 ], [ 32.720185115550741, -27.431202987427849 ], [ 32.721023549896998, -27.431338544038478 ] ], [ [ 32.693112573986149, -27.509633593315648 ], [ 32.692899444553817, -27.509687209097351 ], [ 32.693129325657921, -27.509851012514147 ], [ 32.693112573986149, -27.509633593315648 ] ], [ [ 32.706064001252706, -27.555806745884546 ], [ 32.706291656534773, -27.555837443343286 ], [ 32.706083725183859, -27.55567288719395 ], [ 32.706064001252706, -27.555806745884546 ] ], [ [ 32.691284778369877, -27.531282424344337 ], [ 32.690821694066003, -27.531117459003461 ], [ 32.690782899111603, -27.531182147238294 ], [ 32.69121647755842, -27.531330851937227 ], [ 32.691284778369877, -27.531282424344337 ] ], [ [ 32.700579242038451, -27.518684293045578 ], [ 32.700456280433059, -27.518467154435612 ], [ 32.700486146918202, -27.518731795236135 ], [ 32.700579242038451, -27.518684293045578 ] ], [ [ 32.686743398089412, -27.506234574166211 ], [ 32.686473405423392, -27.506172386946051 ], [ 32.68605257216857, -27.505950632115891 ], [ 32.686146916447115, -27.506085425202155 ], [ 32.686541130668672, -27.506218445724638 ], [ 32.686743398089412, -27.506234574166211 ] ], [ [ 32.708511079922467, -27.455867010554037 ], [ 32.709058329977999, -27.456081899959674 ], [ 32.708945859863633, -27.455979757659598 ], [ 32.708511079922467, -27.455867010554037 ] ], [ [ 32.691941633299805, -27.508736704835048 ], [ 32.691989010484534, -27.508888414168954 ], [ 32.692200137126697, -27.508819312960885 ], [ 32.692381673375571, -27.508912132888529 ], [ 32.692416484333407, -27.508958938104445 ], [ 32.692451333961955, -27.50896286994039 ], [ 32.69205040989857, -27.508557020290194 ], [ 32.692137265522433, -27.508792171421543 ], [ 32.691941633299805, -27.508736704835048 ] ], [ [ 32.721713029532758, -27.496094520245869 ], [ 32.721622108973193, -27.496218724714321 ], [ 32.721630121033279, -27.496353779503266 ], [ 32.721768457448427, -27.496340234813914 ], [ 32.721713029532758, -27.496094520245869 ] ], [ [ 32.688905561642393, -27.504870871893178 ], [ 32.689080670436638, -27.504606783276383 ], [ 32.688990055646663, -27.504494896821949 ], [ 32.688831975515306, -27.504640821716499 ], [ 32.688905561642393, -27.504870871893178 ] ], [ [ 32.708014341189013, -27.549917289051603 ], [ 32.70769188837, -27.549930161947376 ], [ 32.708036638979749, -27.550103317414159 ], [ 32.708014341189013, -27.549917289051603 ] ], [ [ 32.685116023585721, -27.514049896785227 ], [ 32.685396901645731, -27.514004454941578 ], [ 32.685598746385111, -27.514002879329393 ], [ 32.685349982215939, -27.513850622308297 ], [ 32.685116023585721, -27.514049896785227 ] ], [ [ 32.706873539482331, -27.552042129840419 ], [ 32.706826047184393, -27.552174421912014 ], [ 32.707106357772275, -27.552269571083762 ], [ 32.706873539482331, -27.552042129840419 ] ], [ [ 32.687745942521317, -27.505544009948018 ], [ 32.687877685107132, -27.505296291690417 ], [ 32.687521439363017, -27.505279099350886 ], [ 32.687706448793662, -27.505343206623643 ], [ 32.687745942521317, -27.505544009948018 ] ], [ [ 32.706558808242534, -27.552721135971549 ], [ 32.706780681783123, -27.552905184926331 ], [ 32.706913870478829, -27.55298055890561 ], [ 32.706558808242534, -27.552721135971549 ] ], [ [ 32.730120694214683, -27.447002459695721 ], [ 32.729975991498883, -27.447038029681231 ], [ 32.729900354018199, -27.447310265256451 ], [ 32.730120694214683, -27.447002459695721 ] ], [ [ 32.708298104274171, -27.547880535058585 ], [ 32.708088956140472, -27.547946856462218 ], [ 32.708422236796871, -27.547992785738415 ], [ 32.708298104274171, -27.547880535058585 ] ], [ [ 32.689368354565964, -27.510343858981845 ], [ 32.689637954228289, -27.510326503865009 ], [ 32.68941404552185, -27.510222743684629 ], [ 32.689368354565964, -27.510343858981845 ] ], [ [ 32.704135660532387, -27.513497643801191 ], [ 32.704185484772417, -27.513813174538264 ], [ 32.704260678887323, -27.51341841892485 ], [ 32.704135660532387, -27.513497643801191 ] ], [ [ 32.691039564724171, -27.527976144183604 ], [ 32.69074943713688, -27.527978334032856 ], [ 32.691184712604461, -27.52823308229085 ], [ 32.691039564724171, -27.527976144183604 ] ], [ [ 32.709890242440835, -27.471917042037841 ], [ 32.709506823680996, -27.471894648019546 ], [ 32.709912927839426, -27.471985502928575 ], [ 32.709890242440835, -27.471917042037841 ] ], [ [ 32.72496333319134, -27.41448388462349 ], [ 32.72481262390356, -27.414236807582558 ], [ 32.724758822861467, -27.414425585172538 ], [ 32.72496333319134, -27.41448388462349 ] ], [ [ 32.722069269880976, -27.426411430143283 ], [ 32.722384436392744, -27.426635049268064 ], [ 32.722581474255684, -27.426582465008718 ], [ 32.72258162084519, -27.426523928136685 ], [ 32.722069269880976, -27.426411430143283 ] ], [ [ 32.717334511978216, -27.430255246782178 ], [ 32.717503439732049, -27.430018265530457 ], [ 32.717297262059056, -27.429929752456058 ], [ 32.717167462008845, -27.42994920569123 ], [ 32.717334511978216, -27.430255246782178 ] ], [ [ 32.704978630159729, -27.485752846416659 ], [ 32.705474844588494, -27.485878355801457 ], [ 32.70554289628776, -27.485819005942346 ], [ 32.704978630159729, -27.485752846416659 ] ], [ [ 32.720137077364299, -27.423375469102538 ], [ 32.720426309226873, -27.423325636768642 ], [ 32.720423602267509, -27.423295757693058 ], [ 32.720358012012689, -27.423291888809551 ], [ 32.720302374554983, -27.423217097590967 ], [ 32.720299592052591, -27.423080643456913 ], [ 32.720137077364299, -27.423375469102538 ] ], [ [ 32.704061269511996, -27.514108364409434 ], [ 32.703799991276625, -27.514297474748609 ], [ 32.7038022800512, -27.514437159247429 ], [ 32.703943973635582, -27.514373967484591 ], [ 32.704061269511996, -27.514108364409434 ] ], [ [ 32.700591551958645, -27.5190815856466 ], [ 32.700582021842912, -27.519400103931634 ], [ 32.700685834183986, -27.519493088435244 ], [ 32.700705368358115, -27.519316852790485 ], [ 32.700591551958645, -27.5190815856466 ] ], [ [ 32.689518765278855, -27.505039448012113 ], [ 32.689637153831654, -27.504829778271581 ], [ 32.689631963844128, -27.504687632328345 ], [ 32.689383824703825, -27.504869729754237 ], [ 32.689518765278855, -27.505039448012113 ] ], [ [ 32.706660699631655, -27.552283355892172 ], [ 32.706540179685668, -27.552392382502422 ], [ 32.706866799962889, -27.552491050721368 ], [ 32.706660699631655, -27.552283355892172 ] ], [ [ 32.71748050612053, -27.429836066481212 ], [ 32.717453092985942, -27.429595414196918 ], [ 32.717154162834433, -27.429409029702896 ], [ 32.717222879132677, -27.429680396533012 ], [ 32.71748050612053, -27.429836066481212 ] ], [ [ 32.726382214267822, -27.463377074492371 ], [ 32.726300037816543, -27.463039337695243 ], [ 32.726308949198753, -27.463385630642236 ], [ 32.726382214267822, -27.463377074492371 ] ], [ [ 32.705786154807249, -27.512145260395421 ], [ 32.705920729358247, -27.512259503073544 ], [ 32.705886029916414, -27.511958730211159 ], [ 32.705786154807249, -27.512145260395421 ] ], [ [ 32.70061937518409, -27.516924685825543 ], [ 32.700539792377583, -27.517212420316902 ], [ 32.700567475308823, -27.517321283250517 ], [ 32.700697407559382, -27.517217282951208 ], [ 32.70061937518409, -27.516924685825543 ] ], [ [ 32.700808185149725, -27.518799492602479 ], [ 32.700859886274785, -27.518515705235583 ], [ 32.700760609214825, -27.518488250732151 ], [ 32.700808185149725, -27.518799492602479 ] ], [ [ 32.707879138911245, -27.480508722399581 ], [ 32.708275120300641, -27.480661221338249 ], [ 32.708307209909847, -27.480603130530053 ], [ 32.707879138911245, -27.480508722399581 ] ], [ [ 32.721114085546674, -27.424951062441522 ], [ 32.721059453531012, -27.425216015306802 ], [ 32.721331257431686, -27.425151304588983 ], [ 32.721324096130161, -27.425090134502067 ], [ 32.721114085546674, -27.424951062441522 ] ], [ [ 32.721218550795584, -27.422619040336354 ], [ 32.721116757432476, -27.422857460503327 ], [ 32.721459829007919, -27.422547465992679 ], [ 32.721218550795584, -27.422619040336354 ] ], [ [ 32.712097744415424, -27.503130196301498 ], [ 32.712253373894136, -27.503318442392189 ], [ 32.712331847836552, -27.503151562394621 ], [ 32.712097744415424, -27.503130196301498 ] ], [ [ 32.723060748155071, -27.499095504853646 ], [ 32.723272739945045, -27.498867684096286 ], [ 32.72317939751121, -27.498688881786364 ], [ 32.723060748155071, -27.499095504853646 ] ], [ [ 32.706007733370292, -27.553726693132294 ], [ 32.706644827496859, -27.554075106680788 ], [ 32.706329313846815, -27.553797422113284 ], [ 32.706007733370292, -27.553726693132294 ] ], [ [ 32.724226492558692, -27.414910808986576 ], [ 32.724191084451029, -27.415065668645646 ], [ 32.724402547439681, -27.415204684048859 ], [ 32.724498778495942, -27.415105665993629 ], [ 32.724226492558692, -27.414910808986576 ] ], [ [ 32.697403383359529, -27.48405986277244 ], [ 32.697222097122115, -27.483886368261253 ], [ 32.697102159936797, -27.483780102569636 ], [ 32.696988366919626, -27.483789072407735 ], [ 32.696971812199457, -27.483689271042952 ], [ 32.696686836828142, -27.483616169650475 ], [ 32.697403383359529, -27.48405986277244 ] ], [ [ 32.716427914416798, -27.447244870154588 ], [ 32.716637541889135, -27.447464982822662 ], [ 32.716710417551816, -27.44743068897505 ], [ 32.717333427395808, -27.447747999470526 ], [ 32.716427914416798, -27.447244870154588 ] ], [ [ 32.710157452604399, -27.47606013416782 ], [ 32.710298309819258, -27.475808774555222 ], [ 32.710100637034834, -27.475812903342771 ], [ 32.710157452604399, -27.47606013416782 ] ], [ [ 32.721680760059066, -27.427226422761183 ], [ 32.722204065665196, -27.427640451745358 ], [ 32.722425647825446, -27.42766596371316 ], [ 32.721994737667082, -27.427343564853562 ], [ 32.721680760059066, -27.427226422761183 ] ], [ [ 32.701561117351766, -27.476195283385554 ], [ 32.701412740905354, -27.476048063467324 ], [ 32.701312277639538, -27.476364158978722 ], [ 32.701561117351766, -27.476195283385554 ] ], [ [ 32.692433227011897, -27.509134492962442 ], [ 32.692255665766446, -27.508973874045029 ], [ 32.692275377107045, -27.509200390785349 ], [ 32.692643690853714, -27.50933655084112 ], [ 32.692716906460163, -27.509208372268525 ], [ 32.692433227011897, -27.509134492962442 ] ], [ [ 32.721867151747702, -27.497556274702294 ], [ 32.722045391981283, -27.497435991277911 ], [ 32.722122519638653, -27.497168621934303 ], [ 32.721975447209203, -27.497181436374156 ], [ 32.721867151747702, -27.497556274702294 ] ], [ [ 32.691433879669873, -27.530316537178379 ], [ 32.690694600075844, -27.529861019770202 ], [ 32.690853421248462, -27.53009251245939 ], [ 32.690973808994165, -27.530053067295114 ], [ 32.691162377042176, -27.530279831349084 ], [ 32.691433879669873, -27.530316537178379 ] ], [ [ 32.721073904736983, -27.457119372261158 ], [ 32.721293949955893, -27.45709096897297 ], [ 32.721518752588416, -27.456889391332304 ], [ 32.721307411907539, -27.456885131243776 ], [ 32.721073904736983, -27.457119372261158 ] ], [ [ 32.727660893735354, -27.419134620666171 ], [ 32.726906402108852, -27.41906066761565 ], [ 32.726836518490579, -27.419153699783358 ], [ 32.727660893735354, -27.419134620666171 ] ], [ [ 32.725888469377452, -27.409122364005821 ], [ 32.725827061869502, -27.409410678559926 ], [ 32.726082128487526, -27.409745649941751 ], [ 32.725888469377452, -27.409122364005821 ] ], [ [ 32.707154440025498, -27.550741530297337 ], [ 32.707588525690021, -27.550808734835204 ], [ 32.707068430663618, -27.550598075840469 ], [ 32.707154440025498, -27.550741530297337 ] ], [ [ 32.728742367166568, -27.470261288527588 ], [ 32.728645844730003, -27.470019161355104 ], [ 32.728554386375905, -27.470449110138297 ], [ 32.728742367166568, -27.470261288527588 ] ], [ [ 32.726167114420875, -27.422274557724624 ], [ 32.726480999398674, -27.422109537525106 ], [ 32.726097397177199, -27.422295121622543 ], [ 32.726317530529677, -27.422481900918971 ], [ 32.72670058236605, -27.422524063834423 ], [ 32.726167114420875, -27.422274557724624 ] ], [ [ 32.682535325444981, -27.535149280714631 ], [ 32.682730642904943, -27.534725689239124 ], [ 32.682672802108179, -27.534719842746487 ], [ 32.682535325444981, -27.535149280714631 ] ], [ [ 32.718364722254179, -27.456867626839468 ], [ 32.718689713859263, -27.457005403876209 ], [ 32.71889038858064, -27.456873558767654 ], [ 32.718364722254179, -27.456867626839468 ] ], [ [ 32.690736066916045, -27.527461937018764 ], [ 32.690508606786807, -27.527984509677282 ], [ 32.690658110083767, -27.528081340581366 ], [ 32.690736066916045, -27.527461937018764 ] ], [ [ 32.704695482210852, -27.485011344597819 ], [ 32.704530549245462, -27.484890553056466 ], [ 32.704146085473511, -27.484735178985197 ], [ 32.703463334565292, -27.484607945600121 ], [ 32.704695482210852, -27.485011344597819 ] ], [ [ 32.703871117757956, -27.504629486661408 ], [ 32.703755402889591, -27.504799876712941 ], [ 32.703818594652525, -27.505025518412872 ], [ 32.703990239258211, -27.504858244512281 ], [ 32.703871117757956, -27.504629486661408 ] ], [ [ 32.682254455478805, -27.530315268234972 ], [ 32.68216337573925, -27.529899066488682 ], [ 32.682130522605611, -27.530329077325003 ], [ 32.682254455478805, -27.530315268234972 ] ], [ [ 32.721056940825235, -27.422717828165197 ], [ 32.721433925835093, -27.422326803838846 ], [ 32.721481160027587, -27.422210734637609 ], [ 32.720978761860401, -27.422509024471896 ], [ 32.721056940825235, -27.422717828165197 ] ], [ [ 32.70303769263554, -27.559743191794844 ], [ 32.703521179858662, -27.560219147195834 ], [ 32.70367037648677, -27.560239254238091 ], [ 32.703659571132334, -27.560124893748814 ], [ 32.70303769263554, -27.559743191794844 ] ], [ [ 32.716008500292112, -27.463277229960187 ], [ 32.716244995010641, -27.463031954261183 ], [ 32.716221868944196, -27.462921079544113 ], [ 32.715944375032919, -27.46300082692661 ], [ 32.716008500292112, -27.463277229960187 ] ], [ [ 32.7266159912351, -27.419270295987268 ], [ 32.726361801456065, -27.419021906835521 ], [ 32.726092374463576, -27.418966921386215 ], [ 32.725811889407218, -27.419129749038632 ], [ 32.726248060599552, -27.419029194941338 ], [ 32.726424439236546, -27.41924176229751 ], [ 32.726571781462653, -27.419270209652382 ], [ 32.7266159912351, -27.419270295987268 ] ], [ [ 32.702099426347537, -27.518815865659622 ], [ 32.701835327838197, -27.518761340663289 ], [ 32.702112522275158, -27.519141817740614 ], [ 32.702099426347537, -27.518815865659622 ] ], [ [ 32.683001797495059, -27.52248549980597 ], [ 32.683500835794973, -27.522486654535431 ], [ 32.68238113847886, -27.522200744768469 ], [ 32.683001797495059, -27.52248549980597 ] ], [ [ 32.706376026432501, -27.551144115408523 ], [ 32.706649591205739, -27.551329266932076 ], [ 32.707319012362561, -27.551558522108042 ], [ 32.706948708416228, -27.551336497481277 ], [ 32.706376026432501, -27.551144115408523 ] ], [ [ 32.715598306916391, -27.457237225717311 ], [ 32.716397194475029, -27.45727993182334 ], [ 32.715575594538137, -27.45710757765255 ], [ 32.715598306916391, -27.457237225717311 ] ], [ [ 32.699160187392792, -27.543187229606936 ], [ 32.699454151487942, -27.542853899487859 ], [ 32.699395430254988, -27.542619012757118 ], [ 32.699291439848132, -27.542661769225219 ], [ 32.699160187392792, -27.543187229606936 ] ], [ [ 32.70095061078213, -27.556596019690499 ], [ 32.701473223010908, -27.556469607386429 ], [ 32.700719453539996, -27.556538141122271 ], [ 32.70095061078213, -27.556596019690499 ] ], [ [ 32.711251803428006, -27.459540555851888 ], [ 32.711785596028527, -27.459487159504771 ], [ 32.711017122642168, -27.459294771136733 ], [ 32.711251803428006, -27.459540555851888 ] ], [ [ 32.703384402867947, -27.560666866582608 ], [ 32.702816881194195, -27.56037428114805 ], [ 32.703386641280538, -27.560787527722159 ], [ 32.703384402867947, -27.560666866582608 ] ], [ [ 32.700170662945787, -27.558741125802261 ], [ 32.700637166472177, -27.558996390271147 ], [ 32.700711667209696, -27.558959699730295 ], [ 32.700170662945787, -27.558741125802261 ] ], [ [ 32.700803953839461, -27.51758361549135 ], [ 32.700700781815705, -27.517744586043715 ], [ 32.701103160982193, -27.51804812881802 ], [ 32.70100508721508, -27.517757987740879 ], [ 32.700803953839461, -27.51758361549135 ] ], [ [ 32.700402329204231, -27.517271063308854 ], [ 32.700078729749634, -27.516587976953485 ], [ 32.700007513336104, -27.516592373738995 ], [ 32.700402329204231, -27.517271063308854 ] ], [ [ 32.703104175917062, -27.559163020257095 ], [ 32.703621215946377, -27.559610294479441 ], [ 32.703711126567264, -27.559602632255615 ], [ 32.703104175917062, -27.559163020257095 ] ], [ [ 32.707618137667026, -27.551407614070108 ], [ 32.70652249361823, -27.551099496444571 ], [ 32.706968209315455, -27.551303608374774 ], [ 32.707618137667026, -27.551407614070108 ] ], [ [ 32.724070115743309, -27.442756551673472 ], [ 32.724318409567033, -27.443051842268691 ], [ 32.724618518729748, -27.443027500318866 ], [ 32.724595737103684, -27.442902814713072 ], [ 32.724070115743309, -27.442756551673472 ] ], [ [ 32.694342238603497, -27.534902027406623 ], [ 32.69451343624619, -27.534650631821112 ], [ 32.694317082767242, -27.534360425093453 ], [ 32.694267145212613, -27.53443790978169 ], [ 32.694342238603497, -27.534902027406623 ] ], [ [ 32.699786614660589, -27.558578143466491 ], [ 32.699584554083991, -27.558378735889885 ], [ 32.699282497889051, -27.558481250509278 ], [ 32.699786614660589, -27.558578143466491 ] ], [ [ 32.703670038341706, -27.559802062315256 ], [ 32.703080458996098, -27.559467759129749 ], [ 32.703729644507497, -27.559921591208383 ], [ 32.703670038341706, -27.559802062315256 ] ], [ [ 32.717407965904975, -27.494335386968455 ], [ 32.717717992791187, -27.494330439797931 ], [ 32.717702978609658, -27.49408184110402 ], [ 32.717468180012553, -27.494050642722932 ], [ 32.717407965904975, -27.494335386968455 ] ], [ [ 32.699591670419331, -27.557738078649393 ], [ 32.700182838867001, -27.557543614646079 ], [ 32.699364552032527, -27.557725444973265 ], [ 32.699591670419331, -27.557738078649393 ] ], [ [ 32.706873058345067, -27.550993305396631 ], [ 32.707373717223376, -27.55129162850578 ], [ 32.707731014274934, -27.551356532577859 ], [ 32.707196888925353, -27.551019636646821 ], [ 32.706873058345067, -27.550993305396631 ] ], [ [ 32.692865495146521, -27.509490833135395 ], [ 32.692723339310703, -27.509399997112144 ], [ 32.692397662422245, -27.509365431669234 ], [ 32.692010128364757, -27.50967185946871 ], [ 32.692468514610326, -27.50949725969075 ], [ 32.692865495146521, -27.509490833135395 ] ], [ [ 32.707496566413504, -27.548156190755577 ], [ 32.707855285293256, -27.548456903363295 ], [ 32.708352444010131, -27.548566001919422 ], [ 32.708244083797496, -27.548437209109888 ], [ 32.707496566413504, -27.548156190755577 ] ], [ [ 32.704196094973817, -27.495780454504292 ], [ 32.703861162262854, -27.495677139488315 ], [ 32.704137256829029, -27.495772357008605 ], [ 32.703946476448813, -27.495987077341677 ], [ 32.704144237366776, -27.496262742931211 ], [ 32.704347148702041, -27.495611185907435 ], [ 32.704196094973817, -27.495780454504292 ] ], [ [ 32.707305293204811, -27.55193793888472 ], [ 32.707202033946785, -27.551752786461861 ], [ 32.706554172237297, -27.551560193048449 ], [ 32.70667172621922, -27.551690730542781 ], [ 32.707305293204811, -27.55193793888472 ] ], [ [ 32.702938601735127, -27.56001378520795 ], [ 32.703264630258595, -27.560419071882588 ], [ 32.703612074337798, -27.560534267842108 ], [ 32.703304123086888, -27.560201622107076 ], [ 32.702938601735127, -27.56001378520795 ] ], [ [ 32.727547361521545, -27.484936341139193 ], [ 32.727562933282833, -27.483894153692134 ], [ 32.728017937178102, -27.482638348480954 ], [ 32.727512720535678, -27.483887690264634 ], [ 32.727547361521545, -27.484936341139193 ] ], [ [ 32.694227902395852, -27.530191897438041 ], [ 32.693502518226737, -27.529936572714639 ], [ 32.693384688152925, -27.529886732286787 ], [ 32.693283989264764, -27.529871153331019 ], [ 32.693230827640654, -27.529927722486363 ], [ 32.694227902395852, -27.530191897438041 ] ], [ [ 32.670547572112795, -27.616547652951791 ], [ 32.671125667115945, -27.616502721023679 ], [ 32.672070963404281, -27.616639741730623 ], [ 32.671517119519528, -27.616406374854247 ], [ 32.670547572112795, -27.616547652951791 ] ], [ [ 32.709179058566804, -27.467499430953893 ], [ 32.70917859091935, -27.467681234301477 ], [ 32.70991092864648, -27.467756538133699 ], [ 32.70976354685024, -27.467642921383675 ], [ 32.709179058566804, -27.467499430953893 ] ], [ [ 32.690236489022823, -27.507933070654637 ], [ 32.690881140152577, -27.507985817691285 ], [ 32.690535669185863, -27.507911283678762 ], [ 32.690561808880432, -27.50759767749075 ], [ 32.690236489022823, -27.507933070654637 ] ], [ [ 32.708202014411519, -27.480040659448829 ], [ 32.707601589242032, -27.479767190003756 ], [ 32.707287072040792, -27.479807777307052 ], [ 32.707337784810996, -27.479861501007417 ], [ 32.708202014411519, -27.480040659448829 ] ], [ [ 32.708141452266297, -27.467808181702193 ], [ 32.708482380757331, -27.467337231927651 ], [ 32.70838253442647, -27.467118321653132 ], [ 32.708141452266297, -27.467808181702193 ] ], [ [ 32.70282591218615, -27.557463951799903 ], [ 32.703931078256701, -27.557859552776126 ], [ 32.70409022048733, -27.557894414095887 ], [ 32.703396206469783, -27.557472825410521 ], [ 32.70282591218615, -27.557463951799903 ] ], [ [ 32.719323193610563, -27.427861821665704 ], [ 32.719351831621793, -27.427607778476101 ], [ 32.719146948972586, -27.427728987302896 ], [ 32.71916437693455, -27.42810987986697 ], [ 32.719445394389524, -27.428229877306894 ], [ 32.719567981876942, -27.42788857739588 ], [ 32.719323193610563, -27.427861821665704 ] ], [ [ 32.725443864342964, -27.449944920921343 ], [ 32.725591062677459, -27.449863805670088 ], [ 32.725561923743875, -27.449350427680024 ], [ 32.725275173110809, -27.449494580910127 ], [ 32.725443864342964, -27.449944920921343 ] ], [ [ 32.702111781233825, -27.51328625185895 ], [ 32.702221303370528, -27.51361130911457 ], [ 32.702687536200855, -27.5136762689446 ], [ 32.702630024556022, -27.513502666514771 ], [ 32.702111781233825, -27.51328625185895 ] ], [ [ 32.691282426642758, -27.508812916083158 ], [ 32.69176063394616, -27.509506974167486 ], [ 32.692139782724816, -27.509391869039419 ], [ 32.691790376324818, -27.50902909601588 ], [ 32.691282426642758, -27.508812916083158 ] ], [ [ 32.703089623987005, -27.513783423166405 ], [ 32.70280026082348, -27.513805274893432 ], [ 32.70289881392916, -27.514207984111135 ], [ 32.703224317248548, -27.514140148249194 ], [ 32.703089623987005, -27.513783423166405 ] ], [ [ 32.690621976223319, -27.534918140559675 ], [ 32.69081673880153, -27.534844699223456 ], [ 32.690973461855819, -27.534199468030941 ], [ 32.690800406213853, -27.534239247743006 ], [ 32.690621976223319, -27.534918140559675 ] ], [ [ 32.715844789505489, -27.432281772785512 ], [ 32.715908037026331, -27.431910608187973 ], [ 32.71637093517058, -27.431795225169452 ], [ 32.716010432035908, -27.431626021323726 ], [ 32.71569880435645, -27.432200051391167 ], [ 32.715844789505489, -27.432281772785512 ] ], [ [ 32.711210412130896, -27.467891698143308 ], [ 32.712175793877904, -27.467701933997045 ], [ 32.711287265494967, -27.467723540209146 ], [ 32.711210412130896, -27.467891698143308 ] ], [ [ 32.727173386542617, -27.485778078695336 ], [ 32.72643518433641, -27.488776955292209 ], [ 32.727134236356029, -27.486474180039341 ], [ 32.7272146942028, -27.486096203077199 ], [ 32.727173386542617, -27.485778078695336 ] ], [ [ 32.723816778521609, -27.496235569915569 ], [ 32.724043721540603, -27.496268621799402 ], [ 32.724092820027685, -27.495421539572355 ], [ 32.723891061623277, -27.495746974543167 ], [ 32.723816778521609, -27.496235569915569 ] ], [ [ 32.726567417052699, -27.420214138971289 ], [ 32.727368150020126, -27.420148583790098 ], [ 32.727437957196017, -27.420086607910594 ], [ 32.72688166355799, -27.419681778091544 ], [ 32.727066705364209, -27.419972011798855 ], [ 32.726567417052699, -27.420214138971289 ] ], [ [ 32.68253348902936, -27.53007994443383 ], [ 32.682969798717281, -27.529906612699918 ], [ 32.682879488797433, -27.529545934197483 ], [ 32.682529854869003, -27.529755060747362 ], [ 32.68253348902936, -27.53007994443383 ] ], [ [ 32.702820786949843, -27.558303855638314 ], [ 32.703426090941377, -27.558393458691096 ], [ 32.704569526762313, -27.558974847011537 ], [ 32.703668412367435, -27.558347355845694 ], [ 32.702820786949843, -27.558303855638314 ] ], [ [ 32.706185905255396, -27.503991168557516 ], [ 32.705848105505723, -27.505154156539007 ], [ 32.705374203256973, -27.506130223131212 ], [ 32.704978648146145, -27.507318779737812 ], [ 32.70589666799691, -27.505167693134432 ], [ 32.706185905255396, -27.503991168557516 ] ], [ [ 32.688075636681347, -27.510962872238707 ], [ 32.688440178671392, -27.510324922856849 ], [ 32.688427066555924, -27.510094944625944 ], [ 32.688003630663118, -27.510509168763051 ], [ 32.688075636681347, -27.510962872238707 ] ], [ [ 32.703459203079852, -27.548828327864999 ], [ 32.704798052588103, -27.548910505215595 ], [ 32.703249175409148, -27.548696263321862 ], [ 32.703459203079852, -27.548828327864999 ] ], [ [ 32.692189185182826, -27.529077753435448 ], [ 32.692707347566156, -27.52947396685007 ], [ 32.693773644038558, -27.529672403158809 ], [ 32.693306913882999, -27.529468654554694 ], [ 32.693441858055337, -27.529314070987514 ], [ 32.693610014190895, -27.529540543661096 ], [ 32.693768776907611, -27.529608728460015 ], [ 32.69347013633778, -27.529305078666408 ], [ 32.69282083841108, -27.529441455458759 ], [ 32.692612045509556, -27.529083491110164 ], [ 32.692189185182826, -27.529077753435448 ] ], [ [ 32.70804297380424, -27.545695143815795 ], [ 32.708053182008776, -27.545860184699702 ], [ 32.70894598127208, -27.546224560315135 ], [ 32.708641963655744, -27.545853294993524 ], [ 32.70804297380424, -27.545695143815795 ] ], [ [ 32.707015551426643, -27.48347304524475 ], [ 32.706629440995989, -27.484218316122334 ], [ 32.706643864322928, -27.484497850595297 ], [ 32.706986317164912, -27.48401621147892 ], [ 32.707015551426643, -27.48347304524475 ] ], [ [ 32.711220732750689, -27.539489553699948 ], [ 32.711199837902264, -27.539276922491901 ], [ 32.710367826514009, -27.53897711999802 ], [ 32.71052116272157, -27.539215900793099 ], [ 32.711220732750689, -27.539489553699948 ] ], [ [ 32.704164873210395, -27.558149693853245 ], [ 32.702999716064099, -27.557656140518414 ], [ 32.70266379050156, -27.557728321904513 ], [ 32.704164873210395, -27.558149693853245 ] ], [ [ 32.715662243318, -27.526605345360355 ], [ 32.716126990468297, -27.5265597299475 ], [ 32.715834772856525, -27.526037322764161 ], [ 32.715628759759525, -27.526316268181144 ], [ 32.715662243318, -27.526605345360355 ] ], [ [ 32.704185031514058, -27.503330419563156 ], [ 32.704094181101674, -27.503513104246334 ], [ 32.704304028907899, -27.504328713799072 ], [ 32.704420566655891, -27.503637760174474 ], [ 32.704185031514058, -27.503330419563156 ] ], [ [ 32.706597572620005, -27.480004304355099 ], [ 32.707480307570144, -27.480175263677399 ], [ 32.707656022507535, -27.480167354140075 ], [ 32.706598701269158, -27.479567121425475 ], [ 32.706884564271277, -27.479881171878581 ], [ 32.706597572620005, -27.480004304355099 ] ], [ [ 32.704979506099384, -27.54913897348478 ], [ 32.703346786025428, -27.548918993017043 ], [ 32.703076502878361, -27.548971445076027 ], [ 32.704979506099384, -27.54913897348478 ] ], [ [ 32.70136323592466, -27.574217874555259 ], [ 32.701678105660115, -27.573615432206399 ], [ 32.701638932091136, -27.573179964283867 ], [ 32.701479196307908, -27.573244106630149 ], [ 32.70136323592466, -27.574217874555259 ] ], [ [ 32.695123013816101, -27.573118930893855 ], [ 32.695388972123389, -27.573048483400733 ], [ 32.69563546370577, -27.57247298833769 ], [ 32.69517550634459, -27.572655550713023 ], [ 32.695123013816101, -27.573118930893855 ] ], [ [ 32.689870694277182, -27.510143499023226 ], [ 32.690102383018605, -27.510647345098814 ], [ 32.690318850734428, -27.509453378170821 ], [ 32.690147279873131, -27.509537099657358 ], [ 32.689870694277182, -27.510143499023226 ] ], [ [ 32.698172252447549, -27.55178229321815 ], [ 32.696715082734983, -27.551838081761964 ], [ 32.696490758541714, -27.551959286991451 ], [ 32.698172252447549, -27.55178229321815 ] ], [ [ 32.72944510730597, -27.476303412472454 ], [ 32.728605493948542, -27.480240569746453 ], [ 32.72865046454735, -27.480943851277658 ], [ 32.728656006169814, -27.480243999760688 ], [ 32.729484533584454, -27.476874974800189 ], [ 32.729492953037386, -27.476320406061848 ], [ 32.729713757284124, -27.476112443234584 ], [ 32.72944510730597, -27.476303412472454 ] ], [ [ 32.71337490852531, -27.458110256083355 ], [ 32.713468507265915, -27.458401599554133 ], [ 32.714050186966624, -27.458252661031452 ], [ 32.713877543214139, -27.457970255023195 ], [ 32.71337490852531, -27.458110256083355 ] ], [ [ 32.731020182635397, -27.474424746704631 ], [ 32.731607204309078, -27.473913292364472 ], [ 32.7316490587571, -27.47347021887542 ], [ 32.73148205195519, -27.473536044752628 ], [ 32.731020182635397, -27.474424746704631 ] ], [ [ 32.716707043295465, -27.467149131527101 ], [ 32.716673539951998, -27.467751732156675 ], [ 32.716915705795266, -27.467662649811381 ], [ 32.71709062753046, -27.467092909510168 ], [ 32.716707043295465, -27.467149131527101 ] ], [ [ 32.702891907135864, -27.5586528330617 ], [ 32.703595471054207, -27.559280819754019 ], [ 32.704536259940525, -27.559681689858063 ], [ 32.703236078582265, -27.558743349825679 ], [ 32.702891907135864, -27.5586528330617 ] ], [ [ 32.702746109945075, -27.558438623543619 ], [ 32.70329339237621, -27.558611502918485 ], [ 32.704530023142148, -27.559340298216135 ], [ 32.703519106921334, -27.558597260355182 ], [ 32.702746109945075, -27.558438623543619 ] ], [ [ 32.717860421121628, -27.429351743787855 ], [ 32.717493705470204, -27.429661346194095 ], [ 32.717986052814148, -27.429451783472945 ], [ 32.71824309164549, -27.428576020067204 ], [ 32.718017000284348, -27.428592860771861 ], [ 32.718104024980853, -27.428806720453736 ], [ 32.717740667397962, -27.429140386019959 ], [ 32.71759351762676, -27.429036221144631 ], [ 32.717860421121628, -27.429351743787855 ] ], [ [ 32.709236847202803, -27.475945113576021 ], [ 32.710227374893449, -27.475597021984925 ], [ 32.708243424594386, -27.475833626420684 ], [ 32.709236847202803, -27.475945113576021 ] ], [ [ 32.714395802724155, -27.463531286639515 ], [ 32.715114253120369, -27.463420658336609 ], [ 32.715419264487537, -27.463491717368775 ], [ 32.714798704396792, -27.463243831837278 ], [ 32.714320586126192, -27.463454265102175 ], [ 32.714140136258322, -27.46381905980174 ], [ 32.714311592006418, -27.464165353648141 ], [ 32.714395802724155, -27.463531286639515 ] ], [ [ 32.709388713918138, -27.476935819332528 ], [ 32.710001785354208, -27.47749326230414 ], [ 32.710472289964287, -27.477537006227781 ], [ 32.710394754914034, -27.477381772450777 ], [ 32.709388713918138, -27.476935819332528 ] ], [ [ 32.687938624068323, -27.558389097878525 ], [ 32.68901500463884, -27.557804189611549 ], [ 32.68862842386276, -27.557796815170825 ], [ 32.687999875993512, -27.558224532735952 ], [ 32.687601877424761, -27.557952731533312 ], [ 32.687938624068323, -27.558389097878525 ] ], [ [ 32.704623890780042, -27.555161637899214 ], [ 32.703085697546939, -27.555205836879875 ], [ 32.705411993668633, -27.555337421185005 ], [ 32.704623890780042, -27.555161637899214 ] ], [ [ 32.683669027903342, -27.529190583278762 ], [ 32.684004982244176, -27.528866146555391 ], [ 32.683936796545993, -27.528186746521115 ], [ 32.683577838446524, -27.528418658294385 ], [ 32.683669027903342, -27.529190583278762 ] ], [ [ 32.69966819912819, -27.559550739574931 ], [ 32.698956759846624, -27.559667130733441 ], [ 32.700353458245544, -27.5599428340945 ], [ 32.69966819912819, -27.559550739574931 ] ], [ [ 32.682339359573859, -27.52371147270631 ], [ 32.683045151112907, -27.523660188866589 ], [ 32.682644016608172, -27.523413211650293 ], [ 32.681608964382271, -27.523455750482452 ], [ 32.682339359573859, -27.52371147270631 ] ], [ [ 32.70020899924593, -27.519070159760005 ], [ 32.700262854247384, -27.520001932043456 ], [ 32.700685624641942, -27.520783725288634 ], [ 32.700685970880947, -27.520652298364809 ], [ 32.70020899924593, -27.519070159760005 ] ], [ [ 32.717997008355319, -27.492984816595978 ], [ 32.717673494336331, -27.493363991455009 ], [ 32.717712883742671, -27.4938807643857 ], [ 32.718076816891696, -27.493618970838746 ], [ 32.717997008355319, -27.492984816595978 ] ], [ [ 32.724413877098826, -27.473902964550131 ], [ 32.724903184734202, -27.472782509105464 ], [ 32.724826847581063, -27.472317654036488 ], [ 32.724307351503171, -27.473461097051946 ], [ 32.724413877098826, -27.473902964550131 ] ], [ [ 32.703018891408767, -27.549604637044293 ], [ 32.705016250599584, -27.549929053982627 ], [ 32.706317107348738, -27.54978829299526 ], [ 32.703018891408767, -27.549604637044293 ] ], [ [ 32.712174156212384, -27.465809214523592 ], [ 32.714110608817613, -27.465373733111285 ], [ 32.711711826439696, -27.465754470092701 ], [ 32.712174156212384, -27.465809214523592 ] ], [ [ 32.704480614388906, -27.550096259534726 ], [ 32.703459719290692, -27.549811686160329 ], [ 32.702878691598443, -27.549884112161944 ], [ 32.704480614388906, -27.550096259534726 ] ], [ [ 32.702559194851034, -27.515441259506449 ], [ 32.702579997968648, -27.516631757749398 ], [ 32.702723375983069, -27.516824520235371 ], [ 32.70294793489937, -27.516556493487322 ], [ 32.702559194851034, -27.515441259506449 ] ], [ [ 32.705814432190323, -27.54952138680245 ], [ 32.705767537941625, -27.549349515567645 ], [ 32.703123679514292, -27.549286620581043 ], [ 32.703850078118663, -27.549487089357605 ], [ 32.705814432190323, -27.54952138680245 ] ], [ [ 32.729120783897137, -27.420379766213202 ], [ 32.728540459474715, -27.420295823493362 ], [ 32.728098248435501, -27.420709048483744 ], [ 32.726693909396431, -27.420488917829196 ], [ 32.726844308418173, -27.420706606824407 ], [ 32.728283711124483, -27.420833644157291 ], [ 32.729120783897137, -27.420379766213202 ] ], [ [ 32.679398958695046, -27.607737469708383 ], [ 32.679113409556223, -27.607991969753598 ], [ 32.679404715255423, -27.608893257717611 ], [ 32.679685605006753, -27.607955555304638 ], [ 32.679398958695046, -27.607737469708383 ] ], [ [ 32.726532356982702, -27.435326541786385 ], [ 32.725233311468209, -27.434439172629638 ], [ 32.724537134581198, -27.434237160616416 ], [ 32.724540500743537, -27.434368750317471 ], [ 32.726532356982702, -27.435326541786385 ] ], [ [ 32.701781884726287, -27.515102443522895 ], [ 32.702051880989586, -27.514907984915506 ], [ 32.70264283359996, -27.515015254250564 ], [ 32.702200359958674, -27.514513947860333 ], [ 32.701452430685173, -27.514412008807142 ], [ 32.701781884726287, -27.515102443522895 ] ], [ [ 32.716530257265624, -27.491315170358781 ], [ 32.715887614322021, -27.493184529942052 ], [ 32.716271426085484, -27.49306316553265 ], [ 32.716779420733765, -27.49335036672603 ], [ 32.717147588790262, -27.493222010087663 ], [ 32.717657428847332, -27.49278678768006 ], [ 32.716967521134272, -27.493249546429336 ], [ 32.716498575049258, -27.492997318971021 ], [ 32.716530257265624, -27.491315170358781 ] ], [ [ 32.704330778342822, -27.555601101509591 ], [ 32.702565262576911, -27.555703456049606 ], [ 32.705245279146361, -27.555961655905637 ], [ 32.705868013797861, -27.556431319649612 ], [ 32.705499602025078, -27.556039021883311 ], [ 32.704330778342822, -27.555601101509591 ] ], [ [ 32.680685241031121, -27.532883251760616 ], [ 32.681921569624805, -27.530859734888793 ], [ 32.681829136405597, -27.53042868893283 ], [ 32.680685241031121, -27.532883251760616 ] ], [ [ 32.705972409798918, -27.556873058544767 ], [ 32.703515792919582, -27.556229933564541 ], [ 32.702141630631807, -27.556314700063286 ], [ 32.705972409798918, -27.556873058544767 ] ], [ [ 32.686454788557668, -27.507523755916548 ], [ 32.686745801077898, -27.506818162228296 ], [ 32.686393042904697, -27.506517994609741 ], [ 32.685933037879501, -27.506513327128264 ], [ 32.686157710110301, -27.507362020940487 ], [ 32.686454788557668, -27.507523755916548 ] ], [ [ 32.669891623699542, -27.615855764931553 ], [ 32.669473440746792, -27.616469414631705 ], [ 32.669178660966516, -27.616411043235004 ], [ 32.668783471879784, -27.615855392612207 ], [ 32.668691606132811, -27.616308121222712 ], [ 32.669179274304099, -27.616689297073371 ], [ 32.669643371244661, -27.616550554164693 ], [ 32.670042472382242, -27.615995965641265 ], [ 32.670129612191914, -27.614865866766277 ], [ 32.669891623699542, -27.615855764931553 ] ], [ [ 32.710576715642979, -27.539831007395001 ], [ 32.708712015447183, -27.539252255886829 ], [ 32.709640592439463, -27.539852897792947 ], [ 32.710846318902547, -27.540144165720616 ], [ 32.710576715642979, -27.539831007395001 ] ], [ [ 32.701839104990789, -27.517284773473484 ], [ 32.701728972214397, -27.517684643531446 ], [ 32.701949063298706, -27.51811023689789 ], [ 32.702694756857589, -27.518928699999428 ], [ 32.702388800302977, -27.517977791941508 ], [ 32.702145711755264, -27.517988385055915 ], [ 32.701839104990789, -27.517284773473484 ] ], [ [ 32.714949705064875, -27.437614578050244 ], [ 32.715782611278549, -27.436045547963626 ], [ 32.71575036968386, -27.43583786662418 ], [ 32.715051151289614, -27.436842840124925 ], [ 32.714949705064875, -27.437614578050244 ] ], [ [ 32.71190324983526, -27.481151399517429 ], [ 32.710944807257114, -27.481185127691457 ], [ 32.710882272898651, -27.48213801066056 ], [ 32.711629256085381, -27.481632931614424 ], [ 32.71190324983526, -27.481151399517429 ] ], [ [ 32.682279036648254, -27.606892232890175 ], [ 32.682727236272974, -27.606852181582912 ], [ 32.683183976759189, -27.60572931955241 ], [ 32.682352056202532, -27.606430332993483 ], [ 32.682279036648254, -27.606892232890175 ] ], [ [ 32.702572964370901, -27.554185308704994 ], [ 32.702650190953619, -27.554319943510574 ], [ 32.706304371149912, -27.5545850879314 ], [ 32.70420660714931, -27.554131162323262 ], [ 32.702572964370901, -27.554185308704994 ] ], [ [ 32.704957394468266, -27.515063137753526 ], [ 32.70509544399961, -27.515291844343096 ], [ 32.705374589066089, -27.51509727152181 ], [ 32.70576203409064, -27.514020155305911 ], [ 32.705626845302724, -27.513698134161505 ], [ 32.705279694402428, -27.513728509662947 ], [ 32.705199152019297, -27.514828040581563 ], [ 32.704957394468266, -27.515063137753526 ] ], [ [ 32.717196859047938, -27.431340351675793 ], [ 32.717093891170222, -27.431190273712119 ], [ 32.717295064115945, -27.431091720606403 ], [ 32.717088373829455, -27.430965542126025 ], [ 32.716598844960849, -27.431133930286595 ], [ 32.716421671323154, -27.430860591243196 ], [ 32.716492601752222, -27.430577726580786 ], [ 32.716186660486031, -27.43132827647873 ], [ 32.716339468791539, -27.431448353058997 ], [ 32.716148561606872, -27.43139348901823 ], [ 32.716068761164443, -27.431528394519802 ], [ 32.716825182736038, -27.431444233264688 ], [ 32.716488339865094, -27.431761597719493 ], [ 32.716702762522516, -27.431885710457109 ], [ 32.716429513411342, -27.432191970982618 ], [ 32.716550192537426, -27.432337701623545 ], [ 32.717196859047938, -27.431340351675793 ] ], [ [ 32.711687288437631, -27.504104684583442 ], [ 32.711383905742743, -27.504900350770505 ], [ 32.711707918885445, -27.504630367097718 ], [ 32.71175317726739, -27.50498741413778 ], [ 32.711977532936857, -27.504985919464552 ], [ 32.71220458657249, -27.504784372400795 ], [ 32.712237074581395, -27.504135235452704 ], [ 32.711687288437631, -27.504104684583442 ] ], [ [ 32.724496037362364, -27.441614591640057 ], [ 32.726281667365143, -27.442817945691591 ], [ 32.726693990335455, -27.442828126017172 ], [ 32.724496037362364, -27.441614591640057 ] ], [ [ 32.691180986713228, -27.528644613857789 ], [ 32.691182842014598, -27.528915254035713 ], [ 32.692457879227824, -27.529949160525259 ], [ 32.693669372143873, -27.530587873431557 ], [ 32.694289661538704, -27.530656847835161 ], [ 32.691180986713228, -27.528644613857789 ] ], [ [ 32.692012467501399, -27.483874499008898 ], [ 32.693801777530062, -27.484375801801772 ], [ 32.693601844749388, -27.48418846672433 ], [ 32.69374166684451, -27.483980978739048 ], [ 32.694313630269832, -27.484006963750339 ], [ 32.692918158546213, -27.483771225361682 ], [ 32.692012467501399, -27.483874499008898 ] ], [ [ 32.711372153402237, -27.538454234375365 ], [ 32.709628229459263, -27.538116356384712 ], [ 32.709315925489655, -27.53813444534828 ], [ 32.711056513847112, -27.538941704695834 ], [ 32.711623324157124, -27.538790572726722 ], [ 32.711372153402237, -27.538454234375365 ] ], [ [ 32.711487006720048, -27.476999908618836 ], [ 32.711870608042197, -27.47617694171241 ], [ 32.711349262058839, -27.475925174707019 ], [ 32.710986203950235, -27.476578051935508 ], [ 32.711165934360494, -27.476945535607879 ], [ 32.711487006720048, -27.476999908618836 ] ], [ [ 32.719560240512735, -27.480972686240392 ], [ 32.720230475556036, -27.482997325466172 ], [ 32.719153854866548, -27.483622642970545 ], [ 32.718857517460478, -27.48392790075194 ], [ 32.71887521701769, -27.485707833549558 ], [ 32.718714554033511, -27.485828518970941 ], [ 32.718657965093087, -27.485044529581302 ], [ 32.718536750870378, -27.486630623404494 ], [ 32.718153450821148, -27.486990151674089 ], [ 32.717715836216925, -27.488088772478811 ], [ 32.717978351919449, -27.487932508078735 ], [ 32.718978656140095, -27.485666775900903 ], [ 32.719004843498794, -27.483852210211264 ], [ 32.71997125856678, -27.483376256608867 ], [ 32.720333156549991, -27.482942407466076 ], [ 32.719560240512735, -27.480972686240392 ] ], [ [ 32.705325899770557, -27.556987457704956 ], [ 32.702199089216691, -27.556564726880598 ], [ 32.703565904942586, -27.556863048191055 ], [ 32.704870659353539, -27.557455259852262 ], [ 32.703994124329462, -27.556919987867072 ], [ 32.706162798074736, -27.557388321513791 ], [ 32.705325899770557, -27.556987457704956 ] ], [ [ 32.714680305052113, -27.456079464595543 ], [ 32.714348601806627, -27.457059110489514 ], [ 32.714453873747352, -27.457592931868213 ], [ 32.714801989620177, -27.457444728990986 ], [ 32.715054808832399, -27.456497999183277 ], [ 32.715009587322633, -27.456047023351367 ], [ 32.714680305052113, -27.456079464595543 ] ], [ [ 32.704172289020022, -27.515799150110652 ], [ 32.704336056463909, -27.516217370834937 ], [ 32.704051107172951, -27.517304008173383 ], [ 32.704223999138364, -27.517555873204895 ], [ 32.704504478798711, -27.516519538545786 ], [ 32.705138443284575, -27.516362237227455 ], [ 32.704979171551628, -27.515885986848748 ], [ 32.704622861955599, -27.516067078832556 ], [ 32.704328920343471, -27.5156447185289 ], [ 32.704172289020022, -27.515799150110652 ] ], [ [ 32.697189394175282, -27.560149278866092 ], [ 32.697199083471006, -27.559885380905513 ], [ 32.693391961869622, -27.560824752460249 ], [ 32.697189394175282, -27.560149278866092 ] ], [ [ 32.715060657123651, -27.453769014528305 ], [ 32.7148536574704, -27.454168538347368 ], [ 32.71527337826388, -27.454336341049242 ], [ 32.714792420833625, -27.454420626410748 ], [ 32.715030374252464, -27.454798129430039 ], [ 32.71460963632569, -27.454820198793012 ], [ 32.714826610359829, -27.455229175386052 ], [ 32.714447272723582, -27.455133334635637 ], [ 32.714986918111862, -27.455416021232327 ], [ 32.715688608742369, -27.453848669280607 ], [ 32.715060657123651, -27.453769014528305 ] ], [ [ 32.708541336713395, -27.488785205672656 ], [ 32.709428742742318, -27.48760773860619 ], [ 32.709471721342929, -27.487853109633214 ], [ 32.709766989455041, -27.487799864372242 ], [ 32.710199111899556, -27.486705978497998 ], [ 32.708019063529044, -27.489092070542558 ], [ 32.708541336713395, -27.488785205672656 ] ], [ [ 32.716268360296624, -27.441104038420526 ], [ 32.717010304581947, -27.441900125490342 ], [ 32.717758819314106, -27.441879859268038 ], [ 32.717248362322103, -27.441062245126467 ], [ 32.716468153682399, -27.441282999910495 ], [ 32.716558899773467, -27.440910655402384 ], [ 32.716319550606855, -27.441052602595484 ], [ 32.71630031320894, -27.44079215173635 ], [ 32.716268360296624, -27.441104038420526 ] ], [ [ 32.708542984271332, -27.5422262869135 ], [ 32.707662330352356, -27.542176202769465 ], [ 32.708076117418955, -27.542576373200994 ], [ 32.709707392282418, -27.5429871151632 ], [ 32.708992010373024, -27.542945436982244 ], [ 32.709213933376411, -27.543154913368507 ], [ 32.710070569101561, -27.543202257278256 ], [ 32.708542984271332, -27.5422262869135 ] ], [ [ 32.704466248618566, -27.513469839461475 ], [ 32.703968705891143, -27.514854080451418 ], [ 32.704815864560551, -27.514981331822938 ], [ 32.704712203305618, -27.51356530789257 ], [ 32.704466248618566, -27.513469839461475 ] ], [ [ 32.716755010435456, -27.46802881507773 ], [ 32.71613416436027, -27.468039756229675 ], [ 32.715392042009164, -27.469060329370652 ], [ 32.716342981543384, -27.468492192560539 ], [ 32.716456504763947, -27.468720450388449 ], [ 32.716154107726013, -27.469167755187655 ], [ 32.716263098363356, -27.469383799322802 ], [ 32.716541649877314, -27.46934773111284 ], [ 32.716816605901684, -27.468932924215014 ], [ 32.716755010435456, -27.46802881507773 ] ], [ [ 32.699274190851312, -27.523103866450242 ], [ 32.699456944782256, -27.525846975857103 ], [ 32.700022147104448, -27.527862218066829 ], [ 32.70073573666501, -27.528718692813317 ], [ 32.700118392549861, -27.52774601126935 ], [ 32.699579722925925, -27.525756340382788 ], [ 32.699503244579184, -27.523641545920572 ], [ 32.699274190851312, -27.523103866450242 ] ], [ [ 32.70368285278149, -27.515674255862152 ], [ 32.703364371368735, -27.515866881651188 ], [ 32.70309554332475, -27.516946274950609 ], [ 32.703516845126387, -27.517217810853264 ], [ 32.70388176033503, -27.516963416028759 ], [ 32.703959587664919, -27.515960938146737 ], [ 32.70368285278149, -27.515674255862152 ] ], [ [ 32.70008616804229, -27.550866578329856 ], [ 32.697648748990616, -27.551315765410177 ], [ 32.696561930888471, -27.551679926087669 ], [ 32.701388461008762, -27.550890290754324 ], [ 32.70008616804229, -27.550866578329856 ] ], [ [ 32.707140718169683, -27.50817547571755 ], [ 32.706767915007326, -27.509551404273868 ], [ 32.706257319519828, -27.510790232982817 ], [ 32.706568676503267, -27.510470418774748 ], [ 32.707161778493337, -27.50853469372111 ], [ 32.707659726815002, -27.507905704284781 ], [ 32.707593738160526, -27.506973039873859 ], [ 32.707179901631207, -27.507227234149479 ], [ 32.707140718169683, -27.50817547571755 ] ], [ [ 32.702788929365667, -27.510077535549804 ], [ 32.702755882877739, -27.51097071972287 ], [ 32.703317782889464, -27.51097434668873 ], [ 32.703435842290368, -27.51007252722528 ], [ 32.704077998700704, -27.509726206399225 ], [ 32.704128544197047, -27.509358554553625 ], [ 32.703339504214789, -27.509509573208202 ], [ 32.702788929365667, -27.510077535549804 ] ], [ [ 32.702319732369823, -27.516069084320723 ], [ 32.70126372324232, -27.515501207414722 ], [ 32.701323079396658, -27.514886465038238 ], [ 32.700824369349263, -27.51432744465577 ], [ 32.7007250041557, -27.514762861316974 ], [ 32.701045518935601, -27.515620060017703 ], [ 32.701808681825263, -27.516444252700058 ], [ 32.702356571298807, -27.51652751733101 ], [ 32.702319732369823, -27.516069084320723 ] ], [ [ 32.680752563380153, -27.606995084755333 ], [ 32.680263144228817, -27.606827116578103 ], [ 32.680056482720552, -27.607172257493637 ], [ 32.679019515838036, -27.607337183264367 ], [ 32.676766046815708, -27.606939084870806 ], [ 32.676366187549561, -27.607050548643876 ], [ 32.679064651912206, -27.607629731826602 ], [ 32.680752563380153, -27.606995084755333 ] ], [ [ 32.700348134259073, -27.552321006009524 ], [ 32.696283469306756, -27.553785366701259 ], [ 32.695651384403902, -27.553770108803455 ], [ 32.696398221900488, -27.553954943765586 ], [ 32.696900656939825, -27.553567438486432 ], [ 32.700210381503986, -27.552592707387433 ], [ 32.701767494674186, -27.55254332651327 ], [ 32.700348134259073, -27.552321006009524 ] ], [ [ 32.721234484983562, -27.443166124516981 ], [ 32.723483805433332, -27.443848976149301 ], [ 32.725373667760657, -27.444116448015592 ], [ 32.726354823616283, -27.444592562596675 ], [ 32.726136916085878, -27.444253477715797 ], [ 32.72506250952722, -27.443767842012242 ], [ 32.721234484983562, -27.443166124516981 ] ], [ [ 32.695043373452954, -27.555721750058702 ], [ 32.701483668636449, -27.553923013336377 ], [ 32.700341798535241, -27.553939523090477 ], [ 32.698714417736248, -27.55465011341192 ], [ 32.695043373452954, -27.555721750058702 ] ], [ [ 32.708982786026816, -27.457932014950451 ], [ 32.709138145708877, -27.456692992887263 ], [ 32.708665024971005, -27.456438914624155 ], [ 32.708050728658229, -27.456703871986051 ], [ 32.707728362174223, -27.456591141068213 ], [ 32.708515889496773, -27.456894621789335 ], [ 32.707929562099643, -27.457382518388432 ], [ 32.708050221440637, -27.457776290143588 ], [ 32.708982786026816, -27.457932014950451 ] ], [ [ 32.702378446408211, -27.525830912166867 ], [ 32.702560819026665, -27.525626497165071 ], [ 32.699917379683356, -27.52110924029915 ], [ 32.701109161258827, -27.523929687804802 ], [ 32.702378446408211, -27.525830912166867 ] ], [ [ 32.700944986422073, -27.554536275428745 ], [ 32.701033328625279, -27.554309587817144 ], [ 32.700567586824718, -27.554281059523237 ], [ 32.69960527086657, -27.554893252321619 ], [ 32.695059443438623, -27.556070020614904 ], [ 32.695900754716114, -27.556110403772131 ], [ 32.700944986422073, -27.554536275428745 ] ], [ [ 32.70314631005418, -27.556895046069471 ], [ 32.69917399468418, -27.556806093226569 ], [ 32.694581728963669, -27.557870104521616 ], [ 32.69950016799838, -27.55693023564179 ], [ 32.70315250818178, -27.556959590412653 ], [ 32.703991652093165, -27.557415163578852 ], [ 32.704874796234883, -27.557571037673192 ], [ 32.70314631005418, -27.556895046069471 ] ], [ [ 32.714930546807359, -27.490294970436455 ], [ 32.714223337037438, -27.491489282704219 ], [ 32.713398115530644, -27.49168544192959 ], [ 32.713359022900654, -27.491883234323762 ], [ 32.714187708595944, -27.492216136365574 ], [ 32.714988288678668, -27.49222208448154 ], [ 32.714627976200184, -27.491679374203699 ], [ 32.715180365881267, -27.490678292069525 ], [ 32.7151715822028, -27.490338463449291 ], [ 32.714930546807359, -27.490294970436455 ] ], [ [ 32.713911444057942, -27.48783776360186 ], [ 32.715545958279442, -27.487935518109605 ], [ 32.716233461205313, -27.48819735662261 ], [ 32.71589600769466, -27.487788572484604 ], [ 32.715146379601762, -27.487813582630672 ], [ 32.71419844200453, -27.487355883467195 ], [ 32.713053881131806, -27.487207439571659 ], [ 32.712321825791705, -27.486755093172938 ], [ 32.712058292955916, -27.486841233835829 ], [ 32.712219840873033, -27.487240357456482 ], [ 32.713911444057942, -27.48783776360186 ] ], [ [ 32.700915699999612, -27.483592950953867 ], [ 32.701458794287994, -27.483614646198927 ], [ 32.701767974912215, -27.483323816241043 ], [ 32.702379306160083, -27.481929266322513 ], [ 32.702427186065869, -27.481239654486458 ], [ 32.702008231494787, -27.481275701112668 ], [ 32.701615120741323, -27.481968680010546 ], [ 32.701168238623403, -27.482119633913914 ], [ 32.700915699999612, -27.483592950953867 ] ], [ [ 32.703022516575921, -27.557206081995041 ], [ 32.699549994037078, -27.557225917442075 ], [ 32.696377120207956, -27.557992784639243 ], [ 32.694175941366645, -27.558851521180703 ], [ 32.700385473211099, -27.557295149951148 ], [ 32.703221660651202, -27.557296767831531 ], [ 32.704739476145946, -27.557966758259212 ], [ 32.703022516575921, -27.557206081995041 ] ], [ [ 32.693594808453774, -27.560073078409779 ], [ 32.699519879338986, -27.559215674663601 ], [ 32.700604539967635, -27.559573422275534 ], [ 32.699858445311079, -27.558990693065962 ], [ 32.699264892760688, -27.559131570065841 ], [ 32.698838851531825, -27.558897874936886 ], [ 32.693594808453774, -27.560073078409779 ] ], [ [ 32.673250354120633, -27.605912151724372 ], [ 32.675692144776697, -27.608056285669008 ], [ 32.675728171617919, -27.60766733787727 ], [ 32.674976002940276, -27.607053308663254 ], [ 32.673741000846583, -27.605181914813468 ], [ 32.673003124194892, -27.605431998288065 ], [ 32.673250354120633, -27.605912151724372 ] ], [ [ 32.703991176351735, -27.554599833215619 ], [ 32.701020343314298, -27.554795244205145 ], [ 32.694990957366819, -27.556605180184835 ], [ 32.696021230595392, -27.556585166672004 ], [ 32.701322817693956, -27.554991301807089 ], [ 32.703339184056219, -27.554801811954025 ], [ 32.705801792219042, -27.555027858348932 ], [ 32.703991176351735, -27.554599833215619 ] ], [ [ 32.705601123792839, -27.553000674941078 ], [ 32.700590622059622, -27.552880797111051 ], [ 32.695555828738598, -27.554419038907479 ], [ 32.697007576438608, -27.554240066625688 ], [ 32.700363831026067, -27.553030864282874 ], [ 32.70158411301648, -27.553002452900813 ], [ 32.704054690071949, -27.553436150957538 ], [ 32.705686529709645, -27.553195396150581 ], [ 32.705601123792839, -27.553000674941078 ] ], [ [ 32.700654009874718, -27.551832441214163 ], [ 32.696226265230045, -27.553037480595211 ], [ 32.697707811066678, -27.553029489219519 ], [ 32.6985329957012, -27.552513365599243 ], [ 32.699405986497155, -27.552452468006958 ], [ 32.700525325883156, -27.551980147665631 ], [ 32.704528068015996, -27.552603040597774 ], [ 32.704945594463631, -27.552603358957811 ], [ 32.7036361051222, -27.552237915847087 ], [ 32.705502397117989, -27.552257574127658 ], [ 32.705042647500257, -27.552054818375062 ], [ 32.700654009874718, -27.551832441214163 ] ], [ [ 32.703284094285571, -27.553723240634969 ], [ 32.700796910349212, -27.553126089897038 ], [ 32.698449395623179, -27.554159061091763 ], [ 32.695503881199244, -27.554919044877984 ], [ 32.696487602820653, -27.554888624410445 ], [ 32.699285440470767, -27.554194329804396 ], [ 32.700609157087015, -27.553514901891155 ], [ 32.703586444558859, -27.553996435786793 ], [ 32.705423644385789, -27.55404255661864 ], [ 32.704576881418042, -27.553719973397985 ], [ 32.703284094285571, -27.553723240634969 ] ], [ [ 32.688182608340796, -27.606866319824761 ], [ 32.689053650305766, -27.608145653099402 ], [ 32.690143527002235, -27.608623058207524 ], [ 32.689703301666121, -27.607082917942254 ], [ 32.688918466014485, -27.606177664867282 ], [ 32.688091141892755, -27.606382146418852 ], [ 32.688182608340796, -27.606866319824761 ] ], [ [ 32.710410293400351, -27.479066121704118 ], [ 32.707414638175074, -27.478433266981646 ], [ 32.705941454234804, -27.477590674170251 ], [ 32.705968072368705, -27.477266312090578 ], [ 32.707872630517549, -27.477190241136633 ], [ 32.708484698310279, -27.476834533187137 ], [ 32.70997183882934, -27.476542390219059 ], [ 32.709956928069829, -27.476256706182017 ], [ 32.707995192823937, -27.476666499359393 ], [ 32.7073561040011, -27.477096430156116 ], [ 32.704926669130593, -27.477089276948515 ], [ 32.705073436689844, -27.477554173386352 ], [ 32.705810030908296, -27.477687509570821 ], [ 32.707296799108057, -27.478730679077543 ], [ 32.710410293400351, -27.479066121704118 ] ], [ [ 32.703426619742764, -27.558041486525308 ], [ 32.699777607950331, -27.557911070439463 ], [ 32.693964481975364, -27.55922430275934 ], [ 32.695587887770877, -27.559233781613639 ], [ 32.700491207403331, -27.558106338436751 ], [ 32.70350275005196, -27.558189894448009 ], [ 32.704828687993611, -27.558714569721584 ], [ 32.703426619742764, -27.558041486525308 ] ], [ [ 32.700040543636248, -27.551813291949841 ], [ 32.706051015042355, -27.55136708792071 ], [ 32.702075492689957, -27.55109795320794 ], [ 32.696296542751313, -27.552580857020853 ], [ 32.700040543636248, -27.551813291949841 ] ], [ [ 32.703724124468835, -27.555926896209257 ], [ 32.701510614123599, -27.555901783540399 ], [ 32.700766432325054, -27.555682017111323 ], [ 32.694744110552321, -27.557131106415376 ], [ 32.702429252707859, -27.55605541202759 ], [ 32.704553295797993, -27.556178281002811 ], [ 32.705795997887087, -27.556545180115872 ], [ 32.703724124468835, -27.555926896209257 ] ], [ [ 32.715780420530081, -27.483872262394907 ], [ 32.716150620155055, -27.485608848769267 ], [ 32.716743208632252, -27.485856021138421 ], [ 32.717248554777029, -27.485629635699055 ], [ 32.717610621832804, -27.484442207741647 ], [ 32.71720241865679, -27.483313558573787 ], [ 32.716526584434391, -27.483066191951085 ], [ 32.716089125412843, -27.48319991574342 ], [ 32.715780420530081, -27.483872262394907 ] ], [ [ 32.698741177963072, -27.560314156972673 ], [ 32.698477266512711, -27.559966601377429 ], [ 32.698062446125043, -27.559962883580145 ], [ 32.692970739208349, -27.561810395933001 ], [ 32.692405054849473, -27.562971021395473 ], [ 32.698741177963072, -27.560314156972673 ] ], [ [ 32.704419482073519, -27.482942668269473 ], [ 32.704705674227526, -27.482747161951878 ], [ 32.70456864093012, -27.482380420220167 ], [ 32.704733605371636, -27.482040038516867 ], [ 32.705510046751357, -27.48199353727188 ], [ 32.704759416813651, -27.481888578295202 ], [ 32.704930151305504, -27.481334907080278 ], [ 32.705801603361387, -27.481156644363544 ], [ 32.704987233973711, -27.481106079981526 ], [ 32.705096649990487, -27.480413351095248 ], [ 32.705633724217051, -27.480340909805086 ], [ 32.706251405577966, -27.481110517236516 ], [ 32.707138941109299, -27.481539993875554 ], [ 32.707848576350791, -27.481437185177928 ], [ 32.707896955380299, -27.480821944577016 ], [ 32.706151436039995, -27.480595778572262 ], [ 32.705384853028619, -27.480124842287569 ], [ 32.704912818671687, -27.480283754291818 ], [ 32.704665506907652, -27.480667526485089 ], [ 32.703937897815791, -27.480731676925299 ], [ 32.703792439669471, -27.480038746590829 ], [ 32.703341929686367, -27.480010387369433 ], [ 32.703084838694394, -27.480823325935706 ], [ 32.703863275669697, -27.482052779212353 ], [ 32.704417273338528, -27.482488488153148 ], [ 32.704419482073519, -27.482942668269473 ] ], [ [ 32.718296587817385, -27.428207856507278 ], [ 32.718653067385212, -27.427998477247822 ], [ 32.71903003171068, -27.428145509207866 ], [ 32.718982761545249, -27.42766637110611 ], [ 32.719346606560705, -27.427563489563322 ], [ 32.719517154892898, -27.426688218086721 ], [ 32.719778726307183, -27.426710700238569 ], [ 32.719846467740417, -27.426099587525897 ], [ 32.720237721393836, -27.425556897932424 ], [ 32.720501479959417, -27.426110068224968 ], [ 32.719980249988623, -27.42667079821868 ], [ 32.719996403611148, -27.427636186260905 ], [ 32.720598346836347, -27.427250716147547 ], [ 32.720474131575926, -27.427000458204517 ], [ 32.720842328410789, -27.4264394422264 ], [ 32.721931908330937, -27.426924318902156 ], [ 32.722035965287631, -27.427187692557915 ], [ 32.722440750140578, -27.42711421704745 ], [ 32.72296443526055, -27.42740153605201 ], [ 32.722662698324925, -27.42704936783398 ], [ 32.722970540757906, -27.426965902654224 ], [ 32.722592176188058, -27.426868524063053 ], [ 32.723424418701995, -27.426528946353752 ], [ 32.722544086740228, -27.426634088792127 ], [ 32.722288669386664, -27.42690938476029 ], [ 32.722254026602123, -27.426881292637525 ], [ 32.722295559992169, -27.426800250231327 ], [ 32.722292557155882, -27.426677815628604 ], [ 32.722019833248766, -27.426607964385976 ], [ 32.722292505894522, -27.426698490143167 ], [ 32.722084624905605, -27.426862655986689 ], [ 32.72200255277567, -27.426611739739904 ], [ 32.721119168514868, -27.426392780002722 ], [ 32.721123258631529, -27.426081566910714 ], [ 32.720813170591441, -27.426390696273593 ], [ 32.720553830395041, -27.425939591838628 ], [ 32.720915711291099, -27.4258611916406 ], [ 32.720567528868401, -27.425531694432092 ], [ 32.720861256441871, -27.425350829077409 ], [ 32.720213586288047, -27.425189645385771 ], [ 32.720605370541513, -27.425094292967191 ], [ 32.720443551928447, -27.42469708040592 ], [ 32.720714208294119, -27.424464772930882 ], [ 32.720305983534381, -27.424383635196591 ], [ 32.720207815338519, -27.424568566386228 ], [ 32.720042057694869, -27.424278738273095 ], [ 32.720273565672613, -27.423971664760433 ], [ 32.720556575125926, -27.424373607755768 ], [ 32.720783660237757, -27.424272064404168 ], [ 32.720491429136203, -27.424072664921514 ], [ 32.720748983279044, -27.423846514205202 ], [ 32.720647393162743, -27.423605003068424 ], [ 32.720943378034526, -27.423636602547077 ], [ 32.720679576301499, -27.423451085898851 ], [ 32.720890939465363, -27.423395028457758 ], [ 32.72066439844334, -27.423263972054581 ], [ 32.720936724850063, -27.422945116523834 ], [ 32.720701553933651, -27.42295073189068 ], [ 32.720832067146262, -27.422784995830821 ], [ 32.720659545701551, -27.422800165595099 ], [ 32.720335930958548, -27.423196010287583 ], [ 32.720561342432077, -27.42311181305968 ], [ 32.72050241615365, -27.423567763041767 ], [ 32.720269444079619, -27.423524990385939 ], [ 32.720476418551947, -27.423783406978608 ], [ 32.719984992113709, -27.42393143448804 ], [ 32.719569199558997, -27.424597775466871 ], [ 32.719888631105569, -27.425350275544716 ], [ 32.719590465827395, -27.425503235385985 ], [ 32.719452727461452, -27.425999542444853 ], [ 32.719370049188477, -27.425782956917899 ], [ 32.719254657176762, -27.426040048809138 ], [ 32.718903603218799, -27.426047439437742 ], [ 32.719268054377302, -27.426731204781206 ], [ 32.718480553135073, -27.427806500769353 ], [ 32.718296587817385, -27.428207856507278 ] ], [ [ 32.710979325035872, -27.468638204689334 ], [ 32.711841193916023, -27.469246070849444 ], [ 32.711096310646326, -27.469017241052715 ], [ 32.711755850052491, -27.469405832712937 ], [ 32.711947515365608, -27.470092297821239 ], [ 32.713742492022519, -27.470175562452191 ], [ 32.714757054994138, -27.469818748336518 ], [ 32.715182624978183, -27.467990271933417 ], [ 32.71439426668212, -27.468148587687171 ], [ 32.713689668543438, -27.468761644734062 ], [ 32.710979325035872, -27.468638204689334 ] ], [ [ 32.718421743768552, -27.509112876857724 ], [ 32.720038602499613, -27.505303251543779 ], [ 32.721216557897918, -27.501635330605957 ], [ 32.721844328752852, -27.498324371272645 ], [ 32.721548930239024, -27.497978292364259 ], [ 32.721320865765406, -27.498038810442683 ], [ 32.720838580935833, -27.500369024910515 ], [ 32.719921553936622, -27.502578680761481 ], [ 32.719084154710082, -27.506461175442826 ], [ 32.718413047324326, -27.508341021121172 ], [ 32.718421743768552, -27.509112876857724 ] ], [ [ 32.714512729878606, -27.479873134637359 ], [ 32.714966365005836, -27.47893502033487 ], [ 32.715862741772206, -27.478998531357053 ], [ 32.716854940403209, -27.479848436556018 ], [ 32.719269028343071, -27.479341957265497 ], [ 32.719105653902815, -27.477957286399619 ], [ 32.716705137632069, -27.4779576865979 ], [ 32.716322395162493, -27.477709640987076 ], [ 32.716424715528255, -27.476904920425675 ], [ 32.715677692771337, -27.478002256998522 ], [ 32.714438369435278, -27.478341698010944 ], [ 32.714230566687384, -27.478715794398315 ], [ 32.71479027235327, -27.479022672758099 ], [ 32.714412397913868, -27.479978907500552 ], [ 32.714365932641776, -27.481016326742012 ], [ 32.713825794424949, -27.481918838683463 ], [ 32.714515189524455, -27.481345735816969 ], [ 32.714512729878606, -27.479873134637359 ] ], [ [ 32.721371638790217, -27.466691089721962 ], [ 32.720233893879147, -27.471206690936022 ], [ 32.719134815319563, -27.473964901758773 ], [ 32.719177551103186, -27.474634840925095 ], [ 32.719848466933229, -27.47435168668094 ], [ 32.720998073902066, -27.472363346790992 ], [ 32.721954782587211, -27.469194282490086 ], [ 32.722288640608362, -27.466458827213021 ], [ 32.721929589878755, -27.466357282062855 ], [ 32.721371638790217, -27.466691089721962 ] ], [ [ 32.686797405975582, -27.531974029078118 ], [ 32.686597314914223, -27.532215730871261 ], [ 32.686951505707498, -27.531939067933596 ], [ 32.687144118006692, -27.53121843937938 ], [ 32.687442912360538, -27.531323374074407 ], [ 32.687343646092486, -27.532050396808273 ], [ 32.6877072213113, -27.531555396464341 ], [ 32.687833733440087, -27.530807886274896 ], [ 32.688187417915096, -27.530689882631933 ], [ 32.68801517436092, -27.530163896146828 ], [ 32.688383016862822, -27.529865268167569 ], [ 32.688317621760838, -27.529472401130377 ], [ 32.688660706826269, -27.529707018064386 ], [ 32.688657051981451, -27.53032138992014 ], [ 32.689090718561879, -27.530202578685973 ], [ 32.688976265442399, -27.530464834484416 ], [ 32.689455908963048, -27.530605179085679 ], [ 32.689426404005431, -27.530912178853949 ], [ 32.688950813729171, -27.530772265927286 ], [ 32.688549483172203, -27.530760525277962 ], [ 32.689482870638088, -27.530985440325729 ], [ 32.689849562007751, -27.530622153789317 ], [ 32.691120695263926, -27.531171320300142 ], [ 32.691238191689244, -27.531199279323182 ], [ 32.691281487750523, -27.531180119267034 ], [ 32.6913235040765, -27.531136878963746 ], [ 32.691366604984886, -27.5311875296807 ], [ 32.691667011823192, -27.53118812413258 ], [ 32.689756259144119, -27.530448154758545 ], [ 32.689787322626927, -27.530098287905613 ], [ 32.690161599778051, -27.529888511145831 ], [ 32.690289663237415, -27.53000075912766 ], [ 32.690890451733061, -27.530207966524408 ], [ 32.690122401028034, -27.529815990715303 ], [ 32.690347300787373, -27.529246696477774 ], [ 32.69140414718369, -27.529349146345986 ], [ 32.69035487847492, -27.529196142887635 ], [ 32.690302219571834, -27.528352529345661 ], [ 32.690527941311466, -27.52836843385608 ], [ 32.690085450583162, -27.528041270388247 ], [ 32.690305157656944, -27.527793329998111 ], [ 32.689564324034393, -27.527632066266772 ], [ 32.688261595796106, -27.528087988369947 ], [ 32.687914941321537, -27.527878451729116 ], [ 32.687519413190437, -27.528024725560616 ], [ 32.688026807091582, -27.528059412411892 ], [ 32.688079878783419, -27.528329373601668 ], [ 32.686230485048902, -27.530733947613534 ], [ 32.686797405975582, -27.531974029078118 ] ], [ [ 32.737934112969043, -27.440578582535505 ], [ 32.739760442690326, -27.440582014348408 ], [ 32.740646567185379, -27.437814930814344 ], [ 32.737486364803942, -27.437141791860146 ], [ 32.736632501688639, -27.44007249445 ], [ 32.737934112969043, -27.440578582535505 ] ], [ [ 32.730048816799545, -27.470104110416315 ], [ 32.729409114639019, -27.471038875643575 ], [ 32.728249382203273, -27.475075909825335 ], [ 32.727534732342107, -27.478549568207935 ], [ 32.727803535205041, -27.478917502440734 ], [ 32.728181221686086, -27.478874500457732 ], [ 32.728378164220956, -27.478546836966906 ], [ 32.72986552417467, -27.474890975937701 ], [ 32.730503621045344, -27.472614512149963 ], [ 32.730847970557456, -27.470136271072032 ], [ 32.731435051586466, -27.468655748663789 ], [ 32.731241021955682, -27.467793721503025 ], [ 32.730549066486276, -27.468037320865598 ], [ 32.730048816799545, -27.470104110416315 ] ], [ [ 32.717566617105796, -27.462931307533744 ], [ 32.715618121679057, -27.463798215315336 ], [ 32.715557839223031, -27.464268411457954 ], [ 32.713708833096227, -27.464489454025081 ], [ 32.713426067359237, -27.464832557076843 ], [ 32.714785187586443, -27.46484251526979 ], [ 32.715519422883098, -27.464598538191922 ], [ 32.715994478062811, -27.464129197304551 ], [ 32.716314767112848, -27.464602552765545 ], [ 32.716732521089092, -27.463972630732187 ], [ 32.716782001788026, -27.465089396258556 ], [ 32.717140631634905, -27.465179745748618 ], [ 32.717244766832593, -27.464763245427349 ], [ 32.71757177022107, -27.464666100660001 ], [ 32.717227980087287, -27.463607509578889 ], [ 32.717885495119582, -27.463113650474515 ], [ 32.718268434540725, -27.463806994497144 ], [ 32.717902870021518, -27.464192072506044 ], [ 32.717734485458216, -27.465146751421376 ], [ 32.718175794477375, -27.465145442008488 ], [ 32.718745871125115, -27.464626802085199 ], [ 32.718196115558321, -27.465369150166104 ], [ 32.718977578752302, -27.464799152658703 ], [ 32.718437077209387, -27.465560153578117 ], [ 32.719102060212009, -27.46514525494948 ], [ 32.718745716441774, -27.46583618339309 ], [ 32.719210725294801, -27.465586181756816 ], [ 32.719220995552639, -27.465938707005694 ], [ 32.719936907162584, -27.465066777409753 ], [ 32.719381173802148, -27.465977867984151 ], [ 32.719788368838181, -27.465828282848904 ], [ 32.719258027835814, -27.466306245536757 ], [ 32.719676478786575, -27.466808987244907 ], [ 32.719928905894378, -27.467679760312617 ], [ 32.720832886428653, -27.465437313381241 ], [ 32.721409067674351, -27.464793005792544 ], [ 32.72127989445169, -27.463167032432573 ], [ 32.720715578860926, -27.462592212760345 ], [ 32.720128646220125, -27.462519262453959 ], [ 32.717566617105796, -27.462931307533744 ] ], [ [ 32.733672974028643, -27.450229055426444 ], [ 32.734452634081876, -27.449881802003514 ], [ 32.734871973562811, -27.447917015357913 ], [ 32.736124954003479, -27.445347679251924 ], [ 32.735801096443524, -27.448746843192247 ], [ 32.736593869511559, -27.449040894521609 ], [ 32.737221949733225, -27.448792855206069 ], [ 32.738191945901647, -27.446439881595218 ], [ 32.738926386243847, -27.443408738222683 ], [ 32.73590728569279, -27.442561434762332 ], [ 32.733672974028643, -27.450229055426444 ] ], [ [ 32.691767308714418, -27.594018290311794 ], [ 32.692104580561995, -27.593858164222802 ], [ 32.692155464203367, -27.592477256120461 ], [ 32.693493758830002, -27.58922237940925 ], [ 32.694747690753388, -27.583909034574209 ], [ 32.696634336205733, -27.57867273645757 ], [ 32.697379958718201, -27.575743910752852 ], [ 32.697374650919521, -27.574550904300743 ], [ 32.696716108861388, -27.575301112456305 ], [ 32.695515164093599, -27.577849816315929 ], [ 32.693569661610667, -27.584603816612805 ], [ 32.693342312997395, -27.586886959665421 ], [ 32.692306465770855, -27.589401229383192 ], [ 32.691339317755407, -27.59087856998995 ], [ 32.691337716062762, -27.593237672480516 ], [ 32.691767308714418, -27.594018290311794 ] ], [ [ 32.706406644750921, -27.476556671453174 ], [ 32.706581311078743, -27.476189955801786 ], [ 32.70692892333124, -27.47610487723821 ], [ 32.70661199774554, -27.475701971069011 ], [ 32.707047185079624, -27.474537224912972 ], [ 32.706557938598081, -27.474389703721791 ], [ 32.706415695527987, -27.474336472849874 ], [ 32.706290197834434, -27.474232486040368 ], [ 32.706212166358469, -27.474126496440594 ], [ 32.706105500468546, -27.474077584113125 ], [ 32.705612041562503, -27.474032079316913 ], [ 32.705495870737877, -27.473987389306469 ], [ 32.705481852105848, -27.473911154675985 ], [ 32.705489091648332, -27.473864603968231 ], [ 32.705495964267449, -27.47398731286415 ], [ 32.706105601192597, -27.474077504073502 ], [ 32.706212258089309, -27.474126414602324 ], [ 32.706415793554072, -27.474336399105482 ], [ 32.70655803797316, -27.474389623232486 ], [ 32.708019947562647, -27.474805467498271 ], [ 32.709169097675826, -27.474585628224112 ], [ 32.710031364955583, -27.47472076575071 ], [ 32.71010765624343, -27.474583333154275 ], [ 32.709540767692324, -27.474480551436276 ], [ 32.710383107794286, -27.474106486525095 ], [ 32.711352631818549, -27.474100214653141 ], [ 32.710767793698771, -27.473877975088431 ], [ 32.708435064726544, -27.474594223044889 ], [ 32.707103215540997, -27.47437741268735 ], [ 32.707363026082852, -27.473240372844881 ], [ 32.708036760388225, -27.473240916934738 ], [ 32.708338795898769, -27.47300148862773 ], [ 32.70735210561525, -27.472954146516599 ], [ 32.707626763064738, -27.47190169960372 ], [ 32.708823512495172, -27.472157124151909 ], [ 32.709757282172866, -27.472733728079056 ], [ 32.712074389921256, -27.472925370909071 ], [ 32.709625925396232, -27.472504966630868 ], [ 32.708576579345738, -27.471613099964568 ], [ 32.709837978340147, -27.471556880645455 ], [ 32.708160991836365, -27.47130373587861 ], [ 32.708061973781142, -27.470020638041962 ], [ 32.708674078445981, -27.46992660043222 ], [ 32.708412705781868, -27.469779412889494 ], [ 32.708849840148055, -27.469848641801335 ], [ 32.70823650341201, -27.469371911184723 ], [ 32.709319431046929, -27.468745939873166 ], [ 32.707710882051629, -27.46939538888606 ], [ 32.706890908089015, -27.468752484239676 ], [ 32.704894928458252, -27.469730326093618 ], [ 32.704864239093453, -27.470220694029752 ], [ 32.705399816848129, -27.470791517114776 ], [ 32.705176948657304, -27.472203354701033 ], [ 32.705428978264806, -27.472880841877338 ], [ 32.70439110756363, -27.473779058656579 ], [ 32.704463524572112, -27.474679629860965 ], [ 32.704228491251925, -27.475643907240521 ], [ 32.704455034971986, -27.47586605057775 ], [ 32.70498855058122, -27.475719413420141 ], [ 32.705996619548429, -27.476721314836727 ], [ 32.706406644750921, -27.476556671453174 ] ], [ [ 32.721233315864929, -27.473209133094979 ], [ 32.719932398861133, -27.476231264361296 ], [ 32.720283693837487, -27.477297273949997 ], [ 32.720249518700363, -27.478343762854319 ], [ 32.721368430908392, -27.478020856777061 ], [ 32.721391402291481, -27.478643052734611 ], [ 32.721733791281494, -27.479072049135716 ], [ 32.723208442016016, -27.475955664422333 ], [ 32.724002288874608, -27.472442443963558 ], [ 32.72518502596828, -27.468966717140226 ], [ 32.725411470762829, -27.467398507235256 ], [ 32.724706926583437, -27.46743776893781 ], [ 32.723390118559159, -27.470890626900893 ], [ 32.721233315864929, -27.473209133094979 ] ], [ [ 32.706044869075519, -27.468005089163487 ], [ 32.707741608288643, -27.467758966303208 ], [ 32.708494650207982, -27.466254369943158 ], [ 32.709273540441579, -27.465945482498 ], [ 32.709541064468631, -27.465434591133448 ], [ 32.70983039795459, -27.465715276738585 ], [ 32.711325205194107, -27.465688536296856 ], [ 32.711739072300425, -27.46520737472051 ], [ 32.712439199009907, -27.465084326780161 ], [ 32.713617810014043, -27.464285727004668 ], [ 32.714053024327683, -27.462989605186056 ], [ 32.71344807197103, -27.461764415595269 ], [ 32.713036855166813, -27.461620972829532 ], [ 32.712036247874643, -27.462246367675654 ], [ 32.71208832581565, -27.46181906559735 ], [ 32.711428211742671, -27.460867392216375 ], [ 32.709661163531905, -27.461245674048577 ], [ 32.707943884702594, -27.463046089805129 ], [ 32.708234434971246, -27.463037607399581 ], [ 32.70823886862901, -27.463283149297858 ], [ 32.706749261269458, -27.465697863165829 ], [ 32.706025756683417, -27.467513983783331 ], [ 32.706044869075519, -27.468005089163487 ] ], [ [ 32.710737439781091, -27.459283121318936 ], [ 32.710876231253131, -27.458837285112534 ], [ 32.711203976582318, -27.458709030097619 ], [ 32.711422937218856, -27.4588468350134 ], [ 32.711033657577325, -27.459117515660701 ], [ 32.711426990463274, -27.459120940279163 ], [ 32.71135478479561, -27.459333263019587 ], [ 32.711695045989693, -27.459245033231618 ], [ 32.712253514188362, -27.459595238229625 ], [ 32.712590515340132, -27.459365378709212 ], [ 32.712509987346145, -27.458776004409028 ], [ 32.711767689627237, -27.458703682728768 ], [ 32.71181124739126, -27.458458175004761 ], [ 32.713003037959872, -27.45850302509448 ], [ 32.712578680261956, -27.458085248635239 ], [ 32.712399108132388, -27.458372890496403 ], [ 32.71228733049594, -27.458229335315515 ], [ 32.712564497053997, -27.457917062822141 ], [ 32.713391556774987, -27.457778111270777 ], [ 32.713938241156981, -27.456482452603037 ], [ 32.713247273143175, -27.456368914094075 ], [ 32.713265658883124, -27.456072708888374 ], [ 32.714092734791897, -27.456043407177432 ], [ 32.713555407855871, -27.455760282610907 ], [ 32.713795150026272, -27.455502991969432 ], [ 32.714294825046196, -27.455568151448986 ], [ 32.713844402297362, -27.455245381169323 ], [ 32.714038061407443, -27.455162469072683 ], [ 32.713531726907711, -27.455337856656712 ], [ 32.713911952174939, -27.454850451986704 ], [ 32.714393704605826, -27.454930118430166 ], [ 32.714211504657342, -27.454580246181386 ], [ 32.71460523234569, -27.454624559375841 ], [ 32.714303447746005, -27.45430829659055 ], [ 32.714681543418564, -27.454166068809016 ], [ 32.714433624612155, -27.454051592307128 ], [ 32.714464782523734, -27.453698726215197 ], [ 32.714822500458084, -27.453671869760903 ], [ 32.714601376952068, -27.453165905781866 ], [ 32.715162592579667, -27.452883739892638 ], [ 32.714696258125876, -27.45292722121421 ], [ 32.715418811229242, -27.452318861326294 ], [ 32.715133012978299, -27.451977743078309 ], [ 32.715657624399952, -27.451618229197877 ], [ 32.715621004905536, -27.451498245247727 ], [ 32.715469354926825, -27.451488645884226 ], [ 32.715329245947999, -27.451697798514552 ], [ 32.715363667499346, -27.45145574868382 ], [ 32.715695580286877, -27.451280165047525 ], [ 32.715952892512, -27.451814913627327 ], [ 32.71589077274102, -27.452108854340128 ], [ 32.714743758517692, -27.453369185839211 ], [ 32.715186004630475, -27.453540700942522 ], [ 32.715938067188155, -27.453474021608706 ], [ 32.716245961781738, -27.453202754603378 ], [ 32.716075826238495, -27.452459651091985 ], [ 32.716264025564413, -27.451905826992281 ], [ 32.717247590703771, -27.45169074962833 ], [ 32.716553037093057, -27.451331939917054 ], [ 32.716615189239668, -27.451051955783097 ], [ 32.717131704964274, -27.450875390087166 ], [ 32.716534739486676, -27.450801817449864 ], [ 32.717314626169177, -27.450463544656806 ], [ 32.716783977598567, -27.450385720924235 ], [ 32.716861534232478, -27.449850863526464 ], [ 32.71651970641939, -27.450115012397848 ], [ 32.716040554827813, -27.449829457863093 ], [ 32.716953081619479, -27.449523786393538 ], [ 32.71710810045851, -27.449080549227876 ], [ 32.716631261023913, -27.448572326151861 ], [ 32.717414739598652, -27.448363043119887 ], [ 32.716280247535458, -27.448322820042062 ], [ 32.715862555612482, -27.447514197322263 ], [ 32.715487174993207, -27.447514443736576 ], [ 32.715570056512981, -27.44720897371511 ], [ 32.716390723852982, -27.447457972607303 ], [ 32.71568519401653, -27.446101458615399 ], [ 32.716135846991804, -27.446296615995969 ], [ 32.716398009260814, -27.446703525047582 ], [ 32.716662550236549, -27.446805664649681 ], [ 32.715939207528429, -27.446037578871131 ], [ 32.715788625045029, -27.446011049770107 ], [ 32.71574586497978, -27.445788622247033 ], [ 32.71587090491844, -27.445809794986044 ], [ 32.715903602469361, -27.44586422735216 ], [ 32.715967661178674, -27.445878288252306 ], [ 32.715704144530712, -27.445594760789525 ], [ 32.71515352471544, -27.445665149826777 ], [ 32.715437795917595, -27.444966389187442 ], [ 32.715308839431415, -27.444590869173183 ], [ 32.714941581488858, -27.444439035732813 ], [ 32.715025872246287, -27.443860679027019 ], [ 32.715422108143876, -27.443401748691716 ], [ 32.715199038504849, -27.443191247977641 ], [ 32.715330317939859, -27.442779011342285 ], [ 32.714933660260307, -27.442652971357532 ], [ 32.715100466513377, -27.44228057558804 ], [ 32.714911305812166, -27.442436823800364 ], [ 32.714869954085174, -27.442163553105406 ], [ 32.716241043389502, -27.441692184246804 ], [ 32.714716755473972, -27.44111090294577 ], [ 32.714410164897224, -27.44122897493715 ], [ 32.714685675803373, -27.441391888924475 ], [ 32.714530832332152, -27.44155121281819 ], [ 32.714216881703805, -27.441475636491383 ], [ 32.714688625579669, -27.44162691145279 ], [ 32.71467146291775, -27.441807208435886 ], [ 32.714144143637455, -27.442091717958384 ], [ 32.713945057118778, -27.441878093898872 ], [ 32.714572363923459, -27.438430400742355 ], [ 32.714410941012169, -27.438045605120479 ], [ 32.713748520178143, -27.438708938766442 ], [ 32.712941866074274, -27.440480326206021 ], [ 32.712532743791144, -27.442249540883537 ], [ 32.711445958963907, -27.444137000222327 ], [ 32.711319954951989, -27.444639135787465 ], [ 32.712351123905343, -27.445553717529975 ], [ 32.711799487856176, -27.446030824063243 ], [ 32.711640920292282, -27.447104370869972 ], [ 32.710213231255707, -27.450372705036269 ], [ 32.710700494732187, -27.45018562896356 ], [ 32.710726426683323, -27.449900264185786 ], [ 32.710788451126184, -27.449864831796514 ], [ 32.710723700838159, -27.450468269694845 ], [ 32.710112155551641, -27.451259227930954 ], [ 32.710320325222931, -27.45128372096687 ], [ 32.710480030429117, -27.451557436826178 ], [ 32.710307804861387, -27.451024242274936 ], [ 32.710800660322292, -27.450901736625749 ], [ 32.710647746796198, -27.452458160915299 ], [ 32.710540763445572, -27.452526505793521 ], [ 32.710620696987625, -27.45245430372303 ], [ 32.710538075371922, -27.452463006462548 ], [ 32.710499759756146, -27.452409607417401 ], [ 32.710371652230023, -27.452382672722148 ], [ 32.710197663991067, -27.452420697856901 ], [ 32.710023932058839, -27.452348699932475 ], [ 32.70992074834389, -27.452349658609823 ], [ 32.709923466994447, -27.452323726658626 ], [ 32.709848302557184, -27.452232767428221 ], [ 32.709819249958457, -27.452212664882556 ], [ 32.709782219473922, -27.452213761156091 ], [ 32.709912810927527, -27.452350834023676 ], [ 32.710185077979006, -27.452438655519462 ], [ 32.710486901249638, -27.452427357336617 ], [ 32.709515253925886, -27.452937787348965 ], [ 32.710112531468212, -27.452944918073452 ], [ 32.710496549176483, -27.452600361717256 ], [ 32.710214349112952, -27.453184361668853 ], [ 32.710514572489608, -27.453395101602602 ], [ 32.709925440107092, -27.453909860051915 ], [ 32.709721186983252, -27.453589483767622 ], [ 32.709465460262855, -27.453780947632612 ], [ 32.709203735064357, -27.453658515727813 ], [ 32.708985564032609, -27.453834095766823 ], [ 32.709306874712546, -27.453922048563619 ], [ 32.709169328801529, -27.454236638609888 ], [ 32.708561267488555, -27.454152202162291 ], [ 32.708922174418881, -27.45431908036122 ], [ 32.710375967177214, -27.453984934557013 ], [ 32.710705040805088, -27.454542596963186 ], [ 32.710372015556153, -27.45474203691542 ], [ 32.710263923341458, -27.455365570164847 ], [ 32.71005011402162, -27.454971480049728 ], [ 32.709521626521919, -27.455252358109821 ], [ 32.708672386821306, -27.454948572518514 ], [ 32.707946179772456, -27.455029828963422 ], [ 32.708470692268698, -27.455472584092437 ], [ 32.708890006568602, -27.455435245140347 ], [ 32.708943762644644, -27.455524536128401 ], [ 32.708865598068961, -27.455665939231643 ], [ 32.708917726372064, -27.455762313280061 ], [ 32.709716665191991, -27.455486624308186 ], [ 32.710471199086605, -27.455611309014646 ], [ 32.710147707550774, -27.456041449353336 ], [ 32.709654200081339, -27.455913018970602 ], [ 32.710066510461203, -27.456092866292654 ], [ 32.709980389583357, -27.45688123178336 ], [ 32.71064230140118, -27.4578931930164 ], [ 32.71032896411046, -27.458204255921647 ], [ 32.710896388657531, -27.458484966707797 ], [ 32.710426046824679, -27.458727780062944 ], [ 32.710166167934347, -27.459276192042612 ], [ 32.710737439781091, -27.459283121318936 ] ], [ [ 32.728214469622159, -27.434954819609164 ], [ 32.727431144831563, -27.436412896737757 ], [ 32.727381495959342, -27.43709549476122 ], [ 32.729599969662885, -27.437193861707343 ], [ 32.731292683510596, -27.43664363039915 ], [ 32.730589428059723, -27.438018959107634 ], [ 32.729232489587801, -27.442206769127043 ], [ 32.72847699341856, -27.443793174115608 ], [ 32.727658663416676, -27.446812966245375 ], [ 32.727151006014147, -27.447496680327486 ], [ 32.726203897591851, -27.450080059347201 ], [ 32.72388125811365, -27.459904308237196 ], [ 32.72351429784667, -27.459214689206473 ], [ 32.723443903413468, -27.45631312105364 ], [ 32.723014928596101, -27.455373335810769 ], [ 32.722557677295065, -27.455403219382969 ], [ 32.722253402472624, -27.456341546824884 ], [ 32.721760041592695, -27.456987035223463 ], [ 32.720638242560916, -27.457614361813288 ], [ 32.721821899661037, -27.454595979820528 ], [ 32.722764602304665, -27.451612387201855 ], [ 32.723905011906822, -27.451805089433236 ], [ 32.725097360954564, -27.449737878999848 ], [ 32.72500681990887, -27.449419934482375 ], [ 32.724532133451234, -27.44934568915221 ], [ 32.723562291966225, -27.450068903257236 ], [ 32.723324970770825, -27.450019556557269 ], [ 32.7230514176889, -27.449856040923496 ], [ 32.722760384484218, -27.448776829287159 ], [ 32.722467673144671, -27.448592410711107 ], [ 32.722190120777519, -27.449139628391094 ], [ 32.721006639944541, -27.449509729989984 ], [ 32.719335275102921, -27.449571554783422 ], [ 32.718203407261534, -27.449357455881852 ], [ 32.717801197167582, -27.449519578465754 ], [ 32.717718352520073, -27.449780138142806 ], [ 32.717946028486502, -27.450016887369422 ], [ 32.720174832702419, -27.449817720811076 ], [ 32.722109323886251, -27.450448963049148 ], [ 32.722154452765842, -27.450652741330916 ], [ 32.720765419288739, -27.451024760284422 ], [ 32.722599853700366, -27.451484733833365 ], [ 32.722288071337495, -27.452776350048445 ], [ 32.721196765618352, -27.455669822504234 ], [ 32.719333820899216, -27.455106860393229 ], [ 32.717905031991684, -27.455645289898147 ], [ 32.716640233560057, -27.455500370445655 ], [ 32.71561894455872, -27.455846307261258 ], [ 32.718462023503591, -27.456239579892632 ], [ 32.717896983958681, -27.455821535435476 ], [ 32.719447606721715, -27.455256673956296 ], [ 32.721135886911767, -27.455827484450825 ], [ 32.720759473870672, -27.456816280946565 ], [ 32.719526214663148, -27.456812250185191 ], [ 32.720690014732462, -27.457024163734047 ], [ 32.720536698309992, -27.457719921537105 ], [ 32.717904431244612, -27.457518102878122 ], [ 32.716858456752433, -27.458005574997209 ], [ 32.715419380500109, -27.457998390313467 ], [ 32.714418623021068, -27.461049165886255 ], [ 32.714485395884367, -27.461266280214591 ], [ 32.717062930210169, -27.46160873395586 ], [ 32.717990854294577, -27.460932924015172 ], [ 32.719446469978685, -27.460965890463452 ], [ 32.719710364341928, -27.461007304243626 ], [ 32.719899889268497, -27.461745326585511 ], [ 32.720216602614215, -27.461891014958319 ], [ 32.720891930518221, -27.461692933881764 ], [ 32.721906524066888, -27.460949478735394 ], [ 32.721884627373683, -27.461320982377391 ], [ 32.722063760634114, -27.46134726776215 ], [ 32.722096929429853, -27.461006038897551 ], [ 32.722460461481184, -27.460787347158284 ], [ 32.724402404447446, -27.460966426459329 ], [ 32.724649552534856, -27.460309826936861 ], [ 32.725046292052838, -27.460200526932773 ], [ 32.725025332453171, -27.46126709140308 ], [ 32.726108410274939, -27.463535523345648 ], [ 32.726374113174828, -27.463703703762842 ], [ 32.726174925032794, -27.463293886303738 ], [ 32.726521349280972, -27.46240870070093 ], [ 32.726543122766927, -27.46149674947538 ], [ 32.727194165378471, -27.460814159545816 ], [ 32.726553970389475, -27.461050285542132 ], [ 32.726471904554813, -27.460676078538121 ], [ 32.727185121796005, -27.45804547971505 ], [ 32.727187300853295, -27.457168328655335 ], [ 32.727977062091831, -27.45566113145598 ], [ 32.728135153914288, -27.454895355136475 ], [ 32.728002691870834, -27.45535878388074 ], [ 32.726389270348591, -27.456590108646498 ], [ 32.725822296361919, -27.457313270590912 ], [ 32.726383611814292, -27.454906495938019 ], [ 32.727612365418437, -27.451576443098283 ], [ 32.728496620222863, -27.447671040885776 ], [ 32.729666714647287, -27.447141252966372 ], [ 32.73024937550835, -27.445906427139835 ], [ 32.730765253613633, -27.445776574029676 ], [ 32.730339671039019, -27.446553028899086 ], [ 32.730512998276303, -27.447467482038615 ], [ 32.72999983882157, -27.448670683205414 ], [ 32.729805101424354, -27.449794908608084 ], [ 32.73001244821598, -27.450245661408051 ], [ 32.729435020509889, -27.451941869121921 ], [ 32.72947215081917, -27.452455920704153 ], [ 32.729920203854398, -27.453200838148042 ], [ 32.729652700511828, -27.454912335236042 ], [ 32.72805421043352, -27.460144402941808 ], [ 32.72793674638384, -27.46330018875263 ], [ 32.726635506523472, -27.468072696597638 ], [ 32.72500845307772, -27.476944070612333 ], [ 32.724719969451094, -27.478994372891957 ], [ 32.725231428287834, -27.479112195771176 ], [ 32.7261896316462, -27.477889184338302 ], [ 32.726798080566994, -27.475765721310939 ], [ 32.727374179075127, -27.474969486752368 ], [ 32.727997738404994, -27.472599711107723 ], [ 32.728574855844961, -27.471369148067737 ], [ 32.728301989845008, -27.47003968658219 ], [ 32.72890603478573, -27.469672975427418 ], [ 32.72918413034342, -27.468882643119432 ], [ 32.729350035475811, -27.466414728057224 ], [ 32.729847990992056, -27.464846910256632 ], [ 32.7296495241063, -27.462799656678765 ], [ 32.729986491083785, -27.45923870290374 ], [ 32.730316842648229, -27.458913742774907 ], [ 32.730557589361297, -27.45800563615116 ], [ 32.730349650815818, -27.455857840167159 ], [ 32.73100631239145, -27.454578895399635 ], [ 32.731326626622547, -27.454911010534683 ], [ 32.731672093992032, -27.454614219870265 ], [ 32.732185358667422, -27.453418001939223 ], [ 32.732699730408278, -27.450951865735984 ], [ 32.733429662448991, -27.450372017954248 ], [ 32.731285398102727, -27.449849675522039 ], [ 32.735166843275259, -27.43657950873726 ], [ 32.733745312795996, -27.436236282478419 ], [ 32.733994410613597, -27.435356584538681 ], [ 32.73353686973082, -27.435256177030887 ], [ 32.732247223930337, -27.435268484253129 ], [ 32.731823547918488, -27.435403965320699 ], [ 32.731712380022387, -27.435792135198788 ], [ 32.728214469622159, -27.434954819609164 ] ], [ [ 32.691219990310344, -27.509260186708222 ], [ 32.691387697684178, -27.509272620734777 ], [ 32.691238809523504, -27.509245332606007 ], [ 32.691072552756197, -27.509057242997308 ], [ 32.69054890990428, -27.508776219247022 ], [ 32.691184182004541, -27.509533578811517 ], [ 32.691003420971171, -27.509717706906592 ], [ 32.691362145246828, -27.509654956710847 ], [ 32.691312874089945, -27.510007637542358 ], [ 32.691501211012088, -27.50983717644446 ], [ 32.691417694571037, -27.510151106388388 ], [ 32.691602206676535, -27.51016107627262 ], [ 32.691364682234365, -27.510305879712522 ], [ 32.691559770367199, -27.510372279357114 ], [ 32.691194999050055, -27.510359038638665 ], [ 32.691749664015838, -27.510529793814896 ], [ 32.691774287453462, -27.51133648748884 ], [ 32.69152094753376, -27.511195239068975 ], [ 32.691352978457282, -27.511214123033305 ], [ 32.691749620848384, -27.511330705747383 ], [ 32.691679016873195, -27.511540332320383 ], [ 32.691330268776966, -27.511879321873092 ], [ 32.691291499902825, -27.511530742849448 ], [ 32.691152078006077, -27.512207883786751 ], [ 32.690579146010847, -27.512749364691381 ], [ 32.690170208088702, -27.512570515616719 ], [ 32.689872384103296, -27.51275377676528 ], [ 32.689987514412337, -27.513134783543354 ], [ 32.690324476893124, -27.512798505446614 ], [ 32.690135121039113, -27.513330257485347 ], [ 32.689831791404153, -27.513261308262706 ], [ 32.688555355745159, -27.514333513280917 ], [ 32.688215209664271, -27.514273195751276 ], [ 32.688274401242651, -27.513796116197714 ], [ 32.688573918651478, -27.51361770149563 ], [ 32.688356001228527, -27.512945098537436 ], [ 32.687652087473907, -27.513769017825876 ], [ 32.687151906135625, -27.513888713093564 ], [ 32.687177184279683, -27.513618530670612 ], [ 32.686832463347571, -27.513665286423738 ], [ 32.686296119370496, -27.514455892125667 ], [ 32.684170319005133, -27.51579499614212 ], [ 32.68214030453148, -27.518140618694492 ], [ 32.68191872147186, -27.519192740952175 ], [ 32.682128954187945, -27.519542201311491 ], [ 32.684253792278739, -27.520864297349394 ], [ 32.683852511184504, -27.521082096961166 ], [ 32.684194225683051, -27.521109426458796 ], [ 32.684030201033075, -27.521607714724183 ], [ 32.684328221969913, -27.521650651056646 ], [ 32.68420701314318, -27.521770842750119 ], [ 32.683853623645909, -27.521709427148323 ], [ 32.683641995181993, -27.521833945480147 ], [ 32.68439076262365, -27.521799354856299 ], [ 32.684464545702262, -27.521975348583439 ], [ 32.683764785016912, -27.522382549015362 ], [ 32.684544423486422, -27.522155472896692 ], [ 32.683667922636587, -27.523804435626118 ], [ 32.683413836279605, -27.523781856347586 ], [ 32.683769104460708, -27.524381787789235 ], [ 32.683196195847806, -27.524384258226892 ], [ 32.684083951713042, -27.525362021839772 ], [ 32.684137883156851, -27.525873674030766 ], [ 32.683922821081346, -27.526085910436354 ], [ 32.684263418621953, -27.526429462249826 ], [ 32.684130392703537, -27.528121479122973 ], [ 32.684643616909447, -27.528288034465142 ], [ 32.683910158626972, -27.52914774317378 ], [ 32.684642941518625, -27.529259597252587 ], [ 32.685425559442152, -27.528731571105094 ], [ 32.6865019085363, -27.529717344080108 ], [ 32.686727972018332, -27.529613501162075 ], [ 32.686866074609767, -27.528452286643599 ], [ 32.687422099350442, -27.528246019937857 ], [ 32.687473933575269, -27.527663967018427 ], [ 32.688138312233413, -27.527148524185041 ], [ 32.6885847464889, -27.527082407826782 ], [ 32.68910969425702, -27.527362805648895 ], [ 32.689449206315928, -27.526976030619245 ], [ 32.69160281281961, -27.526731898857999 ], [ 32.692670279310043, -27.527313769215016 ], [ 32.692757588192208, -27.527942861174004 ], [ 32.693233191059029, -27.528298196804283 ], [ 32.693230103686474, -27.52844330871168 ], [ 32.692733009720669, -27.528095382595758 ], [ 32.692277276475174, -27.528104186958604 ], [ 32.692433080422425, -27.527822538179525 ], [ 32.692384716681403, -27.527785823357021 ], [ 32.692306558401036, -27.527851354256509 ], [ 32.69227385815207, -27.527862540024152 ], [ 32.692243384624582, -27.527834314801712 ], [ 32.692387027039743, -27.527708838691925 ], [ 32.69229442654661, -27.52766211351571 ], [ 32.692331868021434, -27.527457534837303 ], [ 32.692198373556195, -27.527324439671148 ], [ 32.692113088148602, -27.527643863573378 ], [ 32.691752596705072, -27.527269990217771 ], [ 32.691678562715559, -27.528013386008933 ], [ 32.691994758051742, -27.527984980922081 ], [ 32.692147092414423, -27.528309498584463 ], [ 32.692805251361342, -27.528307836637239 ], [ 32.692376492381236, -27.528440215943206 ], [ 32.69277428410598, -27.528882829878597 ], [ 32.692914247394661, -27.528605641736902 ], [ 32.693104719307442, -27.528716695419099 ], [ 32.692773508890369, -27.529045796026587 ], [ 32.693083468327472, -27.528930039789486 ], [ 32.693108225764057, -27.52921188911732 ], [ 32.693509803634612, -27.529003638507056 ], [ 32.694201057632789, -27.529543133708628 ], [ 32.693982064620677, -27.529166263812002 ], [ 32.694375122314106, -27.529263572256014 ], [ 32.694153526663975, -27.528924665440879 ], [ 32.693671299390992, -27.528873944576869 ], [ 32.693397856925664, -27.528358886653294 ], [ 32.694478673851812, -27.529071419510338 ], [ 32.694388286590204, -27.527619327370008 ], [ 32.695869783863508, -27.531335734356595 ], [ 32.696210663791156, -27.5336368350718 ], [ 32.697148590135392, -27.53620423943406 ], [ 32.69670406064396, -27.535858677635801 ], [ 32.69608567601319, -27.534412576778944 ], [ 32.695555660565361, -27.53121530164481 ], [ 32.69513796684376, -27.530647898681533 ], [ 32.695834811027723, -27.534523016224149 ], [ 32.69745888501955, -27.537728514759102 ], [ 32.69802936636227, -27.539935930398794 ], [ 32.698751695534369, -27.540518591259904 ], [ 32.700139160593871, -27.536823214919341 ], [ 32.701154636377403, -27.531953846492801 ], [ 32.700706951164932, -27.529862315693265 ], [ 32.699598261550591, -27.527744241403543 ], [ 32.698487699547812, -27.521483364565537 ], [ 32.698850701898479, -27.521721230750135 ], [ 32.699492252165768, -27.522907145148544 ], [ 32.699765468001999, -27.524704638108471 ], [ 32.700428978814394, -27.526816977421472 ], [ 32.700758949066319, -27.527432611026146 ], [ 32.70112845171677, -27.52767258881881 ], [ 32.701200244595682, -27.527494723602505 ], [ 32.700709985477495, -27.526861133234679 ], [ 32.700506373570377, -27.525308338608912 ], [ 32.699049184072685, -27.521762484451084 ], [ 32.699063212597295, -27.521114053470743 ], [ 32.700036535357917, -27.52278571239065 ], [ 32.701488853228064, -27.526445964809387 ], [ 32.701815230688439, -27.526889923231344 ], [ 32.702166854816575, -27.526962727847511 ], [ 32.700804264105592, -27.524366020875078 ], [ 32.6992504019845, -27.520388745743968 ], [ 32.699340715501648, -27.52017675035669 ], [ 32.699777248221508, -27.520341178802276 ], [ 32.699189320930536, -27.518457744828961 ], [ 32.699923957324827, -27.519482169766235 ], [ 32.699380720044275, -27.516945685894658 ], [ 32.700027465695022, -27.518735310685972 ], [ 32.700238841449433, -27.518493621483401 ], [ 32.69954203863422, -27.515922853656704 ], [ 32.700436092451767, -27.516756211330062 ], [ 32.700790817442368, -27.516826706487233 ], [ 32.700963677032142, -27.517417093424019 ], [ 32.701222298670231, -27.517417613232197 ], [ 32.700966044947052, -27.516526671968251 ], [ 32.700170633268193, -27.516133854393825 ], [ 32.699584906618234, -27.515145159521438 ], [ 32.699876927278439, -27.51510451466158 ], [ 32.700165088048429, -27.515654336778155 ], [ 32.70144705004143, -27.516382473772079 ], [ 32.700698961587875, -27.515721669919081 ], [ 32.700714768072132, -27.51536247619725 ], [ 32.700379910004919, -27.515323080495691 ], [ 32.700489101191131, -27.513993277267861 ], [ 32.700332623651725, -27.514239346168811 ], [ 32.699995313133236, -27.51377663688222 ], [ 32.7003872637613, -27.513262838908844 ], [ 32.700881347696111, -27.51363539925423 ], [ 32.701882413642551, -27.513802721718175 ], [ 32.701560781904604, -27.513437532216308 ], [ 32.700979271276452, -27.513556723863644 ], [ 32.701057035653761, -27.513076708023625 ], [ 32.701631179035743, -27.513033956951503 ], [ 32.700867664511208, -27.512764496684152 ], [ 32.700900978997026, -27.512292285160822 ], [ 32.703109956759143, -27.513401070103274 ], [ 32.703376353935681, -27.513790721164838 ], [ 32.703274710759374, -27.514486552712157 ], [ 32.703529472507249, -27.514549388343529 ], [ 32.703777752841091, -27.513690437763458 ], [ 32.703582956987937, -27.513173845596409 ], [ 32.702260036271724, -27.512544893032302 ], [ 32.704001037417996, -27.512650785505294 ], [ 32.704501180085515, -27.51216122965695 ], [ 32.704483734137092, -27.511232965628821 ], [ 32.705780272341791, -27.508327687772528 ], [ 32.704441932749027, -27.512981830447075 ], [ 32.704876936621396, -27.513407524537541 ], [ 32.705156069097399, -27.513006828002677 ], [ 32.705401235978321, -27.513276169559539 ], [ 32.7054374211002, -27.512859385052554 ], [ 32.705211395389675, -27.512645649477097 ], [ 32.706979892408214, -27.508264198334047 ], [ 32.706366570061249, -27.509039888779782 ], [ 32.705944903134821, -27.509123986182974 ], [ 32.705900589041036, -27.508818182513078 ], [ 32.707143928749346, -27.505686074952298 ], [ 32.706951686071555, -27.505657349706894 ], [ 32.70557349931763, -27.507915637296769 ], [ 32.703448799722395, -27.511947718912005 ], [ 32.702946378172875, -27.511892931313707 ], [ 32.702825036246487, -27.511618261273664 ], [ 32.701827799613369, -27.511802544052117 ], [ 32.702163605566, -27.511317103501494 ], [ 32.702405607732651, -27.511498070479526 ], [ 32.7024602271578, -27.511075023993079 ], [ 32.702056740925947, -27.510427449167398 ], [ 32.701697679404496, -27.510443715205291 ], [ 32.701645876656002, -27.509844217236783 ], [ 32.70237862627269, -27.510029684422346 ], [ 32.701948967071289, -27.509334864612221 ], [ 32.702775947651915, -27.507866255523222 ], [ 32.702884482333062, -27.505851195875909 ], [ 32.70326319673925, -27.505613613877127 ], [ 32.703123067075971, -27.505177395020723 ], [ 32.703627984244143, -27.50487877333665 ], [ 32.703454308969256, -27.504130019384807 ], [ 32.703952313948228, -27.503555535159727 ], [ 32.703988437916131, -27.502488751254788 ], [ 32.704337392856473, -27.502395269426057 ], [ 32.704098576088491, -27.502130912811275 ], [ 32.704466273799532, -27.501603988333294 ], [ 32.704361652968004, -27.501223692019714 ], [ 32.705096547467804, -27.499050064808614 ], [ 32.704359322824544, -27.496809702505725 ], [ 32.704135843094768, -27.496504798157819 ], [ 32.703972269005085, -27.496807797741599 ], [ 32.703546628873923, -27.496016054397348 ], [ 32.703498577197671, -27.493420817816439 ], [ 32.703806750581144, -27.493126931962305 ], [ 32.70372217923525, -27.493391367717379 ], [ 32.703909659103559, -27.493337861652957 ], [ 32.703923630970841, -27.493511289614272 ], [ 32.703644627097887, -27.493491583669602 ], [ 32.703841269259208, -27.493555234086745 ], [ 32.703573194847159, -27.493701746238557 ], [ 32.703841156843971, -27.494261431220036 ], [ 32.703901802626156, -27.495485291612848 ], [ 32.704245179971117, -27.495360921669118 ], [ 32.704229092898331, -27.494931424345715 ], [ 32.704340734737187, -27.495132790645748 ], [ 32.704166515372421, -27.494632844929836 ], [ 32.704368489614183, -27.494387723914258 ], [ 32.704094525541976, -27.494409332824436 ], [ 32.704013653107687, -27.493843355286533 ], [ 32.704105617780108, -27.492982931616911 ], [ 32.70380137803128, -27.492925110605324 ], [ 32.704261224775756, -27.492354993488124 ], [ 32.703731484520461, -27.492698397812788 ], [ 32.70315785465128, -27.492674215942266 ], [ 32.702853078906557, -27.492237034811232 ], [ 32.702972882992178, -27.492164201416717 ], [ 32.702753337796416, -27.492144439714075 ], [ 32.704023354993858, -27.492216143560139 ], [ 32.703749497941075, -27.491980465426099 ], [ 32.704130509215688, -27.491827169688055 ], [ 32.704406624466216, -27.491274319554165 ], [ 32.703876582038689, -27.491903420506414 ], [ 32.703423678060346, -27.491975510161598 ], [ 32.704898137239347, -27.49071936140929 ], [ 32.704236263193039, -27.491189041341169 ], [ 32.703460477419114, -27.491348150296812 ], [ 32.701653701657079, -27.491018752013758 ], [ 32.701409497050719, -27.491224551971449 ], [ 32.701268541809767, -27.491088686893349 ], [ 32.701574801436003, -27.490823020865676 ], [ 32.701065158330458, -27.490896098875787 ], [ 32.701231458265205, -27.490688392355356 ], [ 32.701562632709432, -27.490782433562408 ], [ 32.701753220634657, -27.49047210180597 ], [ 32.703122040949502, -27.49050756477223 ], [ 32.701310191212421, -27.490345754253081 ], [ 32.70230837932835, -27.490141266406255 ], [ 32.702356582989985, -27.489635939147163 ], [ 32.702105174814015, -27.489763815547651 ], [ 32.702322977123728, -27.489548298415123 ], [ 32.70216768668945, -27.489338320207224 ], [ 32.702367442303682, -27.489336797655014 ], [ 32.702124353755998, -27.489193727208697 ], [ 32.702269527716616, -27.488796082073442 ], [ 32.703414273849759, -27.488965819217121 ], [ 32.703073319278296, -27.488832283383129 ], [ 32.703498802927498, -27.488818185610761 ], [ 32.703306889401524, -27.488674250915885 ], [ 32.706399410604369, -27.489221318409061 ], [ 32.706593727118857, -27.488698747549112 ], [ 32.707298717362008, -27.488176595773165 ], [ 32.706859799640121, -27.486827192720718 ], [ 32.70877526926332, -27.48283482966357 ], [ 32.707668517687978, -27.483933390213704 ], [ 32.706738698732018, -27.486199250095261 ], [ 32.70584693548772, -27.486155343394319 ], [ 32.705489686100194, -27.486349708472204 ], [ 32.70543523394894, -27.486574712552933 ], [ 32.705785329229613, -27.486886422070672 ], [ 32.704329307951227, -27.486958864260114 ], [ 32.703822692863064, -27.486701529551926 ], [ 32.704066950529459, -27.486512120637823 ], [ 32.703702488579069, -27.486340031766975 ], [ 32.704497968606447, -27.486412194267267 ], [ 32.704621760286038, -27.485895188412112 ], [ 32.703332852828993, -27.485615556812363 ], [ 32.702743518998275, -27.484989493770048 ], [ 32.700620583872876, -27.484183393648625 ], [ 32.697241843536325, -27.484250088270933 ], [ 32.696698384123209, -27.483884223378151 ], [ 32.696810334429458, -27.483731461837444 ], [ 32.696206034980598, -27.483561165315493 ], [ 32.694992431355715, -27.483800493797737 ], [ 32.69466118046919, -27.48448907051413 ], [ 32.694295180678168, -27.484133714199459 ], [ 32.693750583622588, -27.484245203153513 ], [ 32.694668951510963, -27.484618718578915 ], [ 32.694584238971508, -27.485104874989954 ], [ 32.694347450174739, -27.484828534908893 ], [ 32.693971230487939, -27.485182242766246 ], [ 32.693873281726603, -27.484915154011123 ], [ 32.694163520829925, -27.484611641813782 ], [ 32.693573275086635, -27.485096893506807 ], [ 32.693527166845357, -27.484803971725817 ], [ 32.693806993597974, -27.484634619492027 ], [ 32.693609196707108, -27.484579141214347 ], [ 32.692772005223908, -27.485311606645261 ], [ 32.69208501221356, -27.484796553218278 ], [ 32.691486939670597, -27.485194525706756 ], [ 32.687651140487802, -27.493669717783128 ], [ 32.686951099213893, -27.497479058911377 ], [ 32.686993690206677, -27.498667504002086 ], [ 32.686375562782111, -27.500436858074508 ], [ 32.687225928433953, -27.50220281270958 ], [ 32.686762939458184, -27.503295222796197 ], [ 32.687008747555723, -27.50401620028736 ], [ 32.685935238520514, -27.504458627163871 ], [ 32.687237854343628, -27.50447173298403 ], [ 32.687322943698923, -27.50472639310847 ], [ 32.68750067851358, -27.504513689954777 ], [ 32.688042377054096, -27.504821490119632 ], [ 32.68821801285106, -27.504355911096365 ], [ 32.687811282764564, -27.504189305392071 ], [ 32.68842922223088, -27.504255949652254 ], [ 32.688355988638008, -27.504035680502213 ], [ 32.688700403800667, -27.503785759804945 ], [ 32.688438782923555, -27.503169054208414 ], [ 32.687773393427427, -27.503021590573873 ], [ 32.68851594025849, -27.502773932570861 ], [ 32.688079226774953, -27.502456517754059 ], [ 32.688301373709464, -27.502037147696164 ], [ 32.688731782945474, -27.501920893234562 ], [ 32.688220105573514, -27.501616673270828 ], [ 32.688449555002983, -27.501432602732397 ], [ 32.688683043287881, -27.501478915119762 ], [ 32.688783205280785, -27.501834505258127 ], [ 32.688493884385338, -27.502897889725745 ], [ 32.688687251215711, -27.503419492015858 ], [ 32.689015808632718, -27.503561007534433 ], [ 32.688860310455055, -27.504031138026537 ], [ 32.689065991702229, -27.504012828729021 ], [ 32.689170573862945, -27.504543919766 ], [ 32.689737186322134, -27.504646493740651 ], [ 32.690188144167557, -27.504162185436478 ], [ 32.690450111283674, -27.504693316043653 ], [ 32.69085336638976, -27.503401092786124 ], [ 32.691230220997966, -27.503150368094964 ], [ 32.691063199806869, -27.503658491346215 ], [ 32.691236428118742, -27.503924209534599 ], [ 32.6902891641137, -27.50555578657023 ], [ 32.690162570146548, -27.505398745155887 ], [ 32.690157147234629, -27.505783870828886 ], [ 32.690552344415202, -27.505645719674209 ], [ 32.690636577616033, -27.506074545204058 ], [ 32.692516792016377, -27.50741714038865 ], [ 32.691473185439243, -27.50621038959769 ], [ 32.692086837837365, -27.505049282098618 ], [ 32.69239713092292, -27.505186424214052 ], [ 32.692402169824327, -27.505529511977294 ], [ 32.69260158369616, -27.505151392023087 ], [ 32.692763767434023, -27.505256179229232 ], [ 32.692724931110732, -27.506200294707785 ], [ 32.691907095735928, -27.505891788575131 ], [ 32.692320176834755, -27.506240203922214 ], [ 32.693053462447402, -27.506261087079434 ], [ 32.692708109291885, -27.507250389893546 ], [ 32.692322351395475, -27.507127110827451 ], [ 32.692864015761749, -27.507412721120104 ], [ 32.693652888470119, -27.509002244957561 ], [ 32.693885615029188, -27.508929970042036 ], [ 32.694478883393785, -27.509269711427951 ], [ 32.694124497447646, -27.509350246616538 ], [ 32.694017541076754, -27.509114555891955 ], [ 32.69346554080213, -27.508991852392011 ], [ 32.693319345211634, -27.509156595600352 ], [ 32.695136000925785, -27.509655616813216 ], [ 32.694889423008576, -27.509935392304438 ], [ 32.694009032590813, -27.509672905380228 ], [ 32.693851183585338, -27.510115473450259 ], [ 32.693580519125724, -27.509930355201647 ], [ 32.693747036696465, -27.509714450461484 ], [ 32.693337617637027, -27.509412090295726 ], [ 32.692988266994988, -27.509465387717391 ], [ 32.693506113716253, -27.509859665790902 ], [ 32.693179512324676, -27.509823189288731 ], [ 32.693056743174246, -27.510104812886798 ], [ 32.692377429474831, -27.509801160395163 ], [ 32.692752293883302, -27.510196415132388 ], [ 32.693042472732053, -27.510118630969991 ], [ 32.692322865807682, -27.510873927489754 ], [ 32.692523515348029, -27.510874371754824 ], [ 32.692383655481393, -27.511398815902552 ], [ 32.692664978705899, -27.511696399768962 ], [ 32.692391902264525, -27.512365392848558 ], [ 32.691783261788146, -27.51195044295849 ], [ 32.691835430560722, -27.511008285304058 ], [ 32.692090758881491, -27.511367581548601 ], [ 32.692100514727059, -27.511118452254735 ], [ 32.692293291602212, -27.511150024753835 ], [ 32.691951919745399, -27.510924909157211 ], [ 32.691542757892059, -27.509371520079519 ], [ 32.691219990310344, -27.509260186708222 ] ] ], [ [ [ 32.705311152687607, -27.48870400498577 ], [ 32.703769528541017, -27.488582520966496 ], [ 32.70284262428774, -27.487688022883873 ], [ 32.7051442457104, -27.488465100983557 ], [ 32.705311152687607, -27.48870400498577 ] ] ], [ [ [ 32.696347487546596, -27.486759188685493 ], [ 32.697045134825167, -27.487154089989204 ], [ 32.696750690492017, -27.487655255185757 ], [ 32.696273216136142, -27.487548118051141 ], [ 32.69660394631515, -27.487056491963472 ], [ 32.696157808835871, -27.487192231136543 ], [ 32.696347487546596, -27.486759188685493 ] ] ], [ [ [ 32.715669622255312, -27.446074935809559 ], [ 32.715481760175123, -27.447024148645447 ], [ 32.71505750679853, -27.446624529498344 ], [ 32.714746945715056, -27.446818204796283 ], [ 32.715169030826175, -27.446165926516237 ], [ 32.715669622255312, -27.446074935809559 ] ] ], [ [ [ 32.691792720857507, -27.526321384424278 ], [ 32.691849257637195, -27.52650657192072 ], [ 32.692558239071523, -27.526787615456016 ], [ 32.692520765221232, -27.526927862031183 ], [ 32.691755883727154, -27.526519726304286 ], [ 32.691101765434212, -27.526541095994741 ], [ 32.691792720857507, -27.526321384424278 ] ] ], [ [ [ 32.692399174182583, -27.526427626733554 ], [ 32.693110892253983, -27.526664644857391 ], [ 32.693290548020421, -27.526931155348489 ], [ 32.693388003053983, -27.527242661619471 ], [ 32.692975752029419, -27.526985674049538 ], [ 32.693281792220994, -27.526973773320936 ], [ 32.693189242089879, -27.526821521695791 ], [ 32.692892289547586, -27.52694879105383 ], [ 32.692995024500803, -27.526828450972189 ], [ 32.692396743315136, -27.526657234443729 ], [ 32.692399174182583, -27.526427626733554 ] ] ], [ [ [ 32.694566853277699, -27.525153337756294 ], [ 32.695212421716029, -27.526730655994939 ], [ 32.694336271601699, -27.52547601360709 ], [ 32.694566853277699, -27.525153337756294 ] ] ], [ [ [ 32.715143047613587, -27.447038755434168 ], [ 32.715457906557234, -27.447189741713164 ], [ 32.714997727962832, -27.447654580594335 ], [ 32.714799494900817, -27.447385591571734 ], [ 32.715143047613587, -27.447038755434168 ] ] ], [ [ [ 32.69493095549926, -27.524288704360146 ], [ 32.695178460617555, -27.525100476505745 ], [ 32.695560744432825, -27.525369133678534 ], [ 32.695038292283435, -27.525169557029422 ], [ 32.694878866766338, -27.524818818733436 ], [ 32.694627325490742, -27.524974424829786 ], [ 32.69493095549926, -27.524288704360146 ] ] ], [ [ [ 32.693188192581083, -27.526047298943602 ], [ 32.693422167399191, -27.526143199948656 ], [ 32.693317608620802, -27.526377458952506 ], [ 32.693783008678992, -27.526781262645102 ], [ 32.692466305875399, -27.526309450420744 ], [ 32.693134145124802, -27.52633552356551 ], [ 32.693188192581083, -27.526047298943602 ] ] ], [ [ [ 32.683329070680216, -27.517925858791294 ], [ 32.684208279388663, -27.517952925686942 ], [ 32.683840775931152, -27.518351729148964 ], [ 32.683329070680216, -27.517925858791294 ] ] ], [ [ [ 32.694305722531091, -27.526337725105844 ], [ 32.694565266873603, -27.527220848563253 ], [ 32.694532481189142, -27.527468482284558 ], [ 32.694171696566571, -27.526370869619871 ], [ 32.69403172158674, -27.526735006914993 ], [ 32.693831299574896, -27.526598961073095 ], [ 32.694059211163726, -27.526135820111929 ], [ 32.694305722531091, -27.526337725105844 ] ] ], [ [ [ 32.711923313710074, -27.45620048006802 ], [ 32.712003830912181, -27.45646145433259 ], [ 32.711844137397073, -27.456798444692414 ], [ 32.711504430185407, -27.456367469782844 ], [ 32.711923313710074, -27.45620048006802 ] ] ], [ [ [ 32.68389791345799, -27.519859580155458 ], [ 32.684011694783912, -27.520354724391016 ], [ 32.683774843034705, -27.520489343908 ], [ 32.683661148043647, -27.520061102937536 ], [ 32.683816606651149, -27.520148051191555 ], [ 32.68389791345799, -27.519859580155458 ] ] ], [ [ [ 32.712078225529744, -27.448117706267134 ], [ 32.712200249142306, -27.448401237327122 ], [ 32.711662184762112, -27.448429095626196 ], [ 32.711711327315975, -27.448276290918034 ], [ 32.712078225529744, -27.448117706267134 ] ] ], [ [ [ 32.69193758814923, -27.525867911175137 ], [ 32.692036871504499, -27.526100703384696 ], [ 32.691870976264561, -27.526028556172818 ], [ 32.692230999161367, -27.526582424339367 ], [ 32.6917910427225, -27.526159790641767 ], [ 32.69193758814923, -27.525867911175137 ] ] ], [ [ [ 32.710679248248788, -27.454709690999337 ], [ 32.711043469180815, -27.455006681313229 ], [ 32.710515890895685, -27.455081384398312 ], [ 32.710679248248788, -27.454709690999337 ] ] ], [ [ [ 32.71590798126833, -27.448833922747244 ], [ 32.715896746937396, -27.449091133349096 ], [ 32.715657092001258, -27.44920319607056 ], [ 32.715543935704197, -27.449024719315268 ], [ 32.71590798126833, -27.448833922747244 ] ] ], [ [ [ 32.695368434305884, -27.523118014584657 ], [ 32.695498578796496, -27.523367395688684 ], [ 32.695296580273038, -27.523939913096456 ], [ 32.69514204257127, -27.523402763326796 ], [ 32.695368434305884, -27.523118014584657 ] ] ], [ [ [ 32.71079664305072, -27.456383236696976 ], [ 32.711173244050059, -27.456263395739068 ], [ 32.711109707846823, -27.456516665511664 ], [ 32.710854841777568, -27.456678838457588 ], [ 32.71079664305072, -27.456383236696976 ] ] ], [ [ [ 32.689398510632842, -27.526934963977329 ], [ 32.689412564338411, -27.526726462456185 ], [ 32.689851411913182, -27.526816832630665 ], [ 32.689398510632842, -27.526934963977329 ] ] ], [ [ [ 32.712077089685984, -27.450186315146222 ], [ 32.711993540869322, -27.450544360433852 ], [ 32.71164928128939, -27.450576647893985 ], [ 32.711671274210033, -27.450451151099653 ], [ 32.712077089685984, -27.450186315146222 ] ] ], [ [ [ 32.715355302005705, -27.451125607560691 ], [ 32.715986836523321, -27.451044427558227 ], [ 32.715381617967346, -27.451285347840461 ], [ 32.715355302005705, -27.451125607560691 ] ] ], [ [ [ 32.71644706817775, -27.43119360300231 ], [ 32.716933724611792, -27.431246868947806 ], [ 32.716871436667553, -27.431402030779012 ], [ 32.71644706817775, -27.43119360300231 ] ] ], [ [ [ 32.714206383917542, -27.45057272415184 ], [ 32.714143250610576, -27.451127425989831 ], [ 32.713934521560994, -27.451245578020963 ], [ 32.714138275561005, -27.450608153843135 ], [ 32.714206383917542, -27.45057272415184 ] ] ], [ [ [ 32.693571660803613, -27.527517012400164 ], [ 32.693832890475562, -27.528028374110104 ], [ 32.693796029962861, -27.528164393871631 ], [ 32.693525209920566, -27.5278475141514 ], [ 32.693571660803613, -27.527517012400164 ] ] ], [ [ [ 32.710808198439693, -27.453008081058048 ], [ 32.71102102929715, -27.453246360930802 ], [ 32.71067950545492, -27.45336357676765 ], [ 32.710808198439693, -27.453008081058048 ] ] ], [ [ [ 32.712686140253211, -27.454665618823167 ], [ 32.712804160983346, -27.454786321331607 ], [ 32.712566064572343, -27.454998802352819 ], [ 32.712486057285794, -27.454755956622041 ], [ 32.712686140253211, -27.454665618823167 ] ], [ [ 32.712585742637962, -27.454758171652227 ], [ 32.712556577624021, -27.454773088707061 ], [ 32.712581186672494, -27.4547861126889 ], [ 32.712585742637962, -27.454758171652227 ] ] ], [ [ [ 32.695435613662696, -27.523914343572038 ], [ 32.695766797100099, -27.524164006163936 ], [ 32.695725555989696, -27.52422987430916 ], [ 32.695435613662696, -27.523914343572038 ] ] ], [ [ [ 32.690002426071189, -27.526665729439745 ], [ 32.690302446200967, -27.526736248878745 ], [ 32.690014917654423, -27.52680673234476 ], [ 32.690002426071189, -27.526665729439745 ] ] ], [ [ [ 32.695116287786554, -27.525242848178831 ], [ 32.695214473968903, -27.525492656460841 ], [ 32.695379888970812, -27.52559458562159 ], [ 32.695110061780021, -27.525499261081944 ], [ 32.695116287786554, -27.525242848178831 ] ] ], [ [ [ 32.694076296483956, -27.526080544181724 ], [ 32.694282373432863, -27.525981200571863 ], [ 32.694315116849275, -27.526133157219366 ], [ 32.694076296483956, -27.526080544181724 ] ] ], [ [ [ 32.695209864943358, -27.523894860659261 ], [ 32.695376409493768, -27.52406821397685 ], [ 32.69542785970804, -27.524293164997477 ], [ 32.695242691097334, -27.524101949345397 ], [ 32.695209864943358, -27.523894860659261 ] ] ], [ [ [ 32.687034576084898, -27.527803862857876 ], [ 32.687050362784099, -27.528118156127992 ], [ 32.687068570458244, -27.528160944072258 ], [ 32.687060288601572, -27.528168466001844 ], [ 32.686981242690258, -27.528067120501174 ], [ 32.687034576084898, -27.527803862857876 ] ] ], [ [ [ 32.687225503054584, -27.522605878558398 ], [ 32.687630949808536, -27.522820189699932 ], [ 32.687291262381891, -27.522741886628715 ], [ 32.687225503054584, -27.522605878558398 ] ] ], [ [ [ 32.701201537820836, -27.490518452864251 ], [ 32.701370828001359, -27.490634891686831 ], [ 32.701213059035503, -27.490654324237639 ], [ 32.701201537820836, -27.490518452864251 ] ] ], [ [ [ 32.703829699481112, -27.493729178258928 ], [ 32.703987527802298, -27.493890967194346 ], [ 32.703956727820795, -27.493979718589056 ], [ 32.703829699481112, -27.493729178258928 ] ] ], [ [ [ 32.712850682013439, -27.455067140036419 ], [ 32.713006047091469, -27.455216322275415 ], [ 32.712790663058719, -27.45515224378093 ], [ 32.712850682013439, -27.455067140036419 ] ] ], [ [ [ 32.702612022826649, -27.48788499599571 ], [ 32.702882178270031, -27.487982351204487 ], [ 32.702599098669502, -27.487910480983885 ], [ 32.702612022826649, -27.48788499599571 ] ] ], [ [ [ 32.692449320379858, -27.526069151570017 ], [ 32.692323539399865, -27.526124453580593 ], [ 32.69239296886051, -27.5259662907117 ], [ 32.692449320379858, -27.526069151570017 ] ] ], [ [ [ 32.6929003132989, -27.527061405059744 ], [ 32.692991863383867, -27.527277914144378 ], [ 32.692766492379747, -27.527409341068157 ], [ 32.6929003132989, -27.527061405059744 ] ] ], [ [ [ 32.720541401764308, -27.425377642364225 ], [ 32.720698199462383, -27.425437618151538 ], [ 32.720551166880007, -27.425508163175888 ], [ 32.720541401764308, -27.425377642364225 ] ] ], [ [ [ 32.710700272599532, -27.4565831020285 ], [ 32.710807818925716, -27.456682461826087 ], [ 32.710665323146237, -27.456706820863072 ], [ 32.710700272599532, -27.4565831020285 ] ] ], [ [ [ 32.690855879095572, -27.526627937229456 ], [ 32.69096687072453, -27.526564115941135 ], [ 32.690970526468682, -27.52664363309712 ], [ 32.690855879095572, -27.526627937229456 ] ] ], [ [ [ 32.6878585205544, -27.517756169311713 ], [ 32.68805422202481, -27.517823261434302 ], [ 32.687976760719017, -27.51786913675117 ], [ 32.6878585205544, -27.517756169311713 ] ] ], [ [ [ 32.701257001709379, -27.491218294488629 ], [ 32.701387938502613, -27.491266129428283 ], [ 32.701206140551001, -27.491243362191337 ], [ 32.701257001709379, -27.491218294488629 ] ] ], [ [ [ 32.688028853948516, -27.517871727698058 ], [ 32.688028589547834, -27.517958331511743 ], [ 32.687902772594967, -27.517907128611032 ], [ 32.688028853948516, -27.517871727698058 ] ] ], [ [ [ 32.712594346451951, -27.45502037528998 ], [ 32.712661129207824, -27.455055942577619 ], [ 32.712566950404543, -27.455087688645847 ], [ 32.712594346451951, -27.45502037528998 ] ] ], [ [ [ 32.690432506155311, -27.526695273068356 ], [ 32.690524574249793, -27.526714481687883 ], [ 32.690512407321826, -27.526754403492884 ], [ 32.690432506155311, -27.526695273068356 ] ] ], [ [ [ 32.687863937171016, -27.517907004504593 ], [ 32.687883964173622, -27.51799002541928 ], [ 32.687849522837254, -27.517942901843401 ], [ 32.687863937171016, -27.517907004504593 ] ] ], [ [ [ 32.694089805200456, -27.509022213504267 ], [ 32.694157691424422, -27.509034253627878 ], [ 32.694215301095312, -27.509071466674808 ], [ 32.694089805200456, -27.509022213504267 ] ] ], [ [ [ 32.720623685234983, -27.423536073630792 ], [ 32.720707797926607, -27.423517890238362 ], [ 32.720709130721872, -27.4235427825733 ], [ 32.720623685234983, -27.423536073630792 ] ] ], [ [ [ 32.715737157743675, -27.448767914307751 ], [ 32.715770170956702, -27.448715204143298 ], [ 32.71578845057666, -27.448769184150493 ], [ 32.715737157743675, -27.448767914307751 ] ] ], [ [ [ 32.691058815611903, -27.526601123942665 ], [ 32.690994801868669, -27.526634181222448 ], [ 32.691042475829683, -27.526584165426854 ], [ 32.691058815611903, -27.526601123942665 ] ] ], [ [ [ 32.69456859166727, -27.509369073923562 ], [ 32.694522026570326, -27.509382802074636 ], [ 32.694524844146322, -27.509356103901027 ], [ 32.69456859166727, -27.509369073923562 ] ] ], [ [ [ 32.693366473284179, -27.528311070599361 ], [ 32.693305312190425, -27.528323640423643 ], [ 32.693310756686138, -27.528286714260403 ], [ 32.693366473284179, -27.528311070599361 ] ] ], [ [ [ 32.711359662718358, -27.456228188180308 ], [ 32.711297408049028, -27.456234207342742 ], [ 32.711289201735369, -27.456206482143397 ], [ 32.711359662718358, -27.456228188180308 ] ] ], [ [ [ 32.69398659450578, -27.52811732605365 ], [ 32.694048118925593, -27.528124812010446 ], [ 32.693995671363254, -27.528140418845201 ], [ 32.69398659450578, -27.52811732605365 ] ] ], [ [ [ 32.697140798409222, -27.483829733455345 ], [ 32.697099386427581, -27.483848069732534 ], [ 32.697111108191159, -27.483813534866663 ], [ 32.697140798409222, -27.483829733455345 ] ] ], [ [ [ 32.693928489308412, -27.528127592714167 ], [ 32.693875360959169, -27.528123850635126 ], [ 32.69388312120914, -27.528073666666302 ], [ 32.693928489308412, -27.528127592714167 ] ] ], [ [ [ 32.692722055978166, -27.528598126102576 ], [ 32.692682563149873, -27.52859392177205 ], [ 32.692697138462258, -27.528564160507571 ], [ 32.692722055978166, -27.528598126102576 ] ] ], [ [ [ 32.704003118325247, -27.49526632355559 ], [ 32.704000323356333, -27.49531630989971 ], [ 32.703983387323476, -27.495278265879232 ], [ 32.704003118325247, -27.49526632355559 ] ] ], [ [ [ 32.69347647835685, -27.507903906540037 ], [ 32.693554536812506, -27.507938392842505 ], [ 32.693570402652064, -27.507938427916084 ], [ 32.693583974321044, -27.50794048016899 ], [ 32.693592987326603, -27.50794452082291 ], [ 32.693506848462377, -27.507948459853498 ], [ 32.69350005588295, -27.507944409307036 ], [ 32.693476383928072, -27.507903983881686 ], [ 32.693442502869296, -27.507868583867996 ], [ 32.693397281359516, -27.507837193032028 ], [ 32.693385976881409, -27.507828086496971 ], [ 32.693373534760887, -27.507824023359941 ], [ 32.693358819154241, -27.507817933151042 ], [ 32.69334638872494, -27.507809834756021 ], [ 32.693340745479091, -27.507803765231515 ], [ 32.693335080649483, -27.507801730065719 ], [ 32.693328301559902, -27.507796677674481 ], [ 32.693312482485133, -27.50778351609635 ], [ 32.693303448795206, -27.5077734032199 ], [ 32.693295551848287, -27.507762281304156 ], [ 32.693288785349289, -27.507752173823761 ], [ 32.69328881412752, -27.50774208073237 ], [ 32.693294527520521, -27.507718882720184 ], [ 32.69329116135804, -27.507709802265524 ], [ 32.693271535453036, -27.507693574898472 ], [ 32.693261844358709, -27.507681014966785 ], [ 32.693258633778981, -27.50766654487515 ], [ 32.693258692234949, -27.507649175369103 ], [ 32.693261937888188, -27.50768092773259 ], [ 32.693291254887512, -27.507709715031279 ], [ 32.693294621949292, -27.5077188044792 ], [ 32.693303542324685, -27.507773324978892 ], [ 32.693312576014641, -27.507783438754622 ], [ 32.693340839008563, -27.507803686990531 ], [ 32.693346482254448, -27.507809757414321 ], [ 32.693386070410916, -27.50782800825591 ], [ 32.693442597298137, -27.507868505626988 ], [ 32.69347647835685, -27.507903906540037 ] ] ], [ [ [ 32.68601777093204, -27.527877800366021 ], [ 32.685763834933077, -27.527951497363699 ], [ 32.685798270873569, -27.527949959522992 ], [ 32.685807334241133, -27.52794998020736 ], [ 32.685869005250446, -27.527932361589205 ], [ 32.685892573783335, -27.527927567303287 ], [ 32.68590526681465, -27.527925979999917 ], [ 32.68601777093204, -27.527877800366021 ] ] ], [ [ [ 32.687236940632388, -27.503704581601124 ], [ 32.687258839124191, -27.503790901229042 ], [ 32.6872920681745, -27.503779880936627 ], [ 32.687314193295435, -27.503778702824849 ], [ 32.687355666430939, -27.503784962106309 ], [ 32.68737005828163, -27.503776408654307 ], [ 32.687355572002097, -27.50378504844122 ], [ 32.687314099765956, -27.503778789159707 ], [ 32.687258744695448, -27.503790988463287 ], [ 32.687236619574414, -27.503788482952046 ], [ 32.687231116622833, -27.503776137958379 ], [ 32.687229777532295, -27.503762575282558 ], [ 32.687229801813956, -27.503753953482153 ], [ 32.68723539289914, -27.503728083584139 ], [ 32.687235418080135, -27.503719452790449 ], [ 32.687236846203547, -27.503704668835315 ], [ 32.687231346849266, -27.503694788883379 ], [ 32.687228606614951, -27.503686160787613 ], [ 32.687228669567489, -27.503663970915458 ], [ 32.687235808385928, -27.503654209673961 ], [ 32.687228701043729, -27.503686074452702 ], [ 32.687236940632388, -27.503704581601124 ] ] ], [ [ [ 32.685400409001744, -27.515933674299568 ], [ 32.685434276570703, -27.516150036794702 ], [ 32.685414272950389, -27.516148468377086 ], [ 32.685398048281378, -27.516120977900741 ], [ 32.685387376925966, -27.516053145636157 ], [ 32.685396487957618, -27.516028944879807 ], [ 32.685385687999158, -27.516009546503273 ], [ 32.685385711381514, -27.516001475087958 ], [ 32.685393087620966, -27.515949835116746 ], [ 32.685400409001744, -27.515933674299568 ] ] ], [ [ [ 32.695674352189656, -27.50856027853397 ], [ 32.695763744801056, -27.508582510674245 ], [ 32.695815057419004, -27.508579285705434 ], [ 32.695763651271584, -27.508582588915306 ], [ 32.695674258660176, -27.50856036576819 ], [ 32.695556207794972, -27.508575370599484 ], [ 32.695674352189656, -27.50856027853397 ] ] ], [ [ [ 32.687592055928718, -27.5021141206701 ], [ 32.687661721011736, -27.502223525894951 ], [ 32.687605952087985, -27.50205732000699 ], [ 32.687592055928718, -27.5021141206701 ] ] ], [ [ [ 32.687373741904729, -27.503070920186754 ], [ 32.687437527220126, -27.503159844251361 ], [ 32.687447549265038, -27.503153176677692 ], [ 32.687461301697823, -27.503152106484475 ], [ 32.687505022239002, -27.503154436627867 ], [ 32.687413665508288, -27.503162107844954 ], [ 32.687392403736503, -27.50316206018088 ], [ 32.687379912153297, -27.503154240575704 ], [ 32.687374961385395, -27.503136399824935 ], [ 32.687375005452211, -27.503120790292208 ], [ 32.687370051087036, -27.503104068298065 ], [ 32.687370082563312, -27.503092919402643 ], [ 32.687373741904729, -27.503070920186754 ] ] ], [ [ [ 32.685745482468171, -27.528629786735177 ], [ 32.685835646248151, -27.528760397074592 ], [ 32.6858244906078, -27.528768643857806 ], [ 32.685809651794081, -27.52876859619376 ], [ 32.685785571546987, -27.528753663850459 ], [ 32.685776314825134, -27.528747034048372 ], [ 32.685767071593133, -27.528735439988523 ], [ 32.685757832857746, -27.52872219297479 ], [ 32.685737545051765, -27.528680826858636 ], [ 32.685735754501529, -27.528665953870643 ], [ 32.685737625091392, -27.528652750923673 ], [ 32.685745482468171, -27.528629786735177 ] ] ], [ [ [ 32.684802211453004, -27.51720958745242 ], [ 32.684728965269585, -27.51712928159106 ], [ 32.684735541112431, -27.517131245710363 ], [ 32.684802211453004, -27.51720958745242 ] ] ], [ [ [ 32.695230093394173, -27.50871943065717 ], [ 32.695229998965331, -27.508719517891365 ], [ 32.69521905781334, -27.508710700938078 ], [ 32.695204802659596, -27.508710669461731 ], [ 32.695191667161737, -27.508700863254159 ], [ 32.695187288362703, -27.50869499427851 ], [ 32.695182931147457, -27.508685207855976 ], [ 32.695174177146633, -27.508676395399281 ], [ 32.695177495644955, -27.508662716710969 ], [ 32.695186303605048, -27.508651983302375 ], [ 32.695195200598107, -27.508609003802455 ], [ 32.695201880762269, -27.50859531072496 ], [ 32.695186397134592, -27.508651896967415 ], [ 32.695174271575411, -27.50867630906437 ], [ 32.695183025576242, -27.508685120621756 ], [ 32.69519176069128, -27.508700776019968 ], [ 32.695219152242153, -27.508710613703808 ], [ 32.695230093394173, -27.50871943065717 ] ] ], [ [ [ 32.68599314137041, -27.528864793975 ], [ 32.686013443565606, -27.528874776449722 ], [ 32.686004140079035, -27.528876481564325 ], [ 32.685993057733484, -27.528864871316674 ], [ 32.685996821396259, -27.528848349871414 ], [ 32.686006134775411, -27.528835145125775 ], [ 32.686009901136089, -27.528807059298295 ], [ 32.685982392673381, -27.528767096124582 ], [ 32.685981794624212, -27.528750572880579 ], [ 32.685991785340697, -27.528712036077476 ], [ 32.686009994665596, -27.528806981057311 ], [ 32.686006218412274, -27.528835067784101 ], [ 32.68599314137041, -27.528864793975 ] ] ], [ [ [ 32.685996646028457, -27.528705999782009 ], [ 32.685996673907418, -27.528705991688106 ], [ 32.685994742178579, -27.528708548920676 ], [ 32.685996646028457, -27.528705999782009 ] ] ], [ [ [ 32.685344543922163, -27.51527032725561 ], [ 32.685393370907391, -27.515406837055806 ], [ 32.685379059096356, -27.515412643978248 ], [ 32.685367389493507, -27.515411445181975 ], [ 32.685362218391745, -27.515406811874769 ], [ 32.685345421753894, -27.515381351168372 ], [ 32.685328661088917, -27.515346637337394 ], [ 32.685326118705504, -27.515336231281996 ], [ 32.685335336756438, -27.515288873882373 ], [ 32.685344543922163, -27.51527032725561 ] ] ], [ [ [ 32.68433795982903, -27.51746116829819 ], [ 32.684338053358537, -27.517461081963305 ], [ 32.68436087905139, -27.517516998210819 ], [ 32.684358748557429, -27.517532828077442 ], [ 32.684385836137508, -27.517560821274852 ], [ 32.684383728126605, -27.51756826496338 ], [ 32.684358664021225, -27.517532905419191 ], [ 32.68433795982903, -27.51746116829819 ] ] ], [ [ [ 32.695226620212402, -27.508751757687399 ], [ 32.695313937678634, -27.508813880701169 ], [ 32.695275760967704, -27.508817275097087 ], [ 32.695254357102947, -27.508808313352841 ], [ 32.695256079304663, -27.508793774912764 ], [ 32.695235320253865, -27.508780124103417 ], [ 32.695225505053095, -27.50875958268853 ], [ 32.695226620212402, -27.508751757687399 ] ] ], [ [ [ 32.720391054004018, -27.425590999325056 ], [ 32.720391187103644, -27.425534122601604 ], [ 32.720395242146765, -27.425538969947464 ], [ 32.720396582136672, -27.425545021485529 ], [ 32.720397864569875, -27.425574066889638 ], [ 32.720396497600404, -27.425582532208075 ], [ 32.720391054004018, -27.425590999325056 ] ] ], [ [ [ 32.684296746597624, -27.517653741926615 ], [ 32.684330022412652, -27.517655639496045 ], [ 32.684298083410575, -27.517546654319393 ], [ 32.684296746597624, -27.517653741926615 ] ] ], [ [ [ 32.689765214593052, -27.513660046074214 ], [ 32.689740414888277, -27.51365017781341 ], [ 32.689711453121106, -27.513651322650379 ], [ 32.689701797100319, -27.513653757115151 ], [ 32.689685235074911, -27.513654951794926 ], [ 32.689765214593052, -27.513660046074214 ] ] ], [ [ [ 32.689059201820776, -27.51402730671477 ], [ 32.689165331714733, -27.514027543236487 ], [ 32.689035647677066, -27.514038385463106 ], [ 32.689059201820776, -27.51402730671477 ] ] ], [ [ [ 32.720449611560355, -27.425390821928826 ], [ 32.720440503226747, -27.425372645730938 ], [ 32.720440528407707, -27.425362516666787 ], [ 32.720443933240993, -27.425352393897821 ], [ 32.720443966515901, -27.425339222427095 ], [ 32.720415592905347, -27.425329035806357 ], [ 32.720413369781241, -27.425319913083474 ], [ 32.72041459465791, -27.42531377161319 ], [ 32.720444055548811, -27.425339143286827 ], [ 32.720449611560355, -27.425390821928826 ] ] ], [ [ [ 32.720313148433142, -27.425407852390439 ], [ 32.720306426000832, -27.425404726346979 ], [ 32.720313237466009, -27.425407773250047 ], [ 32.720316638701966, -27.425410822851191 ], [ 32.720320035441347, -27.425415894128129 ], [ 32.72032115869456, -27.425419950070562 ], [ 32.720320004864412, -27.42542804576766 ], [ 32.720317812317241, -27.425430975758903 ], [ 32.720332993772672, -27.425433649443317 ], [ 32.72031773317692, -27.425431054899171 ], [ 32.720313148433142, -27.425407852390439 ] ] ], [ [ [ 32.687622438624764, -27.503210405036121 ], [ 32.687609874196362, -27.503207120712027 ], [ 32.687607376779042, -27.503206004653354 ], [ 32.687592415657505, -27.503187021763594 ], [ 32.687582418793653, -27.503184778854397 ], [ 32.687572440815558, -27.503175845888471 ], [ 32.687572348185419, -27.50316502254768 ], [ 32.687622438624764, -27.503210405036121 ] ] ], [ [ [ 32.720600613127843, -27.425332964045015 ], [ 32.720599388251273, -27.425313927195951 ], [ 32.720588078377183, -27.425309417995162 ], [ 32.720556670454037, -27.425286910662379 ], [ 32.720546605221628, -27.425285779398873 ], [ 32.720600613127843, -27.425332964045015 ] ] ], [ [ [ 32.713021634141171, -27.455024751391122 ], [ 32.71301964574014, -27.455033194226449 ], [ 32.713021539712329, -27.455024837726032 ], [ 32.712992570750608, -27.454987971817385 ], [ 32.712990713650598, -27.454982108237662 ], [ 32.712989785550278, -27.454977096315879 ], [ 32.71299071724787, -27.45497290907241 ], [ 32.712993591481137, -27.454968712835811 ], [ 32.713021634141171, -27.455024751391122 ] ] ], [ [ [ 32.689593918924274, -27.513787374787434 ], [ 32.68954569547752, -27.51377990142128 ], [ 32.689566368193354, -27.513784867477582 ], [ 32.689593918924274, -27.513787374787434 ] ] ], [ [ [ 32.692191642130673, -27.493833453750817 ], [ 32.692166587917768, -27.493834024820327 ], [ 32.692166697635102, -27.493833398892228 ], [ 32.692191642130673, -27.493833453750817 ] ] ], [ [ [ 32.689439442376411, -27.513804237975155 ], [ 32.689473894504658, -27.5138129092383 ], [ 32.689484872528929, -27.513812933520029 ], [ 32.689473810867796, -27.513812987479309 ], [ 32.689439358739484, -27.513804325209371 ], [ 32.689396617559957, -27.513809125790445 ], [ 32.689439442376411, -27.513804237975155 ] ] ], [ [ [ 32.685984998908637, -27.528689293076333 ], [ 32.686006601523488, -27.528684971833933 ], [ 32.6860124704992, -27.528690231069284 ], [ 32.686010478500897, -27.52869984122464 ], [ 32.685984915271703, -27.528689370418057 ], [ 32.685984937754696, -27.52868149865219 ], [ 32.685989851650426, -27.528673646671383 ], [ 32.685981038294365, -27.528667506100486 ], [ 32.685978126289577, -27.528658751200304 ], [ 32.685977176605533, -27.52865087673656 ], [ 32.685978236006875, -27.528647331609019 ], [ 32.685989945179898, -27.528673568430399 ], [ 32.685984998908637, -27.528689293076333 ] ] ], [ [ [ 32.720472064933936, -27.425434731327744 ], [ 32.720479603950608, -27.425438113677959 ], [ 32.720488369642645, -27.425452711473344 ], [ 32.720497179401377, -27.425453858108956 ], [ 32.720499689409152, -27.42545723056665 ], [ 32.72050469593502, -27.425466204901394 ], [ 32.720509697064912, -27.425463981777305 ], [ 32.720504601506242, -27.425466283142349 ], [ 32.720497084972529, -27.425453935450705 ], [ 32.720488276113109, -27.425452789714406 ], [ 32.720471971404464, -27.425434818562014 ], [ 32.720451894039734, -27.425439232434584 ], [ 32.720472064933936, -27.425434731327744 ] ] ], [ [ [ 32.71975328062716, -27.425507401613416 ], [ 32.719699890837347, -27.425507284133751 ], [ 32.719708964097485, -27.425512367101977 ], [ 32.71971463971893, -27.425516432037696 ], [ 32.719733960753715, -27.425509393044017 ], [ 32.71975328062716, -27.425507401613416 ] ] ], [ [ [ 32.720235582805962, -27.425534350130114 ], [ 32.720293375938603, -27.425554525520912 ], [ 32.720279766498116, -27.425558183063636 ], [ 32.720249934187152, -27.425548436211322 ], [ 32.720235582805962, -27.425534350130114 ] ] ], [ [ [ 32.720380179401808, -27.425598262249935 ], [ 32.720420798181351, -27.425627368807945 ], [ 32.720424866714282, -27.425630997572423 ], [ 32.720420709148485, -27.425627457840829 ], [ 32.720396282662385, -27.425628599979873 ], [ 32.720390863347696, -27.425627379599845 ], [ 32.720386801110031, -27.425621313672625 ], [ 32.72038007957709, -27.425606783326348 ], [ 32.720380179401808, -27.425598262249935 ] ] ], [ [ [ 32.720091320757874, -27.425438941953583 ], [ 32.720090067102937, -27.425453185416142 ], [ 32.720090076995582, -27.425449132171632 ], [ 32.720091320757874, -27.425438941953583 ] ] ], [ [ [ 32.684949769431526, -27.516879296241054 ], [ 32.684932759739148, -27.516949175264177 ], [ 32.684931768686255, -27.516937996691077 ], [ 32.684931827142222, -27.51691751283283 ], [ 32.684934975668682, -27.516907273152068 ], [ 32.684949769431526, -27.516879296241054 ] ] ], [ [ [ 32.720197134090562, -27.425373296840096 ], [ 32.720215209564344, -27.425376446265901 ], [ 32.720197036963746, -27.425373385872984 ], [ 32.720192489092149, -27.425375398555694 ], [ 32.720182253008652, -27.425378420277827 ], [ 32.720168702024033, -27.425378393298121 ], [ 32.720197134090562, -27.425373296840096 ] ] ], [ [ [ 32.684184148329877, -27.517857166774743 ], [ 32.684192373978952, -27.517898144383825 ], [ 32.684176754553611, -27.517882283040858 ], [ 32.684175748212297, -27.517872964265838 ], [ 32.684178891342853, -27.51786459337626 ], [ 32.684184148329877, -27.517857166774743 ] ] ], [ [ [ 32.684629840532494, -27.517173411522617 ], [ 32.684594747749536, -27.517168456059345 ], [ 32.684603499052294, -27.517178252374347 ], [ 32.684629840532494, -27.517173411522617 ] ] ], [ [ [ 32.720273197849885, -27.425518123662393 ], [ 32.720273108817011, -27.425518202802813 ], [ 32.720264022966326, -27.42551818391701 ], [ 32.720257211501213, -27.425515128020685 ], [ 32.720254945209689, -27.425511070279633 ], [ 32.720243586772177, -27.425510036059226 ], [ 32.720240209817852, -27.425509018026723 ], [ 32.720241360950162, -27.425501924174355 ], [ 32.720240288958237, -27.425508938886356 ], [ 32.720255034242491, -27.425510991139262 ], [ 32.720257300534051, -27.425515048880367 ], [ 32.720273197849885, -27.425518123662393 ] ] ], [ [ [ 32.687758608573063, -27.522167334954478 ], [ 32.687814626443924, -27.52216666675821 ], [ 32.687753684784795, -27.522159607080162 ], [ 32.687758608573063, -27.522167334954478 ] ] ], [ [ [ 32.689663056105182, -27.513702789951772 ], [ 32.689578923628503, -27.513730819121946 ], [ 32.689603754809468, -27.513729646406041 ], [ 32.689663056105182, -27.513702789951772 ] ] ], [ [ [ 32.688092913557163, -27.517787627596842 ], [ 32.688098769042995, -27.517796822265449 ], [ 32.688086348506204, -27.517783063537539 ], [ 32.688092913557163, -27.517787627596842 ] ] ], [ [ [ 32.713027759423582, -27.455199571503002 ], [ 32.713045546215028, -27.455212987589245 ], [ 32.713053996244973, -27.45521300557574 ], [ 32.713063366281418, -27.455217204510316 ], [ 32.713067973096905, -27.455213937032152 ], [ 32.713027759423582, -27.455199571503002 ] ] ], [ [ [ 32.720343754160979, -27.425314898463714 ], [ 32.720359597517479, -27.42533114471647 ], [ 32.720345985379026, -27.425325041917127 ], [ 32.720343744268504, -27.425318952607562 ], [ 32.720343754160979, -27.425314898463714 ] ] ], [ [ [ 32.720778169876688, -27.425335295087741 ], [ 32.720801995886006, -27.425367871368195 ], [ 32.720789320570795, -27.425365684078958 ], [ 32.720778169876688, -27.425335295087741 ] ] ], [ [ [ 32.686714225880884, -27.526985469903472 ], [ 32.686713550733955, -27.526986014230982 ], [ 32.686700216242066, -27.526982612757262 ], [ 32.686714225880884, -27.526985469903472 ] ] ], [ [ [ 32.687083734974969, -27.52609129774514 ], [ 32.687083247394042, -27.526091452058832 ], [ 32.687050512970877, -27.526082219618669 ], [ 32.687083734974969, -27.52609129774514 ] ] ], [ [ [ 32.720428000851626, -27.425427809245939 ], [ 32.72039272134711, -27.425427738199499 ], [ 32.720369623250896, -27.425434948444163 ], [ 32.720383307243871, -27.425428840768344 ], [ 32.720392810379941, -27.425427650065945 ], [ 32.720428089884528, -27.425427721112388 ], [ 32.720433495709301, -27.42542532262053 ], [ 32.720428000851626, -27.425427809245939 ] ] ], [ [ [ 32.685926812772301, -27.527754626774524 ], [ 32.685926729135304, -27.527754705015585 ], [ 32.685928766099757, -27.527748535666316 ], [ 32.685926812772301, -27.527754626774524 ] ] ], [ [ [ 32.720416967968724, -27.425510031562684 ], [ 32.720422521282366, -27.425454403997453 ], [ 32.720425244429556, -27.425449561148284 ], [ 32.720429337244219, -27.425443520402073 ], [ 32.720433491212695, -27.425436209813142 ], [ 32.720416967968724, -27.425510031562684 ] ] ], [ [ [ 32.695261317855575, -27.508535754921091 ], [ 32.695261224326096, -27.508535842155336 ], [ 32.69526568316482, -27.508528965039627 ], [ 32.695261317855575, -27.508535754921091 ] ] ], [ [ [ 32.685836927332382, -27.528625209186025 ], [ 32.685890850682249, -27.528625321601304 ], [ 32.685873185299378, -27.528627024017826 ], [ 32.685859442759138, -27.528626993440916 ], [ 32.685836927332382, -27.528625209186025 ] ] ], [ [ [ 32.720417221577591, -27.425642607820023 ], [ 32.720449822901102, -27.425661757084367 ], [ 32.720438465362925, -27.425662924404396 ], [ 32.720428415439081, -27.425656169596486 ], [ 32.720417221577591, -27.425642607820023 ] ] ], [ [ [ 32.720067166135316, -27.42551495388992 ], [ 32.720077406447231, -27.425510920992132 ], [ 32.720072847783719, -27.425512943567487 ], [ 32.720067166135316, -27.42551495388992 ] ] ], [ [ [ 32.720219104528077, -27.425286834219989 ], [ 32.720219017293878, -27.425286914259587 ], [ 32.720221298873952, -27.425280842936466 ], [ 32.720219104528077, -27.425286834219989 ] ] ], [ [ [ 32.684237711501225, -27.517789253571177 ], [ 32.68423609092293, -27.51784055449793 ], [ 32.684227024857364, -27.517841420545057 ], [ 32.684220793454934, -27.517835817768731 ], [ 32.684220817736623, -27.517827440583844 ], [ 32.684237711501225, -27.517789253571177 ] ] ], [ [ [ 32.688074761191316, -27.500931022948297 ], [ 32.688030019469913, -27.500933600405258 ], [ 32.688030410675005, -27.500933397158526 ], [ 32.688074761191316, -27.500931022948297 ] ] ], [ [ [ 32.695370215862873, -27.508471958813782 ], [ 32.695370122333301, -27.508472046048027 ], [ 32.695376784511076, -27.508460307197396 ], [ 32.695370215862873, -27.508471958813782 ] ] ], [ [ [ 32.69253459364667, -27.492250360066027 ], [ 32.692512214467179, -27.492256895439251 ], [ 32.692512406922106, -27.492256486247815 ], [ 32.69253459364667, -27.492250360066027 ] ] ], [ [ [ 32.684606839584042, -27.517066440563685 ], [ 32.684599479982083, -27.517084108644656 ], [ 32.684602633005184, -27.517072010065203 ], [ 32.684606839584042, -27.517066440563685 ] ] ], [ [ [ 32.69997805661626, -27.487422975006371 ], [ 32.699987890129101, -27.487421369400614 ], [ 32.699987232724695, -27.487422248937591 ], [ 32.69997805661626, -27.487422975006371 ] ] ], [ [ [ 32.684636343105282, -27.51716765208835 ], [ 32.684654202829257, -27.517183838962996 ], [ 32.684665146679251, -27.517182891077553 ], [ 32.684654109299785, -27.517183916304621 ], [ 32.684645098092851, -27.517176466320837 ], [ 32.684636343105282, -27.51716765208835 ] ] ], [ [ [ 32.720426779572328, -27.425409562900917 ], [ 32.720467494579282, -27.425404796494089 ], [ 32.720461973023717, -27.425418183691509 ], [ 32.720426779572328, -27.425409562900917 ] ] ], [ [ [ 32.720260846560869, -27.425335939901693 ], [ 32.720301667687849, -27.425333011709089 ], [ 32.720247170570573, -27.425343052639711 ], [ 32.720260846560869, -27.425335939901693 ] ] ], [ [ [ 32.688334288896414, -27.499909450660567 ], [ 32.68831610550393, -27.499917272963724 ], [ 32.688316247596795, -27.49991681341011 ], [ 32.688334288896414, -27.499909450660567 ] ] ], [ [ [ 32.720100436286188, -27.425423749706219 ], [ 32.72010033915938, -27.425423829745895 ], [ 32.720082206128986, -27.42541669722279 ], [ 32.720083359959141, -27.425408601525696 ], [ 32.720100436286188, -27.425423749706219 ] ] ], [ [ [ 32.688160700855683, -27.518018973696631 ], [ 32.688172555269318, -27.518025608894646 ], [ 32.688148836100012, -27.518016302710194 ], [ 32.688160700855683, -27.518018973696631 ] ] ], [ [ [ 32.719673698982085, -27.425530541501224 ], [ 32.71968731921455, -27.42553765603791 ], [ 32.719698570632602, -27.425538770297965 ], [ 32.719687222087735, -27.425537736077612 ], [ 32.71967360185527, -27.425530630534084 ], [ 32.719664593346373, -27.425532594653465 ], [ 32.719673698982085, -27.425530541501224 ] ] ], [ [ [ 32.720365638392735, -27.425438474421128 ], [ 32.720350731101426, -27.425432395788405 ], [ 32.720357494003217, -27.425438458118293 ], [ 32.720365638392735, -27.425438474421128 ] ] ], [ [ [ 32.720121128787142, -27.425390982907487 ], [ 32.720121030761, -27.425391062947163 ], [ 32.720111955702222, -27.425386991716234 ], [ 32.720108584143908, -27.425379897863941 ], [ 32.720121128787142, -27.425390982907487 ] ] ], [ [ [ 32.684336058662232, -27.517425688244845 ], [ 32.684327570860816, -27.517439713172131 ], [ 32.684335975025299, -27.517425765586523 ], [ 32.684338100123284, -27.517411804511088 ], [ 32.68434021802674, -27.517404361721844 ], [ 32.684342322440273, -27.517397847932244 ], [ 32.684344447538294, -27.517394143624784 ], [ 32.684336058662232, -27.517425688244845 ] ] ], [ [ [ 32.720531438441675, -27.425755019612808 ], [ 32.720503653620767, -27.425758409023345 ], [ 32.720488634942626, -27.425757276776793 ], [ 32.720531438441675, -27.425755019612808 ] ] ], [ [ [ 32.720544933778527, -27.425514793785325 ], [ 32.720549827512585, -27.425540685853942 ], [ 32.720543539452812, -27.425538433951562 ], [ 32.720539787481279, -27.425533940039216 ], [ 32.720539818957555, -27.425521598642828 ], [ 32.720544933778527, -27.425514793785325 ] ] ], [ [ [ 32.686099738911885, -27.527746855732751 ], [ 32.686104615036001, -27.527759108995635 ], [ 32.686121212923723, -27.527758349068478 ], [ 32.686104521506529, -27.527759186337335 ], [ 32.686099644483107, -27.527746942966996 ], [ 32.686088928161581, -27.527752109572102 ], [ 32.686099738911885, -27.527746855732751 ] ] ], [ [ [ 32.684355022666224, -27.517376375719074 ], [ 32.684354939029291, -27.517376453960136 ], [ 32.684355046947921, -27.517368001232242 ], [ 32.684355022666224, -27.517376375719074 ] ] ], [ [ [ 32.692723650476168, -27.488060022951604 ], [ 32.692731957513907, -27.488061268512666 ], [ 32.692723538960202, -27.488060704637725 ], [ 32.692723650476168, -27.488060022951604 ] ] ], [ [ [ 32.692780666594565, -27.496093648802816 ], [ 32.692765319663842, -27.496097717335719 ], [ 32.692765420387893, -27.496097316238107 ], [ 32.692780666594565, -27.496093648802816 ] ] ], [ [ [ 32.689896678389104, -27.513532833373507 ], [ 32.689896594752106, -27.513532920607751 ], [ 32.689879706310762, -27.513527561891593 ], [ 32.689896678389104, -27.513532833373507 ] ] ], [ [ [ 32.700311825030745, -27.487512933874722 ], [ 32.700311246766702, -27.487513361052709 ], [ 32.700305415562504, -27.487508139588911 ], [ 32.700311825030745, -27.487512933874722 ] ] ], [ [ [ 32.689326063946758, -27.513880239681225 ], [ 32.689326147583692, -27.513880162339575 ], [ 32.689356503300004, -27.51387040109805 ], [ 32.689326063946758, -27.513880239681225 ] ] ], [ [ [ 32.720400714521411, -27.425285565276578 ], [ 32.720407502604232, -27.425297730405834 ], [ 32.72041430507624, -27.425297743895687 ], [ 32.720407405477424, -27.425297809546205 ], [ 32.720400617394596, -27.425285653410132 ], [ 32.72039160888567, -27.425289645500669 ], [ 32.720400714521411, -27.425285565276578 ] ] ], [ [ [ 32.689930017606287, -27.513320113582282 ], [ 32.689947909168751, -27.513317497904161 ], [ 32.689957748651288, -27.513324675393413 ], [ 32.689930017606287, -27.513320113582282 ] ] ], [ [ [ 32.686123939668157, -27.528567721822863 ], [ 32.686123846138642, -27.528567800063822 ], [ 32.686111118933056, -27.528559898620376 ], [ 32.686111303294076, -27.528558940842363 ], [ 32.686123939668157, -27.528567721822863 ] ] ], [ [ [ 32.720316599131849, -27.425301610081167 ], [ 32.720320000367806, -27.425304641695767 ], [ 32.720333641686537, -27.425304672125709 ], [ 32.720319903240991, -27.425304721735468 ], [ 32.720316501105707, -27.425301699114055 ], [ 32.720304087763516, -27.425302678475742 ], [ 32.720316599131849, -27.425301610081167 ] ] ], [ [ [ 32.720475398720751, -27.425609763679589 ], [ 32.72049548687729, -27.425614286370156 ], [ 32.720471633259301, -27.425606388523967 ], [ 32.720475398720751, -27.425609763679589 ] ] ], [ [ [ 32.688322042378488, -27.49982914749711 ], [ 32.688310688887213, -27.499829595359486 ], [ 32.688310956885232, -27.499829122316097 ], [ 32.688322042378488, -27.49982914749711 ] ] ], [ [ [ 32.686132528193689, -27.528744550120813 ], [ 32.686132621723196, -27.528744462886568 ], [ 32.686182749934048, -27.528713201553014 ], [ 32.686132528193689, -27.528744550120813 ] ] ], [ [ [ 32.720051405092946, -27.425499628120352 ], [ 32.720053521352966, -27.425517950992624 ], [ 32.72004787630852, -27.425513886056955 ], [ 32.720047896093647, -27.42550577956801 ], [ 32.720051405092946, -27.425499628120352 ] ] ], [ [ [ 32.695585275744527, -27.48664811362249 ], [ 32.695593141610232, -27.48664542894333 ], [ 32.695592483306555, -27.4866463021851 ], [ 32.695585275744527, -27.48664811362249 ] ] ], [ [ [ 32.68925388795666, -27.513909861550818 ], [ 32.689253971593629, -27.513909783309785 ], [ 32.689288869115401, -27.513898517862785 ], [ 32.68925388795666, -27.513909861550818 ] ] ], [ [ [ 32.687604417110208, -27.502837440895121 ], [ 32.687596004851805, -27.502850484662073 ], [ 32.687596080394869, -27.502849772399038 ], [ 32.687604417110208, -27.502837440895121 ] ] ], [ [ [ 32.685890286477459, -27.527824498266728 ], [ 32.685897999393227, -27.527840332165578 ], [ 32.685893117873178, -27.527833324648146 ], [ 32.685890286477459, -27.527824498266728 ] ] ], [ [ [ 32.691838473866589, -27.496747784182862 ], [ 32.691821542330381, -27.49675933417587 ], [ 32.691821809429065, -27.496758860233147 ], [ 32.691838473866589, -27.496747784182862 ] ] ], [ [ [ 32.691432785644587, -27.4979111022155 ], [ 32.691421526582296, -27.49791776888986 ], [ 32.691421672272433, -27.497917252679017 ], [ 32.691432785644587, -27.4979111022155 ] ] ], [ [ [ 32.68479956205023, -27.517031088214093 ], [ 32.684799478413296, -27.517031166455101 ], [ 32.684803732206554, -27.517023672404477 ], [ 32.68479956205023, -27.517031088214093 ] ] ], [ [ [ 32.693671372236118, -27.507806357976996 ], [ 32.69368638731698, -27.507808321197043 ], [ 32.693658253825404, -27.507808066688881 ], [ 32.693671372236118, -27.507806357976996 ] ] ], [ [ [ 32.693342172703197, -27.507624211088363 ], [ 32.693342079173682, -27.507624298322607 ], [ 32.693344299599822, -27.507605010562763 ], [ 32.693348709875124, -27.50759821978199 ], [ 32.693342172703197, -27.507624211088363 ] ] ], [ [ [ 32.689873707905384, -27.51356912191736 ], [ 32.689884643661465, -27.513570877394059 ], [ 32.689896477840264, -27.513574511554388 ], [ 32.689873707905384, -27.51356912191736 ] ] ], [ [ [ 32.720171189548857, -27.425362718114904 ], [ 32.720171092422042, -27.425362798154605 ], [ 32.720166708227133, -27.4253424518926 ], [ 32.720171189548857, -27.425362718114904 ] ] ], [ [ [ 32.68841934048023, -27.500675755781462 ], [ 32.688405296667206, -27.500682305543922 ], [ 32.688405463041804, -27.500681899050306 ], [ 32.68841934048023, -27.500675755781462 ] ] ], [ [ [ 32.686020999669466, -27.528850018113818 ], [ 32.686048859767219, -27.528841774927887 ], [ 32.686058064328279, -27.528841795612333 ], [ 32.686020999669466, -27.528850018113818 ] ] ], [ [ [ 32.720343892656579, -27.425290515145104 ], [ 32.720358548193985, -27.425298725016784 ], [ 32.720338219733094, -27.425293589027849 ], [ 32.720343892656579, -27.425290515145104 ] ] ], [ [ [ 32.686049246475605, -27.528595530659146 ], [ 32.686049162838678, -27.528595608000845 ], [ 32.686053136942732, -27.528579881556247 ], [ 32.686061118425926, -27.52856062886983 ], [ 32.686049246475605, -27.528595530659146 ] ] ], [ [ [ 32.687670297846019, -27.521348446473599 ], [ 32.687670115283638, -27.521348263911161 ], [ 32.687670046035855, -27.521323279845436 ], [ 32.687670297846019, -27.521348446473599 ] ] ], [ [ [ 32.720286902618582, -27.425491806801414 ], [ 32.720286823478155, -27.425491886841066 ], [ 32.720286845961212, -27.425482768614824 ], [ 32.720291511644014, -27.42546551152406 ], [ 32.720286902618582, -27.425491806801414 ] ] ], [ [ [ 32.68438128376927, -27.517325220482515 ], [ 32.684381199233073, -27.517325298723524 ], [ 32.684389660054826, -27.517311321460262 ], [ 32.68438128376927, -27.517325220482515 ] ] ], [ [ [ 32.692463294945171, -27.49137189779481 ], [ 32.692441001650941, -27.491379494368068 ], [ 32.69244111496554, -27.491379260544427 ], [ 32.692463294945171, -27.49137189779481 ] ] ], [ [ [ 32.691847253048351, -27.497557983414151 ], [ 32.691836071777345, -27.497572000247533 ], [ 32.691836129333979, -27.497571546089947 ], [ 32.691847253048351, -27.497557983414151 ] ] ], [ [ [ 32.684792680437901, -27.517065965721681 ], [ 32.684792774866743, -27.517065878487461 ], [ 32.684803743078511, -27.517061995184008 ], [ 32.684792680437901, -27.517065965721681 ] ] ], [ [ [ 32.720483211131373, -27.425504305579203 ], [ 32.720507025179117, -27.425504440477443 ], [ 32.720483178755728, -27.425504392813419 ], [ 32.720483211131373, -27.425504305579203 ] ] ], [ [ [ 32.68999455700326, -27.513311440970199 ], [ 32.689970697989395, -27.513314078681699 ], [ 32.689961764124192, -27.513317586937021 ], [ 32.689970782525698, -27.51331400044074 ], [ 32.68999455700326, -27.513311440970199 ] ] ], [ [ [ 32.684975486529531, -27.516946826234957 ], [ 32.684960850962611, -27.516948078091279 ], [ 32.684955357004206, -27.516950015230982 ], [ 32.684947675385331, -27.516950968843947 ], [ 32.684960944492083, -27.516947990857009 ], [ 32.684975486529531, -27.516946826234957 ] ] ], [ [ [ 32.691498906949128, -27.490512502050311 ], [ 32.691487744563844, -27.49052027848801 ], [ 32.691487801221108, -27.490519880088346 ], [ 32.691498906949128, -27.490512502050311 ] ] ], [ [ [ 32.689862669616467, -27.513611544626119 ], [ 32.689851654730127, -27.513613375756638 ], [ 32.689830770382876, -27.513618636632138 ], [ 32.68985173926643, -27.513613297515629 ], [ 32.689862669616467, -27.513611544626119 ] ] ], [ [ [ 32.684626222222491, -27.517287785302972 ], [ 32.684626128692919, -27.517287862644675 ], [ 32.684619666164778, -27.517278968349686 ], [ 32.684626222222491, -27.517287785302972 ] ] ], [ [ [ 32.684400407852621, -27.517577686261188 ], [ 32.684380745974707, -27.517581463413759 ], [ 32.684390626826058, -27.51757855230829 ], [ 32.684400502281399, -27.517577599926227 ], [ 32.684409219409979, -27.517572771466167 ], [ 32.684400407852621, -27.517577686261188 ] ] ], [ [ [ 32.685495056351847, -27.516098174690956 ], [ 32.685467033476897, -27.516108128387337 ], [ 32.685477921568861, -27.516103313417155 ], [ 32.685495056351847, -27.516098174690956 ] ] ], [ [ [ 32.690225611273078, -27.497907436578902 ], [ 32.690210183852962, -27.497912628365047 ], [ 32.690210351126822, -27.497912331588761 ], [ 32.690225611273078, -27.497907436578902 ] ] ], [ [ [ 32.685449353704811, -27.515322659612938 ], [ 32.685449447234284, -27.515322572378746 ], [ 32.685462401968373, -27.515316838301437 ], [ 32.685449353704811, -27.515322659612938 ] ] ], [ [ [ 32.687698713275125, -27.501903880759496 ], [ 32.687677729843472, -27.50191272469241 ], [ 32.687677893520025, -27.501912482774763 ], [ 32.687698713275125, -27.501903880759496 ] ] ], [ [ [ 32.691534182856302, -27.498388585564729 ], [ 32.691534168916853, -27.498393515648168 ], [ 32.691533447210915, -27.498388594557888 ], [ 32.691534182856302, -27.498388585564729 ] ] ], [ [ [ 32.69184279510899, -27.494126963688323 ], [ 32.691831644414918, -27.494130981859254 ], [ 32.691831700172891, -27.494130640116897 ], [ 32.69184279510899, -27.494126963688323 ] ] ], [ [ [ 32.691379097467397, -27.491227958603314 ], [ 32.691367876626316, -27.491243205709345 ], [ 32.691367980947632, -27.491242747954399 ], [ 32.691379097467397, -27.491227958603314 ] ] ], [ [ [ 32.688294262770057, -27.500791583065052 ], [ 32.688278882564433, -27.500799242590929 ], [ 32.688279005771584, -27.500798951210545 ], [ 32.688294262770057, -27.500791583065052 ] ] ], [ [ [ 32.701200892107551, -27.487685386071657 ], [ 32.701187256586664, -27.487685626190661 ], [ 32.701187742220569, -27.487685358192671 ], [ 32.701200892107551, -27.487685386071657 ] ] ], [ [ [ 32.693200827156495, -27.488324680839288 ], [ 32.693186273427834, -27.488327771809118 ], [ 32.693186404728891, -27.488327502012563 ], [ 32.693200827156495, -27.488324680839288 ] ] ], [ [ [ 32.684991719292455, -27.516830036676811 ], [ 32.684991635655521, -27.516830114018511 ], [ 32.684992802076195, -27.516816076500685 ], [ 32.684991719292455, -27.516830036676811 ] ] ], [ [ [ 32.693104292129412, -27.4954557039176 ], [ 32.693097241444647, -27.49545869596195 ], [ 32.69309735116191, -27.49545815277148 ], [ 32.693104292129412, -27.4954557039176 ] ] ], [ [ [ 32.695458129988786, -27.508409606118395 ], [ 32.695458036459279, -27.508409693352586 ], [ 32.695465765232967, -27.508390155581171 ], [ 32.695471301459456, -27.508383313539067 ], [ 32.695458129988786, -27.508409606118395 ] ] ], [ [ [ 32.685564427356518, -27.517472082470583 ], [ 32.685571422283388, -27.517470673232907 ], [ 32.685570529256573, -27.517471332435996 ], [ 32.685564427356518, -27.517472082470583 ] ] ], [ [ [ 32.692506041970347, -27.492062146800517 ], [ 32.692494877336827, -27.492071112591702 ], [ 32.692494933094757, -27.492070770849345 ], [ 32.692506041970347, -27.492062146800517 ] ] ], [ [ [ 32.693656809514245, -27.50770045291349 ], [ 32.693656903043717, -27.507700365679295 ], [ 32.693676476214144, -27.507692943762226 ], [ 32.693656809514245, -27.50770045291349 ] ] ], [ [ [ 32.685361496236098, -27.515241476912575 ], [ 32.685358787478158, -27.515249637360828 ], [ 32.685361516021189, -27.515234537743659 ], [ 32.685361496236098, -27.515241476912575 ] ] ], [ [ [ 32.693635309422078, -27.507727795901022 ], [ 32.693624223479183, -27.507728515358675 ], [ 32.693644630895037, -27.507726906471504 ], [ 32.693635309422078, -27.507727795901022 ] ] ], [ [ [ 32.686928484861781, -27.526893818195092 ], [ 32.686911609982872, -27.526894801154093 ], [ 32.686911682827954, -27.526894606001235 ], [ 32.686928484861781, -27.526893818195092 ] ] ], [ [ [ 32.69540549626673, -27.508705622466419 ], [ 32.695405589796202, -27.508705535232149 ], [ 32.695426548242871, -27.508695409357003 ], [ 32.69540549626673, -27.508705622466419 ] ] ], [ [ [ 32.684510437206981, -27.517179740752365 ], [ 32.684510353570055, -27.517179818993348 ], [ 32.684513592786864, -27.517172296557241 ], [ 32.684510437206981, -27.517179740752365 ] ] ], [ [ [ 32.684452641376403, -27.517263492815939 ], [ 32.684474757851092, -27.517229940228546 ], [ 32.68444432365456, -27.517274568488219 ], [ 32.684452641376403, -27.517263492815939 ] ] ], [ [ [ 32.687689401245009, -27.502220603997607 ], [ 32.687679403481795, -27.502227255383474 ], [ 32.687679684969524, -27.502226757159022 ], [ 32.687689401245009, -27.502220603997607 ] ] ], [ [ [ 32.687796176852132, -27.501743529839942 ], [ 32.687783536880779, -27.501747507541371 ], [ 32.687783704154711, -27.501747211664444 ], [ 32.687796176852132, -27.501743529839942 ] ] ], [ [ [ 32.693389298077697, -27.486237748273428 ], [ 32.693388316018016, -27.486238179048645 ], [ 32.693381306252164, -27.48623815926376 ], [ 32.693389298077697, -27.486237748273428 ] ] ], [ [ [ 32.692611790102092, -27.487917730868517 ], [ 32.692600634911379, -27.487920456264018 ], [ 32.692600688870741, -27.487920171178917 ], [ 32.692611790102092, -27.487917730868517 ] ] ], [ [ [ 32.691915549812869, -27.498310382767876 ], [ 32.69190154332162, -27.498319282009238 ], [ 32.691901666528764, -27.498318991528162 ], [ 32.691915549812869, -27.498310382767876 ] ] ], [ [ [ 32.686117143491451, -27.528539720531626 ], [ 32.686112967939124, -27.528550275874476 ], [ 32.686117173169059, -27.528529233537242 ], [ 32.686117143491451, -27.528539720531626 ] ] ], [ [ [ 32.693229367441425, -27.488433249694616 ], [ 32.693224465836465, -27.488442528000235 ], [ 32.693224535084241, -27.488441806743918 ], [ 32.693229367441425, -27.488433249694616 ] ] ], [ [ [ 32.692072355155126, -27.493385958295267 ], [ 32.692063953688546, -27.493394977596054 ], [ 32.692064010345874, -27.493394579196391 ], [ 32.692072355155126, -27.493385958295267 ] ] ], [ [ [ 32.687714883085441, -27.501612975708255 ], [ 32.687698085098596, -27.501615594983633 ], [ 32.687698242479946, -27.501615402528728 ], [ 32.687714883085441, -27.501612975708255 ] ] ], [ [ [ 32.692572201945659, -27.492184982051221 ], [ 32.692566577585531, -27.492191711678071 ], [ 32.692566636940803, -27.492191144205847 ], [ 32.692572201945659, -27.492184982051221 ] ] ], [ [ [ 32.686020434895269, -27.527672350498474 ], [ 32.686016405033151, -27.527682034398321 ], [ 32.686020351258271, -27.527672428739532 ], [ 32.686023405355918, -27.527663614484144 ], [ 32.686020434895269, -27.527672350498474 ] ] ], [ [ [ 32.688542410903651, -27.500406061690342 ], [ 32.68852429675902, -27.500411143759205 ], [ 32.688524375899341, -27.50041096839141 ], [ 32.688542410903651, -27.500406061690342 ] ] ], [ [ [ 32.684826708985518, -27.517053340139505 ], [ 32.684826802514955, -27.517053253804569 ], [ 32.684830103616804, -27.517051307048568 ], [ 32.684826708985518, -27.517053340139505 ] ] ], [ [ [ 32.695500044691379, -27.486570861206165 ], [ 32.695493815986879, -27.486574976054278 ], [ 32.695493860053659, -27.486574512903406 ], [ 32.695500044691379, -27.486570861206165 ] ] ], [ [ [ 32.694158084877856, -27.486856929253811 ], [ 32.694147058739823, -27.486857150037359 ], [ 32.694147142376821, -27.486856905421789 ], [ 32.694158084877856, -27.486856929253811 ] ] ], [ [ [ 32.68903636353744, -27.498867092342383 ], [ 32.689029346127512, -27.498876179991637 ], [ 32.689029403684046, -27.498875724934692 ], [ 32.68903636353744, -27.498867092342383 ] ] ], [ [ [ 32.72017756214489, -27.42543717388639 ], [ 32.720165159594487, -27.425439082247824 ], [ 32.720177659271599, -27.42543708575284 ], [ 32.720182154083204, -27.425435086559954 ], [ 32.72017756214489, -27.42543717388639 ] ] ], [ [ [ 32.688238378448524, -27.500008046034406 ], [ 32.688228560999356, -27.500015771210826 ], [ 32.688228659025469, -27.500015426770467 ], [ 32.688238378448524, -27.500008046034406 ] ] ], [ [ [ 32.687000219741286, -27.526713947288158 ], [ 32.686988967866604, -27.526716655349308 ], [ 32.686988998443539, -27.526716417028997 ], [ 32.687000219741286, -27.526713947288158 ] ] ], [ [ [ 32.720243004910856, -27.425265603924437 ], [ 32.72024064059319, -27.425269732711957 ], [ 32.720242906884742, -27.42526568306473 ], [ 32.720241804315918, -27.425261628021655 ], [ 32.720243004910856, -27.425259563178226 ], [ 32.720243004910856, -27.425265603924437 ] ] ], [ [ [ 32.689247421831148, -27.49872922987004 ], [ 32.689238992485606, -27.49873326602734 ], [ 32.68923908961235, -27.498732921586981 ], [ 32.689247421831148, -27.49872922987004 ] ] ], [ [ [ 32.7203394742874, -27.425370341667865 ], [ 32.720339396046406, -27.425370420808211 ], [ 32.720344014065084, -27.425362286440301 ], [ 32.7203394742874, -27.425370341667865 ] ] ], [ [ [ 32.691873980899615, -27.488906712174966 ], [ 32.691862837400116, -27.488909380463479 ], [ 32.691862889560781, -27.48890915203571 ], [ 32.691873980899615, -27.488906712174966 ] ] ], [ [ [ 32.713090609444116, -27.455158742282112 ], [ 32.713073836188663, -27.455160453691921 ], [ 32.713073836188663, -27.455160359263083 ], [ 32.713090609444116, -27.455158742282112 ] ] ], [ [ [ 32.695842047872269, -27.50848432359259 ], [ 32.695876480665113, -27.508463913928416 ], [ 32.695841950461364, -27.508484405722605 ], [ 32.695842047872269, -27.50848432359259 ] ] ], [ [ [ 32.691342210874431, -27.491041369963227 ], [ 32.691335199759678, -27.491049163488036 ], [ 32.691335256417013, -27.491048765987681 ], [ 32.691342210874431, -27.491041369963227 ] ] ], [ [ [ 32.684426507977079, -27.517292227054579 ], [ 32.68442642434011, -27.517292304396282 ], [ 32.684428606095402, -27.517285765425694 ], [ 32.684426507977079, -27.517292227054579 ] ] ], [ [ [ 32.692051557433508, -27.496876713689353 ], [ 32.692055694314931, -27.496881660859902 ], [ 32.692051138349456, -27.49687675865545 ], [ 32.692051557433508, -27.496876713689353 ] ] ], [ [ [ 32.684596268503022, -27.517135238700185 ], [ 32.68459617137627, -27.51713527287448 ], [ 32.684595266028403, -27.517123127228846 ], [ 32.684596268503022, -27.517135238700185 ] ] ], [ [ [ 32.692180366430826, -27.488565341217406 ], [ 32.692167815492375, -27.488565487806984 ], [ 32.692167894632711, -27.488565313338444 ], [ 32.692180366430826, -27.488565341217406 ] ] ], [ [ [ 32.694987033175082, -27.486549000935604 ], [ 32.69497521473447, -27.486557336751677 ], [ 32.694975430571752, -27.486557001304455 ], [ 32.694987033175082, -27.486549000935604 ] ] ], [ [ [ 32.692183120154951, -27.492991756664175 ], [ 32.692178653222378, -27.492997754242957 ], [ 32.692178762939577, -27.492997127415425 ], [ 32.692183120154951, -27.492991756664175 ] ] ], [ [ [ 32.720458995985958, -27.425626558518818 ], [ 32.720458902456443, -27.425626645752985 ], [ 32.720452670154671, -27.42562663316254 ], [ 32.720458995985958, -27.425626558518818 ] ] ], [ [ [ 32.68797485595492, -27.501415550687057 ], [ 32.687969224400291, -27.501428399301076 ], [ 32.687969282856159, -27.501427888486184 ], [ 32.68797485595492, -27.501415550687057 ] ] ], [ [ [ 32.693161945417522, -27.487349303127797 ], [ 32.693154328609459, -27.487349562132529 ], [ 32.693154363683, -27.487349286040661 ], [ 32.693161945417522, -27.487349303127797 ] ] ], [ [ [ 32.694106900862927, -27.486802821093214 ], [ 32.694097578940166, -27.486806041565512 ], [ 32.694097640094071, -27.486805797849222 ], [ 32.694106900862927, -27.486802821093214 ] ] ], [ [ [ 32.688944321523259, -27.514147541575745 ], [ 32.688919546999585, -27.514158466539964 ], [ 32.688944397066351, -27.51414746693202 ], [ 32.688944321523259, -27.514147541575745 ] ] ], [ [ [ 32.720386915323971, -27.425310958533895 ], [ 32.720387012450715, -27.425310869501008 ], [ 32.720391463195561, -27.425308890992465 ], [ 32.720386915323971, -27.425310958533895 ] ] ], [ [ [ 32.693170564969655, -27.494994831945927 ], [ 32.693162001625154, -27.495006457481971 ], [ 32.693162212965838, -27.495005935875227 ], [ 32.693170564969655, -27.494994831945927 ] ] ], [ [ [ 32.684907999604562, -27.516987623979603 ], [ 32.684893839778901, -27.516989956820993 ], [ 32.684893894637597, -27.516989876781317 ], [ 32.684907999604562, -27.516987623979603 ] ] ], [ [ [ 32.687843475346206, -27.501313972262 ], [ 32.687830916763481, -27.50131659288634 ], [ 32.687830995903809, -27.501316417518645 ], [ 32.687843475346206, -27.501313972262 ] ] ], [ [ [ 32.72038003910761, -27.42565389251304 ], [ 32.720379959967246, -27.425653972552769 ], [ 32.720384077063578, -27.425647918316681 ], [ 32.72038003910761, -27.42565389251304 ] ] ], [ [ [ 32.684853079805862, -27.517037763881685 ], [ 32.684853174234703, -27.517037676647419 ], [ 32.684859744681575, -27.517035737709048 ], [ 32.684853079805862, -27.517037763881685 ] ] ], [ [ [ 32.685979932128191, -27.527703191848786 ], [ 32.685973935448835, -27.527717210480787 ], [ 32.685977881673992, -27.527711098688158 ], [ 32.685979932128191, -27.527703191848786 ] ] ], [ [ [ 32.692921358334061, -27.48886123255976 ], [ 32.692928285811817, -27.488863721883195 ], [ 32.692920949142547, -27.488861363860817 ], [ 32.692921358334061, -27.48886123255976 ] ] ], [ [ [ 32.693531308223385, -27.486331346114667 ], [ 32.69352725048229, -27.486337223184268 ], [ 32.693527294549042, -27.486336690785624 ], [ 32.693531308223385, -27.486331346114667 ] ] ], [ [ [ 32.687940343122435, -27.500923318906004 ], [ 32.687926312349489, -27.500928408619117 ], [ 32.687926468831549, -27.500928217063517 ], [ 32.687940343122435, -27.500923318906004 ] ] ], [ [ [ 32.692102334954832, -27.489068365312786 ], [ 32.692098061376491, -27.48907134296805 ], [ 32.692098167496511, -27.48907082945513 ], [ 32.692102334954832, -27.489068365312786 ] ] ], [ [ [ 32.693094891516097, -27.488751033233559 ], [ 32.693090658407193, -27.488756473232606 ], [ 32.693090717762502, -27.488755962417713 ], [ 32.693094891516097, -27.488751033233559 ] ] ], [ [ [ 32.719662213740222, -27.425540737115298 ], [ 32.719649812089187, -27.425542654469915 ], [ 32.719662259605606, -27.425540657075622 ], [ 32.719662213740222, -27.425540737115298 ] ] ], [ [ [ 32.692132421773927, -27.493737762737506 ], [ 32.692117070346598, -27.493739093284443 ], [ 32.692117172869359, -27.493738965580771 ], [ 32.692132421773927, -27.493737762737506 ] ] ], [ [ [ 32.720507621429682, -27.425714588657286 ], [ 32.720507537792713, -27.425714666898294 ], [ 32.720511385092394, -27.425706804125635 ], [ 32.720507621429682, -27.425714588657286 ] ] ], [ [ [ 32.687711672056082, -27.502186070031069 ], [ 32.687711765585554, -27.502185982796849 ], [ 32.687719997979571, -27.50218111836385 ], [ 32.687711672056082, -27.502186070031069 ] ] ], [ [ [ 32.719771522737638, -27.425483124746368 ], [ 32.719781653600478, -27.42548323446362 ], [ 32.719771482268158, -27.425483213779277 ], [ 32.719771522737638, -27.425483124746368 ] ] ], [ [ [ 32.689199970002669, -27.513956432942969 ], [ 32.689200054538965, -27.513956355601291 ], [ 32.689212448995356, -27.51394903062323 ], [ 32.689199970002669, -27.513956432942969 ] ] ], [ [ [ 32.692793136594076, -27.487486598127941 ], [ 32.692784607423746, -27.487490592017117 ], [ 32.692784806173918, -27.48749028984496 ], [ 32.692793136594076, -27.487486598127941 ] ] ], [ [ [ 32.68606275519204, -27.52763309419192 ], [ 32.686062671555113, -27.527633171533544 ], [ 32.686069671877945, -27.527618245485606 ], [ 32.68606275519204, -27.52763309419192 ] ] ], [ [ [ 32.689912791542156, -27.513411342159639 ], [ 32.689912876078452, -27.513411263918655 ], [ 32.689926751718254, -27.513405117052475 ], [ 32.689912791542156, -27.513411342159639 ] ] ], [ [ [ 32.687219409248407, -27.503630327277723 ], [ 32.687212437703906, -27.503631807561788 ], [ 32.687212470978807, -27.50363154855706 ], [ 32.687219409248407, -27.503630327277723 ] ] ], [ [ [ 32.686135115543223, -27.527698037834121 ], [ 32.686128339151608, -27.527699687190776 ], [ 32.686142096447007, -27.527694474046239 ], [ 32.686135115543223, -27.527698037834121 ] ] ], [ [ [ 32.687666797684649, -27.502216809757901 ], [ 32.687676707314296, -27.502216918575872 ], [ 32.687666732933444, -27.502216896092836 ], [ 32.687666797684649, -27.502216809757901 ] ] ], [ [ [ 32.691776836132178, -27.49042012189107 ], [ 32.691771208174814, -27.490429147487117 ], [ 32.691771264832084, -27.490428749087453 ], [ 32.691776836132178, -27.49042012189107 ] ] ], [ [ [ 32.691514228249147, -27.490485371302793 ], [ 32.691504429685729, -27.4904855268855 ], [ 32.691504530409816, -27.490485349719066 ], [ 32.691514228249147, -27.490485371302793 ] ] ], [ [ [ 32.701872751326455, -27.488541506934922 ], [ 32.701863303049088, -27.488542876152771 ], [ 32.701863546765331, -27.488542660315446 ], [ 32.701872751326455, -27.488541506934922 ] ] ], [ [ [ 32.693743961015059, -27.488314610231011 ], [ 32.69375445340539, -27.488316501505334 ], [ 32.693743649849665, -27.488314710055775 ], [ 32.693743961015059, -27.488314610231011 ] ] ], [ [ [ 32.688983005861104, -27.51412059788726 ], [ 32.688956843683464, -27.514135203776569 ], [ 32.688983018451616, -27.514120560115703 ], [ 32.688983005861104, -27.51412059788726 ] ] ], [ [ [ 32.689896683784973, -27.513483023522671 ], [ 32.689896767421942, -27.513482945281634 ], [ 32.689900695660647, -27.513482081932406 ], [ 32.689896683784973, -27.513483023522671 ] ] ], [ [ [ 32.720474687357047, -27.425770700957042 ], [ 32.720474780886491, -27.425770613722772 ], [ 32.72048233244923, -27.425769510110552 ], [ 32.720474687357047, -27.425770700957042 ] ] ], [ [ [ 32.70151928448746, -27.48778962828866 ], [ 32.701529795763548, -27.487791989009036 ], [ 32.701518935550489, -27.487789696637126 ], [ 32.70151928448746, -27.48778962828866 ] ] ], [ [ [ 32.720759258033461, -27.425352076437118 ], [ 32.720759164503875, -27.42535216277205 ], [ 32.72075417416589, -27.425353260844258 ], [ 32.720759258033461, -27.425352076437118 ] ] ], [ [ [ 32.700359871311065, -27.487444980201651 ], [ 32.700365032520274, -27.487449108089788 ], [ 32.700359597917178, -27.4874450521474 ], [ 32.700359871311065, -27.487444980201651 ] ] ], [ [ [ 32.691852148058253, -27.488785617562119 ], [ 32.691840991068943, -27.488794413831087 ], [ 32.691841039632337, -27.48879424206055 ], [ 32.691852148058253, -27.488785617562119 ] ] ], [ [ [ 32.694894539251706, -27.486755121951258 ], [ 32.69488932138519, -27.486763505431377 ], [ 32.694889374445189, -27.486763135809984 ], [ 32.694894539251706, -27.486755121951258 ] ] ], [ [ [ 32.720458605680193, -27.425693175799374 ], [ 32.720458522043195, -27.425693253141048 ], [ 32.720458531036478, -27.425689886079354 ], [ 32.720459854838559, -27.425686503729139 ], [ 32.720458605680193, -27.425693175799374 ] ] ], [ [ [ 32.686114954541559, -27.52758435273563 ], [ 32.686116761279571, -27.527591300897733 ], [ 32.686114851119569, -27.527584332051212 ], [ 32.686114954541559, -27.52758435273563 ] ] ], [ [ [ 32.693238532132654, -27.488198300910796 ], [ 32.693247421931041, -27.488201489007437 ], [ 32.693238226363128, -27.488198353970795 ], [ 32.693238532132654, -27.488198300910796 ] ] ], [ [ [ 32.691925909553206, -27.497680431506673 ], [ 32.691918796815102, -27.4976957559543 ], [ 32.691918943404616, -27.497695239743432 ], [ 32.691925909553206, -27.497680431506673 ] ] ], [ [ [ 32.691391804887964, -27.490653063837708 ], [ 32.691384733518731, -27.490658277657335 ], [ 32.691384856725819, -27.490657986277029 ], [ 32.691391804887964, -27.490653063837708 ] ] ], [ [ [ 32.720529964186539, -27.425386679651531 ], [ 32.720530057716012, -27.425386593316595 ], [ 32.720538812616169, -27.425383268522971 ], [ 32.720529964186539, -27.425386679651531 ] ] ], [ [ [ 32.692260258604129, -27.491055743377782 ], [ 32.692236658595036, -27.491055751021978 ], [ 32.692236691869873, -27.491055691666798 ], [ 32.692260258604129, -27.491055743377782 ] ] ], [ [ [ 32.686985062110963, -27.526743935384275 ], [ 32.686978568106483, -27.526746604572125 ], [ 32.686978645448207, -27.526746357258553 ], [ 32.686985062110963, -27.526743935384275 ] ] ], [ [ [ 32.687252765552799, -27.503599536289535 ], [ 32.687231895435673, -27.503602019317658 ], [ 32.687231962884823, -27.503601944673907 ], [ 32.687252765552799, -27.503599536289535 ] ] ], [ [ [ 32.689015871135588, -27.499252906896071 ], [ 32.688997689092147, -27.499252942868985 ], [ 32.688997860862678, -27.49925286642662 ], [ 32.689015871135588, -27.499252906896071 ] ] ], [ [ [ 32.698485364458037, -27.487658369088379 ], [ 32.698481711861625, -27.487659589918085 ], [ 32.698482021228386, -27.487659111478774 ], [ 32.698485364458037, -27.487658369088379 ] ] ], [ [ [ 32.686936058052687, -27.526863042045665 ], [ 32.686927533379034, -27.526864865421153 ], [ 32.686927656586178, -27.526864679261504 ], [ 32.686936058052687, -27.526863042045665 ] ] ], [ [ [ 32.72074020949313, -27.425382414167029 ], [ 32.720740303022673, -27.425382326932759 ], [ 32.720744042403716, -27.425380119097142 ], [ 32.72074020949313, -27.425382414167029 ] ] ], [ [ [ 32.720548994740376, -27.425740561077934 ], [ 32.720542736358276, -27.425740548487415 ], [ 32.720554033641818, -27.425737189969301 ], [ 32.720548994740376, -27.425740561077934 ] ] ], [ [ [ 32.69236912063846, -27.497485867678623 ], [ 32.692377411488444, -27.497493288884137 ], [ 32.692369015417803, -27.497485934228447 ], [ 32.69236912063846, -27.497485867678623 ] ] ], [ [ [ 32.720513505693745, -27.425425918871049 ], [ 32.720504794860467, -27.425426933306269 ], [ 32.72051360039228, -27.42542583267349 ], [ 32.720513505693745, -27.425425918871049 ] ] ], [ [ [ 32.686946424197842, -27.526833102624071 ], [ 32.686942606016466, -27.526835136532252 ], [ 32.686942687854831, -27.526834748924514 ], [ 32.686946424197842, -27.526833102624071 ] ] ], [ [ [ 32.69137078863109, -27.490733301800358 ], [ 32.691366563616043, -27.49073986595198 ], [ 32.691366620273371, -27.490739467552316 ], [ 32.69137078863109, -27.490733301800358 ] ] ], [ [ [ 32.692053544935213, -27.48862303767303 ], [ 32.692038140447885, -27.488623089384038 ], [ 32.692038310419719, -27.488623003948412 ], [ 32.692053544935213, -27.48862303767303 ] ] ], [ [ [ 32.687602499305989, -27.503530391914012 ], [ 32.687591339169074, -27.503531720212678 ], [ 32.687591409316191, -27.503531595206955 ], [ 32.687602499305989, -27.503530391914012 ] ] ], [ [ [ 32.692681993879006, -27.490557893531886 ], [ 32.692694458482549, -27.49056038555327 ], [ 32.692681695304088, -27.490557936699339 ], [ 32.692681993879006, -27.490557893531886 ] ] ], [ [ [ 32.68991959941004, -27.513464476804128 ], [ 32.689919683046966, -27.513464399462375 ], [ 32.689923612185041, -27.513462658374912 ], [ 32.68991959941004, -27.513464476804128 ] ] ], [ [ [ 32.686071080216195, -27.527810163508178 ], [ 32.686071173745738, -27.527810076273934 ], [ 32.686075032736596, -27.527808367562049 ], [ 32.686071080216195, -27.527810163508178 ] ] ], [ [ [ 32.685374519318664, -27.515219541548561 ], [ 32.685374435681737, -27.515219619789569 ], [ 32.685377127352616, -27.515212650943024 ], [ 32.685374519318664, -27.515219541548561 ] ] ], [ [ [ 32.687694994128769, -27.502199139878389 ], [ 32.687685592616049, -27.502201260479687 ], [ 32.687694994128769, -27.502199074227875 ], [ 32.687694994128769, -27.502199139878389 ] ] ], [ [ [ 32.691130772617171, -27.498210076883488 ], [ 32.691116595254719, -27.49821137955146 ], [ 32.691116909118122, -27.498211264438282 ], [ 32.691130772617171, -27.498210076883488 ] ] ], [ [ [ 32.691889201025887, -27.497487297600692 ], [ 32.691884884280057, -27.497492686338358 ], [ 32.691885026372958, -27.497492226784797 ], [ 32.691889201025887, -27.497487297600692 ] ] ], [ [ [ 32.691473988533787, -27.490997199311234 ], [ 32.69146141331364, -27.491000997597901 ], [ 32.691461506843119, -27.491000872592178 ], [ 32.691473988533787, -27.490997199311234 ] ] ], [ [ [ 32.684244818843389, -27.517833812280561 ], [ 32.684244913272231, -27.517833725945678 ], [ 32.684258030783575, -27.517825971990987 ], [ 32.684244818843389, -27.517833812280561 ] ] ], [ [ [ 32.687847803333511, -27.501254696147281 ], [ 32.687842137604633, -27.501262439310093 ], [ 32.687842234731448, -27.501262094869709 ], [ 32.687847803333511, -27.501254696147281 ] ] ], [ [ [ 32.684887192889704, -27.51700265075166 ], [ 32.684874106854572, -27.517008392922946 ], [ 32.684887216272038, -27.517002594993688 ], [ 32.684887192889704, -27.51700265075166 ] ] ], [ [ [ 32.692460905446474, -27.497190389125116 ], [ 32.692456674136309, -27.497199426412347 ], [ 32.692456730793552, -27.497199028911993 ], [ 32.692460905446474, -27.497190389125116 ] ] ], [ [ [ 32.686916291853422, -27.526912099613618 ], [ 32.686908712367241, -27.526915616862151 ], [ 32.686908829279147, -27.526915409118775 ], [ 32.686916291853422, -27.526912099613618 ] ] ], [ [ [ 32.713060791522366, -27.455085117484145 ], [ 32.713050481476188, -27.455087604917338 ], [ 32.713050566230713, -27.455087527667185 ], [ 32.713060791522366, -27.455085117484145 ] ] ], [ [ [ 32.697887302257257, -27.488011390313336 ], [ 32.697897320704833, -27.488012892181182 ], [ 32.697887063936875, -27.488011468554348 ], [ 32.697887302257257, -27.488011390313336 ] ] ], [ [ [ 32.693067514804071, -27.488445739928849 ], [ 32.693049829186307, -27.488448637094887 ], [ 32.69304989303815, -27.488448562451136 ], [ 32.693067514804071, -27.488445739928849 ] ] ], [ [ [ 32.697557564480107, -27.488403784307142 ], [ 32.697552151910365, -27.488406403132917 ], [ 32.697552547612062, -27.488406003833944 ], [ 32.697557564480107, -27.488403784307142 ] ] ], [ [ [ 32.699355342974734, -27.488488208164245 ], [ 32.699359517627656, -27.488490446576751 ], [ 32.699355103755082, -27.48848834935777 ], [ 32.699355342974734, -27.488488208164245 ] ] ], [ [ [ 32.691861408377378, -27.494412313177676 ], [ 32.691854319921035, -27.494421268626589 ], [ 32.691854449423417, -27.494420946669344 ], [ 32.691861408377378, -27.494412313177676 ] ] ], [ [ [ 32.684850884560717, -27.516986507920926 ], [ 32.68485080092379, -27.516986585262654 ], [ 32.684865522825675, -27.516967975591548 ], [ 32.684850884560717, -27.516986507920926 ] ] ], [ [ [ 32.720531493033995, -27.425695648035674 ], [ 32.720526509890618, -27.425706763656184 ], [ 32.720526464025198, -27.425706759159539 ], [ 32.720531493033995, -27.425695648035674 ] ] ], [ [ [ 32.697510031263029, -27.488049968531179 ], [ 32.697512523284416, -27.488052944387828 ], [ 32.697509825318321, -27.488050150194208 ], [ 32.697510031263029, -27.488049968531179 ] ] ], [ [ [ 32.686953999676305, -27.52679732359935 ], [ 32.686948355382341, -27.52680084268464 ], [ 32.686948385060013, -27.526800636739932 ], [ 32.686953999676305, -27.52679732359935 ] ] ], [ [ [ 32.699050309930605, -27.48768351896161 ], [ 32.699059665671108, -27.487681159258017 ], [ 32.699059491202604, -27.487681314840753 ], [ 32.699050309930605, -27.48768351896161 ] ] ], [ [ [ 32.686193919513812, -27.528700030082263 ], [ 32.686193964479962, -27.528699977022264 ], [ 32.686217355846381, -27.528683872412728 ], [ 32.686193919513812, -27.528700030082263 ] ] ], [ [ [ 32.693051680890413, -27.48884422323227 ], [ 32.69304601336291, -27.488846909956859 ], [ 32.693046126677501, -27.48884667523383 ], [ 32.693051680890413, -27.48884422323227 ] ] ], [ [ [ 32.692987154533618, -27.4881474617859 ], [ 32.692980171297933, -27.488151320327109 ], [ 32.692980220760624, -27.488151147657288 ], [ 32.692987154533618, -27.4881474617859 ] ] ], [ [ [ 32.720220158533586, -27.425318244841094 ], [ 32.720220071299345, -27.425318324880717 ], [ 32.720222392449536, -27.425314298615962 ], [ 32.720220158533586, -27.425318244841094 ] ] ], [ [ [ 32.720297222339006, -27.425455354580873 ], [ 32.720297144098019, -27.42545543372124 ], [ 32.720299433771999, -27.425452423690295 ], [ 32.720297222339006, -27.425455354580873 ] ] ], [ [ [ 32.720541551051781, -27.425300350130996 ], [ 32.720531566778448, -27.425304729829367 ], [ 32.720541571736206, -27.425300296171688 ], [ 32.720541551051781, -27.425300350130996 ] ] ], [ [ [ 32.720473022711865, -27.42551559386953 ], [ 32.720473116241337, -27.425515506635236 ], [ 32.720480593204869, -27.425512189935514 ], [ 32.720473022711865, -27.42551559386953 ] ] ], [ [ [ 32.687738816293397, -27.502389924755153 ], [ 32.687733076820138, -27.502395191185098 ], [ 32.687733263879061, -27.502394859335237 ], [ 32.687738816293397, -27.502389924755153 ] ] ], [ [ [ 32.685384930770034, -27.515208009541944 ], [ 32.685390071294862, -27.515197698814664 ], [ 32.685390151334452, -27.515197627768195 ], [ 32.685384930770034, -27.515208009541944 ] ] ], [ [ [ 32.697512030589564, -27.488239399756235 ], [ 32.697515851675284, -27.488238287466952 ], [ 32.697515366940785, -27.488238663383555 ], [ 32.697512030589564, -27.488239399756235 ] ] ], [ [ [ 32.699872549378782, -27.487513575993574 ], [ 32.699877410214341, -27.487511647844155 ], [ 32.699876729427579, -27.487512100203226 ], [ 32.699872549378782, -27.487513575993574 ] ] ], [ [ [ 32.692311421934626, -27.492705495262289 ], [ 32.692305802071182, -27.492713123311947 ], [ 32.69230585423184, -27.492712894884129 ], [ 32.692311421934626, -27.492705495262289 ] ] ], [ [ [ 32.720470675481344, -27.425864936417565 ], [ 32.720463206611754, -27.425867082200028 ], [ 32.720470700662375, -27.425864869867741 ], [ 32.720470675481344, -27.425864936417565 ] ] ], [ [ [ 32.694521485178456, -27.486748570839758 ], [ 32.69451499207328, -27.486752155987151 ], [ 32.6945150379387, -27.486751995907799 ], [ 32.694521485178456, -27.486748570839758 ] ] ], [ [ [ 32.720471689017302, -27.425547008987227 ], [ 32.720465487292465, -27.425548028818373 ], [ 32.72047170070848, -27.425546936142144 ], [ 32.720471689017302, -27.425547008987227 ] ] ], [ [ [ 32.68500771373504, -27.516862527383701 ], [ 32.685007807264512, -27.51686244104879 ], [ 32.685012108721892, -27.516859589748186 ], [ 32.68500771373504, -27.516862527383701 ] ] ], [ [ [ 32.697370353059384, -27.488405399489498 ], [ 32.69737857556089, -27.488408162206873 ], [ 32.697370121933645, -27.488405421972608 ], [ 32.697370353059384, -27.488405399489498 ] ] ], [ [ [ 32.692313913056715, -27.494762855421424 ], [ 32.692311078393658, -27.494768185703116 ], [ 32.692311135950192, -27.494767788202811 ], [ 32.692313913056715, -27.494762855421424 ] ] ], [ [ [ 32.684597496077629, -27.517325913859771 ], [ 32.684597589607101, -27.517325826625527 ], [ 32.684604106094739, -27.517322948795048 ], [ 32.684597496077629, -27.517325913859771 ] ] ], [ [ [ 32.719761250681266, -27.425500329676417 ], [ 32.719765705922654, -27.425500427702563 ], [ 32.719761152102478, -27.425500418219013 ], [ 32.719761250681266, -27.425500329676417 ] ] ], [ [ [ 32.697226328882067, -27.48836563506595 ], [ 32.697216763243091, -27.488368541674777 ], [ 32.697217058220701, -27.488368368105647 ], [ 32.697226328882067, -27.48836563506595 ] ] ], [ [ [ 32.689870545889072, -27.51360721540058 ], [ 32.689870629526006, -27.513607138058955 ], [ 32.689874538878954, -27.513605410461242 ], [ 32.689870545889072, -27.51360721540058 ] ] ], [ [ [ 32.693420678121882, -27.50754512830493 ], [ 32.693420583693033, -27.507545215539224 ], [ 32.693423888701574, -27.507540392475089 ], [ 32.693420678121882, -27.50754512830493 ] ] ], [ [ [ 32.700761942909395, -27.487559244463526 ], [ 32.700766575317225, -27.487560617728235 ], [ 32.700761799917224, -27.487559369469299 ], [ 32.700761942909395, -27.487559244463526 ] ] ], [ [ [ 32.688965976298839, -27.499254041390817 ], [ 32.688953456836593, -27.499254075115434 ], [ 32.688953503601354, -27.499254013062203 ], [ 32.688965976298839, -27.499254041390817 ] ] ], [ [ [ 32.687024683542376, -27.526649083438389 ], [ 32.687018096907714, -27.526650854653134 ], [ 32.687018146370413, -27.526650724251464 ], [ 32.687024683542376, -27.526649083438389 ] ] ], [ [ [ 32.699883946487006, -27.487758595382797 ], [ 32.699885621024663, -27.487760819406194 ], [ 32.699883707267361, -27.487758735677065 ], [ 32.699883946487006, -27.487758595382797 ] ] ], [ [ [ 32.68709601641811, -27.526288041160065 ], [ 32.687092226225339, -27.526290756213317 ], [ 32.687092280184636, -27.526290517893031 ], [ 32.68709601641811, -27.526288041160065 ] ] ], [ [ [ 32.701411155400564, -27.487889046542193 ], [ 32.701400305080114, -27.487889095105601 ], [ 32.701400627037351, -27.487889024059108 ], [ 32.701411155400564, -27.487889046542193 ] ] ], [ [ [ 32.689919424941564, -27.513526452683607 ], [ 32.689909603445521, -27.513531083292811 ], [ 32.689919429438241, -27.513526413113436 ], [ 32.689919424941564, -27.513526452683607 ] ] ], [ [ [ 32.689880128615172, -27.49782852151894 ], [ 32.689864801919107, -27.49783349611895 ], [ 32.689864868468923, -27.497833425971791 ], [ 32.689880128615172, -27.49782852151894 ] ] ], [ [ [ 32.684217232139616, -27.517894323164441 ], [ 32.684209642760855, -27.517897152431566 ], [ 32.684217327579574, -27.517894236827981 ], [ 32.684217232139616, -27.517894323164441 ] ] ], [ [ [ 32.691813225400097, -27.494293634143798 ], [ 32.691804768175622, -27.494299974364221 ], [ 32.691804896778635, -27.494299790902598 ], [ 32.691813225400097, -27.494293634143798 ] ] ], [ [ [ 32.693593503537379, -27.486382598478095 ], [ 32.693590437748618, -27.486389168025667 ], [ 32.693590479117368, -27.486388839773085 ], [ 32.693593503537379, -27.486382598478095 ] ] ], [ [ [ 32.700060111085314, -27.486957956844225 ], [ 32.700060930667419, -27.486961665648327 ], [ 32.70005992402637, -27.48695800360894 ], [ 32.700060111085314, -27.486957956844225 ] ] ], [ [ [ 32.695255696193513, -27.486626416825569 ], [ 32.695246189460171, -27.486626476630505 ], [ 32.695246686785218, -27.486626396590907 ], [ 32.695255696193513, -27.486626416825569 ] ] ], [ [ [ 32.687234397761799, -27.526249222069527 ], [ 32.687228773888918, -27.526249334339216 ], [ 32.687228802667214, -27.526249206635544 ], [ 32.687234397761799, -27.526249222069527 ] ] ], [ [ [ 32.697176573440188, -27.488495275036861 ], [ 32.697180690536513, -27.488496186949394 ], [ 32.697176152557461, -27.488495354177203 ], [ 32.697176573440188, -27.488495275036861 ] ] ], [ [ [ 32.701054777006448, -27.487726104675932 ], [ 32.701043873176275, -27.487726147843414 ], [ 32.701044249092881, -27.487726081293513 ], [ 32.701054777006448, -27.487726104675932 ] ] ], [ [ [ 32.687405503261424, -27.504010539055088 ], [ 32.687419339331107, -27.504019210318258 ], [ 32.687405450201432, -27.504010557041529 ], [ 32.687405503261424, -27.504010539055088 ] ] ], [ [ [ 32.693795643254369, -27.48697344991476 ], [ 32.693786945910837, -27.486973515115597 ], [ 32.693787231895314, -27.486973431478663 ], [ 32.693795643254369, -27.48697344991476 ] ] ], [ [ [ 32.69428715063156, -27.486260333847241 ], [ 32.69428193726165, -27.486268559946012 ], [ 32.694281985825107, -27.486268347705995 ], [ 32.69428715063156, -27.486260333847241 ] ] ], [ [ [ 32.694056140878267, -27.488261887476064 ], [ 32.694045466824917, -27.488261930643546 ], [ 32.694045643091989, -27.488261864093694 ], [ 32.694056140878267, -27.488261887476064 ] ] ], [ [ [ 32.693146500460713, -27.487793811485165 ], [ 32.693135450940396, -27.487793850605655 ], [ 32.693135557959685, -27.487793786753784 ], [ 32.693146500460713, -27.487793811485165 ] ] ], [ [ [ 32.686099140862716, -27.527607816947068 ], [ 32.686103006148883, -27.527600907455831 ], [ 32.686103084771531, -27.527600824960164 ], [ 32.686099140862716, -27.527607816947068 ] ] ], [ [ [ 32.69385524267539, -27.488366286624739 ], [ 32.693847618672692, -27.488366364416169 ], [ 32.693847883073367, -27.488366269987335 ], [ 32.69385524267539, -27.488366286624739 ] ] ], [ [ [ 32.720139268112838, -27.425376916611366 ], [ 32.72013819881888, -27.425381899754829 ], [ 32.720138132269071, -27.42538188806359 ], [ 32.720139268112838, -27.425376916611366 ] ] ], [ [ [ 32.720192874002002, -27.425325277539436 ], [ 32.720192797559648, -27.425321303435318 ], [ 32.720192884793846, -27.425321239583496 ], [ 32.720192874002002, -27.425325277539436 ] ] ], [ [ [ 32.690941979288958, -27.498188442042959 ], [ 32.690939146424498, -27.498193724061082 ], [ 32.690939202182498, -27.498193383218009 ], [ 32.690941979288958, -27.498188442042959 ] ] ], [ [ [ 32.692610854357525, -27.487751751092372 ], [ 32.692598332647016, -27.48775425705329 ], [ 32.692598365921917, -27.487754196798623 ], [ 32.692610854357525, -27.487751751092372 ] ] ], [ [ [ 32.692375638924666, -27.494995197969963 ], [ 32.69236862511201, -27.495006469173155 ], [ 32.692368673675404, -27.495006296503334 ], [ 32.692375638924666, -27.494995197969963 ] ] ], [ [ [ 32.68449497156579, -27.517486051639946 ], [ 32.684486283326137, -27.517491818275698 ], [ 32.684495038115607, -27.517485983291479 ], [ 32.68449497156579, -27.517486051639946 ] ] ], [ [ [ 32.684584293130719, -27.517339570065069 ], [ 32.684568995662687, -27.517350200051595 ], [ 32.684584313815108, -27.51733953409218 ], [ 32.684584293130719, -27.517339570065069 ] ] ], [ [ [ 32.692893990165587, -27.496214944863752 ], [ 32.692889739070303, -27.496217601461055 ], [ 32.692889822707265, -27.496217400012913 ], [ 32.692893990165587, -27.496214944863752 ] ] ], [ [ [ 32.691366501562932, -27.491272392307003 ], [ 32.691362240575003, -27.491278846741348 ], [ 32.691362333205213, -27.491278558058962 ], [ 32.691366501562932, -27.491272392307003 ] ] ], [ [ [ 32.693656771742667, -27.487147102706558 ], [ 32.693638062246833, -27.487147797432854 ], [ 32.693638244809222, -27.487147756963424 ], [ 32.693656771742667, -27.487147102706558 ] ] ], [ [ [ 32.687094502409437, -27.526404342386403 ], [ 32.687087180129353, -27.526412542404852 ], [ 32.687087206209618, -27.526412427291621 ], [ 32.687094502409437, -27.526404342386403 ] ] ], [ [ [ 32.68990382889865, -27.513415746139717 ], [ 32.689897953627735, -27.513417424274689 ], [ 32.689903913741155, -27.513415668970911 ], [ 32.68990382889865, -27.513415746139717 ] ] ], [ [ [ 32.687215059271175, -27.526140529681584 ], [ 32.687208454606562, -27.526142295230692 ], [ 32.687208528350958, -27.526142181016745 ], [ 32.687215059271175, -27.526140529681584 ] ] ], [ [ [ 32.693897421328998, -27.488305522581758 ], [ 32.693883718359004, -27.488307420151241 ], [ 32.693883760627116, -27.488307369789219 ], [ 32.693897421328998, -27.488305522581758 ] ] ], [ [ [ 32.684570502027114, -27.517176297248252 ], [ 32.6845607066114, -27.517182055607311 ], [ 32.684570529006749, -27.517176249584228 ], [ 32.684570502027114, -27.517176297248252 ] ] ], [ [ [ 32.692495212783953, -27.497497250847442 ], [ 32.692482624973195, -27.497498519341171 ], [ 32.692482737388495, -27.497498459985888 ], [ 32.692495212783953, -27.497497250847442 ] ] ], [ [ [ 32.713078330100927, -27.455202255079932 ], [ 32.713072782183225, -27.455203835188787 ], [ 32.713078330100927, -27.455202201120628 ], [ 32.713078330100927, -27.455202255079932 ] ] ], [ [ [ 32.69208882174182, -27.489348199859428 ], [ 32.692083204576335, -27.489355753565121 ], [ 32.692083254039034, -27.48935558089525 ], [ 32.69208882174182, -27.489348199859428 ] ] ], [ [ [ 32.692441123059453, -27.489973618387729 ], [ 32.692435516685812, -27.489981189780053 ], [ 32.692435565249205, -27.489981018009544 ], [ 32.692441123059453, -27.489973618387729 ] ] ], [ [ [ 32.684617330625372, -27.517294676807843 ], [ 32.684610825829083, -27.517297558235658 ], [ 32.684617324330162, -27.517294634539724 ], [ 32.684617330625372, -27.517294676807843 ] ] ], [ [ [ 32.688557821086626, -27.500348047024701 ], [ 32.688554882701766, -27.500350864001067 ], [ 32.688555040083088, -27.500350514164808 ], [ 32.688557821086626, -27.500348047024701 ] ] ], [ [ [ 32.68767943405873, -27.503283535206922 ], [ 32.687675200050506, -27.503288672134502 ], [ 32.687675258506431, -27.503288464391051 ], [ 32.68767943405873, -27.503283535206922 ] ] ], [ [ [ 32.691941935472066, -27.48934046284198 ], [ 32.691930738912504, -27.48934172953717 ], [ 32.691930846831191, -27.48934166568527 ], [ 32.691941935472066, -27.48934046284198 ] ] ], [ [ [ 32.688431155323649, -27.499579211511321 ], [ 32.688422726427731, -27.499584254909401 ], [ 32.688422819957246, -27.499584130802884 ], [ 32.688431155323649, -27.499579211511321 ] ] ], [ [ [ 32.684487348912057, -27.517216007712516 ], [ 32.684491467807085, -27.517208646761642 ], [ 32.684491531658928, -27.517208604493444 ], [ 32.684487348912057, -27.517216007712516 ] ] ], [ [ [ 32.690050584766695, -27.497832612085354 ], [ 32.690037754139091, -27.497832628273155 ], [ 32.690038112069281, -27.497832584206392 ], [ 32.690050584766695, -27.497832612085354 ] ] ], [ [ [ 32.69300194478398, -27.487391697168995 ], [ 32.693012041472656, -27.487393958064661 ], [ 32.69300188003281, -27.4873917376385 ], [ 32.69300194478398, -27.487391697168995 ] ] ], [ [ [ 32.693445773703594, -27.488179410651206 ], [ 32.693461525329155, -27.488179445724761 ], [ 32.693445502108275, -27.488179444825452 ], [ 32.693445773703594, -27.488179410651206 ] ] ], [ [ [ 32.687564932825495, -27.503582182072034 ], [ 32.687556280897716, -27.503586716453732 ], [ 32.687556344749559, -27.503586622024923 ], [ 32.687564932825495, -27.503582182072034 ] ] ], [ [ [ 32.720275811279713, -27.425388450416623 ], [ 32.720282566087633, -27.425378413982592 ], [ 32.720282629939476, -27.425378358224592 ], [ 32.720275811279713, -27.425388450416623 ] ] ], [ [ [ 32.693969355401443, -27.486943751153145 ], [ 32.69397356243001, -27.486945258416888 ], [ 32.693969177335703, -27.486943809609095 ], [ 32.693969355401443, -27.486943751153145 ] ] ], [ [ [ 32.689913970553377, -27.513344936219767 ], [ 32.689914054190304, -27.513344857978783 ], [ 32.689919002260204, -27.513342225663155 ], [ 32.689913970553377, -27.513344936219767 ] ] ], [ [ [ 32.685492884489065, -27.516007387231035 ], [ 32.685486031655131, -27.516010995311145 ], [ 32.685492908770762, -27.516007337768347 ], [ 32.685492884489065, -27.516007387231035 ] ] ], [ [ [ 32.69253876110502, -27.496770305005573 ], [ 32.692529001212556, -27.496772813214683 ], [ 32.692529056071116, -27.49677274756419 ], [ 32.69253876110502, -27.496770305005573 ] ] ], [ [ [ 32.701450098293506, -27.488118221678512 ], [ 32.701441767423702, -27.488123208419257 ], [ 32.701442199997615, -27.48812289005927 ], [ 32.701450098293506, -27.488118221678512 ] ] ], [ [ [ 32.69306985528965, -27.495374105730338 ], [ 32.693067012532651, -27.49538308995762 ], [ 32.693067067391347, -27.495382748215214 ], [ 32.69306985528965, -27.495374105730338 ] ] ], [ [ [ 32.692718152920456, -27.489518908570734 ], [ 32.692704246703684, -27.489518912167991 ], [ 32.692704294367744, -27.489518877993746 ], [ 32.692718152920456, -27.489518908570734 ] ] ], [ [ [ 32.700544277296672, -27.487293519080573 ], [ 32.700532312716142, -27.487293533469757 ], [ 32.700532585210702, -27.487293493899585 ], [ 32.700544277296672, -27.487293519080573 ] ] ], [ [ [ 32.6931881233333, -27.495212569054736 ], [ 32.693183838963051, -27.495215204518015 ], [ 32.69318395587495, -27.495215023754319 ], [ 32.6931881233333, -27.495212569054736 ] ] ], [ [ [ 32.692129838471395, -27.496791627481585 ], [ 32.692119704460822, -27.49679165311225 ], [ 32.692120140632071, -27.496791606347511 ], [ 32.692129838471395, -27.496791627481585 ] ] ], [ [ [ 32.720509287873369, -27.425602055590357 ], [ 32.720503090645202, -27.425605322827291 ], [ 32.720509288772703, -27.425602018718138 ], [ 32.720509287873369, -27.425602055590357 ] ] ], [ [ [ 32.692441402149058, -27.492372427745252 ], [ 32.692438524918046, -27.492376419835839 ], [ 32.692438618447554, -27.492376132052787 ], [ 32.692441402149058, -27.492372427745252 ] ] ], [ [ [ 32.720400712722771, -27.425668455234973 ], [ 32.720395762854203, -27.425670606413259 ], [ 32.72040077477601, -27.425668382389915 ], [ 32.720400712722771, -27.425668455234973 ] ] ], [ [ [ 32.72073013438829, -27.425385761443689 ], [ 32.720723937160059, -27.425389028680701 ], [ 32.72073022917597, -27.425385675329611 ], [ 32.72073013438829, -27.425385761443689 ] ] ], [ [ [ 32.693508972661036, -27.486885039812726 ], [ 32.693508942084101, -27.486885067691688 ], [ 32.693497174005437, -27.486881286042451 ], [ 32.693508972661036, -27.486885039812726 ] ] ], [ [ [ 32.684456592565766, -27.517521064255092 ], [ 32.684468609738587, -27.517512338823323 ], [ 32.68446857916166, -27.517512380192134 ], [ 32.684456592565766, -27.517521064255092 ] ] ], [ [ [ 32.692645543457154, -27.487734548410618 ], [ 32.692645541658486, -27.487735192325186 ], [ 32.692644862670321, -27.487735150956397 ], [ 32.692645543457154, -27.487734548410618 ] ] ], [ [ [ 32.687512141272379, -27.522289366660868 ], [ 32.687521598992667, -27.522291193183932 ], [ 32.687511967703209, -27.522289378352077 ], [ 32.687512141272379, -27.522289366660868 ] ] ], [ [ [ 32.688711463663225, -27.499460038749763 ], [ 32.688716998091046, -27.499461287908009 ], [ 32.68871134854993, -27.499460090011119 ], [ 32.688711463663225, -27.499460038749763 ] ] ], [ [ [ 32.686030526187899, -27.528622598454074 ], [ 32.686032419260819, -27.528618311385895 ], [ 32.686032500246924, -27.528618231426265 ], [ 32.686030526187899, -27.528622598454074 ] ] ], [ [ [ 32.692864824701971, -27.496236457096721 ], [ 32.692859105463427, -27.496236520498964 ], [ 32.692859277234, -27.49623644495588 ], [ 32.692864824701971, -27.496236457096721 ] ] ], [ [ [ 32.72015821952629, -27.4254482760171 ], [ 32.720150352257029, -27.425453235778139 ], [ 32.720158235714067, -27.425448239144853 ], [ 32.72015821952629, -27.4254482760171 ] ] ], [ [ [ 32.689087018750975, -27.499088795011829 ], [ 32.689082801829969, -27.499095141527512 ], [ 32.689082850393291, -27.499094969756975 ], [ 32.689087018750975, -27.499088795011829 ] ] ], [ [ [ 32.692717477529634, -27.489266351960506 ], [ 32.692716032319105, -27.489270513123628 ], [ 32.692716090775072, -27.489270058965964 ], [ 32.692717477529634, -27.489266351960506 ] ] ], [ [ [ 32.697646082500761, -27.488414395407965 ], [ 32.697640832258671, -27.488414462857122 ], [ 32.697641071478323, -27.48841438371678 ], [ 32.697646082500761, -27.488414395407965 ] ] ], [ [ [ 32.720144610085804, -27.425479567927638 ], [ 32.720146779250506, -27.425479661457192 ], [ 32.720144569616252, -27.425479656960526 ], [ 32.720144610085804, -27.425479567927638 ] ] ], [ [ [ 32.69123746818466, -27.498217707181389 ], [ 32.691227591380354, -27.498218984218646 ], [ 32.691227766748156, -27.498218922165517 ], [ 32.69123746818466, -27.498217707181389 ] ] ], [ [ [ 32.692688511715509, -27.487732160710639 ], [ 32.692678575555867, -27.487733444942439 ], [ 32.692678811178347, -27.487733375694663 ], [ 32.692688511715509, -27.487732160710639 ] ] ], [ [ [ 32.687877024105418, -27.501154202304576 ], [ 32.68787580822206, -27.501154490087629 ], [ 32.687875939523053, -27.501154142949321 ], [ 32.687877024105418, -27.501154202304576 ] ] ], [ [ [ 32.692085927723433, -27.488637996546252 ], [ 32.692077249265729, -27.488638022626571 ], [ 32.692077607195877, -27.488637977660499 ], [ 32.692085927723433, -27.488637996546252 ] ] ], [ [ [ 32.698251966555077, -27.487647445473172 ], [ 32.698243410405084, -27.487647471553544 ], [ 32.698243614551252, -27.487647426587447 ], [ 32.698251966555077, -27.487647445473172 ] ] ], [ [ [ 32.692875837350108, -27.490622536800544 ], [ 32.692871626724241, -27.490625116955531 ], [ 32.692871669891687, -27.49062500094297 ], [ 32.692875837350108, -27.490622536800544 ] ] ], [ [ [ 32.686911209784576, -27.526956484753928 ], [ 32.686907713220435, -27.526959677347161 ], [ 32.686907762683191, -27.526959525361711 ], [ 32.686911209784576, -27.526956484753928 ] ] ], [ [ [ 32.693637555029177, -27.507878575335955 ], [ 32.69362831539452, -27.507885103514663 ], [ 32.693637649755118, -27.507878489162387 ], [ 32.693637555029177, -27.507878575335955 ] ] ], [ [ [ 32.686139191270762, -27.527646461714784 ], [ 32.686136335923251, -27.527647244124925 ], [ 32.686139220049064, -27.527646394265602 ], [ 32.686139191270762, -27.527646461714784 ] ] ], [ [ [ 32.687669011815515, -27.503954309843486 ], [ 32.687652276331605, -27.503959257014031 ], [ 32.687652363565803, -27.50395921024927 ], [ 32.687669011815515, -27.503954309843486 ] ] ], [ [ [ 32.691051456010008, -27.498197342932993 ], [ 32.691044405774775, -27.49819737800652 ], [ 32.691044520888042, -27.498197327644498 ], [ 32.691051456010008, -27.498197342932993 ] ] ], [ [ [ 32.687102211398006, -27.526388334903665 ], [ 32.687097485460633, -27.526389235574744 ], [ 32.687097550211874, -27.526389150139064 ], [ 32.687102211398006, -27.526388334903665 ] ] ], [ [ [ 32.693491806401809, -27.486935414437788 ], [ 32.693489244233277, -27.486938580051394 ], [ 32.693489277508249, -27.486938406482214 ], [ 32.693491806401809, -27.486935414437788 ] ] ], [ [ [ 32.687043682619944, -27.526518555386996 ], [ 32.687041081780556, -27.526524048446046 ], [ 32.68704110876029, -27.526523862286371 ], [ 32.687043682619944, -27.526518555386996 ] ] ], [ [ [ 32.693477404658594, -27.486970627842155 ], [ 32.69347142146902, -27.486972960233814 ], [ 32.693471506904586, -27.486972872100313 ], [ 32.693477404658594, -27.486970627842155 ] ] ], [ [ [ 32.693392471785252, -27.507570136652408 ], [ 32.693394564507571, -27.507566363996403 ], [ 32.69339462206424, -27.507566334318803 ], [ 32.693392471785252, -27.507570136652408 ] ] ], [ [ [ 32.693011897581115, -27.495286281236837 ], [ 32.69300624174479, -27.495297621987618 ], [ 32.693006328978996, -27.495297390861875 ], [ 32.693011897581115, -27.495286281236837 ] ] ], [ [ [ 32.687218585019771, -27.526225058039959 ], [ 32.687214823605302, -27.526226800026731 ], [ 32.687214850584965, -27.526226704698637 ], [ 32.687218585019771, -27.526225058039959 ] ] ], [ [ [ 32.698456139189517, -27.487654586090205 ], [ 32.698448391979802, -27.487656142816714 ], [ 32.698448614112294, -27.487656059179756 ], [ 32.698456139189517, -27.487654586090205 ] ] ], [ [ [ 32.701003867284747, -27.487422928825072 ], [ 32.700998639076019, -27.487423757100618 ], [ 32.700998844121429, -27.487423667168425 ], [ 32.701003867284747, -27.487422928825072 ] ] ], [ [ [ 32.687613398557069, -27.502049627781371 ], [ 32.687619669336783, -27.502041834579181 ], [ 32.687613489471069, -27.502049538555287 ], [ 32.687613398557069, -27.502049627781371 ] ] ], [ [ [ 32.692125758696882, -27.49364388565672 ], [ 32.692124305392447, -27.493647925411381 ], [ 32.692124361150412, -27.49364758366897 ], [ 32.692125758696882, -27.49364388565672 ] ] ], [ [ [ 32.693893612700101, -27.487244709275842 ], [ 32.693895161332748, -27.487245230882639 ], [ 32.693893341104847, -27.487244789315522 ], [ 32.693893612700101, -27.487244709275842 ] ] ], [ [ [ 32.700226531529275, -27.487900673876929 ], [ 32.70022463845639, -27.487900827661022 ], [ 32.700224861488252, -27.487900670279647 ], [ 32.700226531529275, -27.487900673876929 ] ] ], [ [ [ 32.697632401114461, -27.488542227741537 ], [ 32.69762591610322, -27.488545713513822 ], [ 32.697626338784623, -27.488545446415166 ], [ 32.697632401114461, -27.488542227741537 ] ] ], [ [ [ 32.693134832656511, -27.488438765236751 ], [ 32.693120059043594, -27.488440200554745 ], [ 32.693120403483896, -27.488440150192723 ], [ 32.693134832656511, -27.488438765236751 ] ] ], [ [ [ 32.690204757793467, -27.497928379990682 ], [ 32.69018939692323, -27.497930854025626 ], [ 32.690189514734364, -27.497930818952096 ], [ 32.690204757793467, -27.497928379990682 ] ] ], [ [ [ 32.698212723738251, -27.487642151164344 ], [ 32.698209124651427, -27.487643013614161 ], [ 32.698209380958197, -27.487642884111796 ], [ 32.698212723738251, -27.487642151164344 ] ] ], [ [ [ 32.692849696502307, -27.4875793529223 ], [ 32.69285804336409, -27.487578114038673 ], [ 32.692858004693207, -27.487578148212943 ], [ 32.692849696502307, -27.4875793529223 ] ] ], [ [ [ 32.692879775930997, -27.488863614863867 ], [ 32.692874000035154, -27.488863644541521 ], [ 32.69287423925477, -27.488863602273348 ], [ 32.692879775930997, -27.488863614863867 ] ] ], [ [ [ 32.692252319389056, -27.491490003061102 ], [ 32.692249427169365, -27.491497753418532 ], [ 32.69224952519555, -27.491497408978198 ], [ 32.692252319389056, -27.491490003061102 ] ] ], [ [ [ 32.699964232563374, -27.487583021639047 ], [ 32.699977605482182, -27.487583050867048 ], [ 32.699963995142291, -27.487583038726186 ], [ 32.699964232563374, -27.487583021639047 ] ] ], [ [ [ 32.684551301501415, -27.517368826809836 ], [ 32.684545895676578, -27.517372636338035 ], [ 32.684551343769598, -27.517368775548508 ], [ 32.684551301501415, -27.517368826809836 ] ] ], [ [ [ 32.685023255210673, -27.516833158097405 ], [ 32.68502978219874, -27.516828331562159 ], [ 32.685029753420501, -27.516828371132355 ], [ 32.685023255210673, -27.516833158097405 ] ] ], [ [ [ 32.693626621971063, -27.486932578875329 ], [ 32.693629990831475, -27.486933335205126 ], [ 32.693626440308051, -27.486932604955697 ], [ 32.693626621971063, -27.486932578875329 ] ] ], [ [ [ 32.686037419491377, -27.528612990996642 ], [ 32.686040295523277, -27.528608705727105 ], [ 32.686040375228693, -27.528608624691483 ], [ 32.686037419491377, -27.528612990996642 ] ] ], [ [ [ 32.690098277613494, -27.497844164776286 ], [ 32.6900992506799, -27.49784445615667 ], [ 32.690097800972836, -27.497844248413248 ], [ 32.690098277613494, -27.497844164776286 ] ] ], [ [ [ 32.692972509074082, -27.488909518059693 ], [ 32.692973060358533, -27.488909913761457 ], [ 32.692972029735458, -27.488909564824457 ], [ 32.692972509074082, -27.488909518059693 ] ] ], [ [ [ 32.684450992019705, -27.517526017511631 ], [ 32.684445596986784, -27.517529827039805 ], [ 32.6844510874704, -27.517525931185169 ], [ 32.684450992019705, -27.517526017511631 ] ] ], [ [ [ 32.684561201238516, -27.517359071863599 ], [ 32.684557998752666, -27.517360927164933 ], [ 32.684561228218215, -27.517359024199525 ], [ 32.684561201238516, -27.517359071863599 ] ] ], [ [ [ 32.68849252910708, -27.499438550348767 ], [ 32.688481024979396, -27.499441099027457 ], [ 32.688481436868877, -27.499440990209486 ], [ 32.68849252910708, -27.499438550348767 ] ] ], [ [ [ 32.687939230661101, -27.501270970728651 ], [ 32.687927903250156, -27.501273470394281 ], [ 32.687928137973266, -27.501273401146506 ], [ 32.687939230661101, -27.501270970728651 ] ] ], [ [ [ 32.693641766104683, -27.488424841483141 ], [ 32.693636104422779, -27.488424865315238 ], [ 32.693636512714917, -27.488424829342353 ], [ 32.693641766104683, -27.488424841483141 ] ] ], [ [ [ 32.687586549379759, -27.502783053495079 ], [ 32.687585000747212, -27.502788685049723 ], [ 32.687585158128599, -27.502787988075159 ], [ 32.687586549379759, -27.502783053495079 ] ] ], [ [ [ 32.692563478521798, -27.489326534591857 ], [ 32.692560638462766, -27.489335405504498 ], [ 32.692560690623495, -27.489335177076732 ], [ 32.692563478521798, -27.489326534591857 ] ] ], [ [ [ 32.688209146435, -27.500052442865925 ], [ 32.688203389874623, -27.500062659164371 ], [ 32.688203570638365, -27.500062306630113 ], [ 32.688209146435, -27.500052442865925 ] ] ], [ [ [ 32.687599081432545, -27.522214764299878 ], [ 32.68758854326839, -27.522215910037122 ], [ 32.687588741027668, -27.52221587136529 ], [ 32.687599081432545, -27.522214764299878 ] ] ], [ [ [ 32.684976685325836, -27.516938989542666 ], [ 32.684977685371969, -27.516939078575529 ], [ 32.68497667273536, -27.516939076776911 ], [ 32.684976685325836, -27.516938989542666 ] ] ], [ [ [ 32.693822990738518, -27.488124602368437 ], [ 32.693819774762858, -27.488126555695942 ], [ 32.693819837715395, -27.488126463965031 ], [ 32.693822990738518, -27.488124602368437 ] ] ], [ [ [ 32.700792819782883, -27.487584823880436 ], [ 32.700784824360241, -27.487587672033364 ], [ 32.700785077969037, -27.487587560517468 ], [ 32.700792819782883, -27.487584823880436 ] ] ], [ [ [ 32.698996245480373, -27.487591097551032 ], [ 32.6989884744386, -27.487594950246685 ], [ 32.698988713658238, -27.487594809952494 ], [ 32.698996245480373, -27.487591097551032 ] ] ], [ [ [ 32.695554571936093, -27.486583827181864 ], [ 32.695548314003553, -27.48658568697979 ], [ 32.695548392244618, -27.486585637517098 ], [ 32.695554571936093, -27.486583827181864 ] ] ], [ [ [ 32.692014147435032, -27.497808470684287 ], [ 32.692009932312622, -27.497815989016665 ], [ 32.692009976379381, -27.497815873004075 ], [ 32.692014147435032, -27.497808470684287 ] ] ], [ [ [ 32.69643205619451, -27.486707069375658 ], [ 32.696433000482621, -27.48670721146857 ], [ 32.696431253999243, -27.486707105348597 ], [ 32.69643205619451, -27.486707069375658 ] ] ], [ [ [ 32.693025809193784, -27.48846707094852 ], [ 32.693015983201136, -27.488468521105304 ], [ 32.693016188246546, -27.488468476139257 ], [ 32.693025809193784, -27.48846707094852 ] ] ], [ [ [ 32.692511247695947, -27.495136938318996 ], [ 32.692509788995601, -27.495146029565532 ], [ 32.692509846552269, -27.495145574508637 ], [ 32.692511247695947, -27.495136938318996 ] ] ], [ [ [ 32.713006554309125, -27.455052318309811 ], [ 32.713008339463357, -27.455049900032765 ], [ 32.713008424898923, -27.45504982359045 ], [ 32.713006554309125, -27.455052318309811 ] ] ], [ [ [ 32.697205409302256, -27.488493496177842 ], [ 32.697198954867986, -27.48849542792162 ], [ 32.697199229161143, -27.488495324499549 ], [ 32.697205409302256, -27.488493496177842 ] ] ], [ [ [ 32.693775450776499, -27.488315609377786 ], [ 32.693771080071343, -27.48831563186085 ], [ 32.693771259935758, -27.488315599485322 ], [ 32.693775450776499, -27.488315609377786 ] ] ], [ [ [ 32.70060122281825, -27.487295970632477 ], [ 32.700595181622404, -27.487296744948768 ], [ 32.700595369580689, -27.487296698184004 ], [ 32.70060122281825, -27.487295970632477 ] ] ], [ [ [ 32.69171400679604, -27.488625978006421 ], [ 32.691712547196367, -27.488632491795968 ], [ 32.691712602954361, -27.48863215005364 ], [ 32.69171400679604, -27.488625978006421 ] ] ], [ [ [ 32.692042985995066, -27.489383912237709 ], [ 32.692043716244591, -27.489384130772986 ], [ 32.692042693715422, -27.489384008465112 ], [ 32.692042985995066, -27.489383912237709 ] ] ], [ [ [ 32.68780277337936, -27.501411850876188 ], [ 32.687803804002435, -27.501412050525659 ], [ 32.687802354295307, -27.501411896741619 ], [ 32.68780277337936, -27.501411850876188 ] ] ], [ [ [ 32.698518768426496, -27.487662910215068 ], [ 32.698511933578942, -27.48766291471166 ], [ 32.698512086463694, -27.487662895825984 ], [ 32.698518768426496, -27.487662910215068 ] ] ], [ [ [ 32.72056495231071, -27.425536195538932 ], [ 32.720564933425059, -27.425536228813893 ], [ 32.720558725719243, -27.425540628943335 ], [ 32.72056495231071, -27.425536195538932 ] ] ], [ [ [ 32.69994313266951, -27.487804882589231 ], [ 32.699935363426334, -27.487805647012927 ], [ 32.699935618833834, -27.487805606543475 ], [ 32.69994313266951, -27.487804882589231 ] ] ], [ [ [ 32.687684758944535, -27.503358893897758 ], [ 32.687683329921796, -27.503362758284545 ], [ 32.687683361398101, -27.503362591910037 ], [ 32.687684758944535, -27.503358893897758 ] ] ], [ [ [ 32.688453730555345, -27.499435998972071 ], [ 32.688454772869527, -27.499436650980591 ], [ 32.68845361274407, -27.49943603314637 ], [ 32.688453730555345, -27.499435998972071 ] ] ], [ [ [ 32.685747376440283, -27.528628963855581 ], [ 32.685749274909213, -27.528626410680246 ], [ 32.685749310882088, -27.528626392693752 ], [ 32.685747376440283, -27.528628963855581 ] ] ], [ [ [ 32.720243651523354, -27.425372425397072 ], [ 32.72024361914778, -27.425372467665241 ], [ 32.720238023999521, -27.425376415583038 ], [ 32.720243651523354, -27.425372425397072 ] ] ], [ [ [ 32.69559758246254, -27.486669243890457 ], [ 32.695592253080058, -27.486670204366398 ], [ 32.695592427548554, -27.486670153105013 ], [ 32.69559758246254, -27.486669243890457 ] ] ], [ [ [ 32.693500485758889, -27.486904540711894 ], [ 32.693497894812047, -27.486906112726899 ], [ 32.693497961361864, -27.486906033586553 ], [ 32.693500485758889, -27.486904540711894 ] ] ], [ [ [ 32.6914139066266, -27.498308337259932 ], [ 32.691412645777014, -27.498308363340225 ], [ 32.691413242027551, -27.498308276105959 ], [ 32.6914139066266, -27.498308337259932 ] ] ], [ [ [ 32.691831538294963, -27.488716409334774 ], [ 32.691828646974578, -27.488721575939906 ], [ 32.691828760289177, -27.488721341216852 ], [ 32.691831538294963, -27.488716409334774 ] ] ], [ [ [ 32.696072357053716, -27.486567387574794 ], [ 32.696071200525594, -27.486567430742273 ], [ 32.696071597126561, -27.486567343508057 ], [ 32.696072357053716, -27.486567387574794 ] ] ], [ [ [ 32.691016805581192, -27.498196029023461 ], [ 32.691017955814075, -27.498196223277009 ], [ 32.691016758816474, -27.498196091076643 ], [ 32.691016805581192, -27.498196029023461 ] ] ], [ [ [ 32.688391686327286, -27.500888205326376 ], [ 32.68839060714086, -27.500888226010769 ], [ 32.688391022627641, -27.500888145071734 ], [ 32.688391686327286, -27.500888205326376 ] ] ], [ [ [ 32.697298369524205, -27.488374963733541 ], [ 32.697295135562122, -27.48837498261932 ], [ 32.697295282151622, -27.488374957438257 ], [ 32.697298369524205, -27.488374963733541 ] ] ], [ [ [ 32.700854455268924, -27.48738017640396 ], [ 32.700850071074022, -27.48738018494754 ], [ 32.700850274320793, -27.487380166961096 ], [ 32.700854455268924, -27.48738017640396 ] ] ], [ [ [ 32.691218422792041, -27.509254824950183 ], [ 32.691218402107644, -27.509254842936627 ], [ 32.691213766102479, -27.509255250329449 ], [ 32.691218422792041, -27.509254824950183 ] ] ], [ [ [ 32.69364639716354, -27.486451453871446 ], [ 32.693645345856041, -27.486455232223083 ], [ 32.693645385426258, -27.486455026278428 ], [ 32.69364639716354, -27.486451453871446 ] ] ], [ [ [ 32.71303048616808, -27.455192974975748 ], [ 32.713030526637567, -27.45519295069407 ], [ 32.71302776419828, -27.455196220231258 ], [ 32.71303048616808, -27.455192974975748 ] ] ], [ [ [ 32.691753366524708, -27.489374622240906 ], [ 32.691753969969817, -27.489374683394882 ], [ 32.691752948339946, -27.48937466720708 ], [ 32.691753366524708, -27.489374622240906 ] ] ] ] } },
{ "type": "Feature", "properties": { "geology": "Sand" }, "geometry": { "type": "Polygon", "coordinates": [ [ [ 32.695766797100099, -27.524164006163936 ], [ 32.695434164854895, -27.523910774162818 ], [ 32.695465605153643, -27.523757197836368 ], [ 32.695766797100099, -27.524164006163936 ] ] ] } },
{ "type": "Feature", "properties": { "geology": "Reef" }, "geometry": { "type": "MultiPolygon", "coordinates": [ [ [ [ 32.687998916416959, -27.518489382079242 ], [ 32.687880931659734, -27.518073128172237 ], [ 32.688252740171897, -27.518009904033796 ], [ 32.687924324847799, -27.517695977687179 ], [ 32.688353400389182, -27.517945931659334 ], [ 32.688387999406743, -27.517683783179979 ], [ 32.687221791552496, -27.517257916119881 ], [ 32.686916107492443, -27.517242693295582 ], [ 32.686507266697049, -27.518511828258227 ], [ 32.686006779589263, -27.518328264937427 ], [ 32.685713873096816, -27.5178246436923 ], [ 32.68586051145347, -27.517681330129243 ], [ 32.685499752611513, -27.517438414551144 ], [ 32.685793891475022, -27.516844505569377 ], [ 32.685795533637013, -27.515935648311494 ], [ 32.685383740067643, -27.515920270803818 ], [ 32.685586589799428, -27.515648625183886 ], [ 32.685396046390501, -27.515531868900599 ], [ 32.685770265985013, -27.515490681149977 ], [ 32.68560493641877, -27.51541063938949 ], [ 32.685791617689105, -27.515340683825478 ], [ 32.685721359053524, -27.514990111004746 ], [ 32.686705045601393, -27.514500833046938 ], [ 32.686543137505922, -27.514335285844677 ], [ 32.686497812124429, -27.514456392148784 ], [ 32.685751757937389, -27.514758035554813 ], [ 32.686296119370496, -27.514455892125667 ], [ 32.686469231669797, -27.51404999301273 ], [ 32.686674300478622, -27.513964907254564 ], [ 32.686649073595888, -27.514234260502711 ], [ 32.687006833498636, -27.51412251134478 ], [ 32.686818575117158, -27.513674761680882 ], [ 32.687177184279683, -27.513618530670612 ], [ 32.687151906135625, -27.513888713093564 ], [ 32.687652087473907, -27.513769017825876 ], [ 32.688238574051056, -27.512971449572738 ], [ 32.688573918651478, -27.51361770149563 ], [ 32.688274401242651, -27.513796116197714 ], [ 32.688181981513296, -27.514386279203372 ], [ 32.68845746993636, -27.514499943617441 ], [ 32.68896259844518, -27.514497164712317 ], [ 32.689179227139718, -27.514041320850225 ], [ 32.689786735069831, -27.513946187566418 ], [ 32.68950700754251, -27.5138742960619 ], [ 32.689978920490837, -27.513560102616601 ], [ 32.690639794490934, -27.513560662894232 ], [ 32.690526703844377, -27.513202467419895 ], [ 32.690792001449779, -27.513149363652158 ], [ 32.690529916222715, -27.513074909379473 ], [ 32.690144753677508, -27.5133400753841 ], [ 32.690324476893124, -27.512798505446614 ], [ 32.689987514412337, -27.513134783543354 ], [ 32.689869170825595, -27.51275854497085 ], [ 32.690170208088702, -27.512570515616719 ], [ 32.690569472902908, -27.512754128400282 ], [ 32.690667874922546, -27.512506378666387 ], [ 32.690751725012163, -27.512449197072723 ], [ 32.690934600351611, -27.512669503994346 ], [ 32.690935152535289, -27.5124735075463 ], [ 32.691460928579048, -27.512274534342172 ], [ 32.690973558083265, -27.512355682868442 ], [ 32.691291499902825, -27.511530742849448 ], [ 32.691330268776966, -27.511879321873092 ], [ 32.691679016873195, -27.511540332320383 ], [ 32.691731356516911, -27.510991393338095 ], [ 32.691885120801736, -27.510870308617818 ], [ 32.691745389538191, -27.510523085771723 ], [ 32.691418044407314, -27.510548179554778 ], [ 32.691194999050055, -27.510359038638665 ], [ 32.691541463767607, -27.510394230908958 ], [ 32.691364682234365, -27.510305879712522 ], [ 32.69160124170407, -27.51012952175989 ], [ 32.691424080656894, -27.510170241263573 ], [ 32.691501211012088, -27.50983717644446 ], [ 32.691305385435264, -27.510002854947757 ], [ 32.691354658390814, -27.509649207344996 ], [ 32.691003420971171, -27.509717706906592 ], [ 32.691195880385656, -27.509571846763247 ], [ 32.69087102188022, -27.508986054462778 ], [ 32.691661913566556, -27.509581615199341 ], [ 32.691498638951082, -27.509646271957799 ], [ 32.69184840328127, -27.510066283232312 ], [ 32.691951919745399, -27.510924909157211 ], [ 32.692293291602212, -27.511150024753835 ], [ 32.692100521322082, -27.511118447458383 ], [ 32.692176341964668, -27.511307780229881 ], [ 32.692090769673307, -27.511367572555393 ], [ 32.691835430560722, -27.511008285304058 ], [ 32.69178199194549, -27.511944671109628 ], [ 32.692112434341468, -27.512307104189432 ], [ 32.69248699747699, -27.512358832294193 ], [ 32.69266139220953, -27.512057831004039 ], [ 32.692383666273273, -27.511398815902552 ], [ 32.692523515348029, -27.510874371754824 ], [ 32.692321587871042, -27.510878511334194 ], [ 32.693030649345062, -27.510179740802368 ], [ 32.692743248502204, -27.51019064418286 ], [ 32.692844944738468, -27.509923255953478 ], [ 32.693056743174246, -27.510104812886798 ], [ 32.693202833544014, -27.509817472298383 ], [ 32.693323829231396, -27.510066887576759 ], [ 32.693851183585338, -27.510115473450259 ], [ 32.694173449345264, -27.509666384396084 ], [ 32.694889423008576, -27.509935392304438 ], [ 32.695134320992153, -27.509636799398685 ], [ 32.694965231360435, -27.50969598558121 ], [ 32.694573733091396, -27.509539350660429 ], [ 32.695051770422928, -27.509600988394862 ], [ 32.694943932716399, -27.509449137867378 ], [ 32.695184275633899, -27.509401783165732 ], [ 32.695779330951432, -27.509781994043735 ], [ 32.695553184731828, -27.510126637634176 ], [ 32.695301862890695, -27.509778158734978 ], [ 32.695355118044311, -27.510318619508674 ], [ 32.69492852103447, -27.51104992121687 ], [ 32.695415829476971, -27.511147849293746 ], [ 32.69569832092084, -27.510703312607763 ], [ 32.696396604020123, -27.510676615333434 ], [ 32.695097266225922, -27.514814328618314 ], [ 32.694637841263436, -27.517424412106848 ], [ 32.694221288781499, -27.517943554751177 ], [ 32.694330206573895, -27.518118059201043 ], [ 32.694497968806289, -27.517994367346127 ], [ 32.694385689348152, -27.517841991614592 ], [ 32.694683284905764, -27.517773393127516 ], [ 32.694569077301139, -27.517589425111847 ], [ 32.694776713674507, -27.51735947206198 ], [ 32.695357226954556, -27.515678981799471 ], [ 32.69555559311619, -27.514584680438585 ], [ 32.695849255938484, -27.514487794675937 ], [ 32.696088756191266, -27.513732135729398 ], [ 32.695965073329532, -27.513168734749275 ], [ 32.696366578354969, -27.512707060582326 ], [ 32.696058265576532, -27.512399746950763 ], [ 32.696525815014439, -27.510896924053803 ], [ 32.696812781799323, -27.511020114040523 ], [ 32.696661612643375, -27.51015308579624 ], [ 32.696877659476471, -27.510165284200458 ], [ 32.696965984592559, -27.509690800090326 ], [ 32.697337764326413, -27.509725328660913 ], [ 32.697531224686337, -27.509228856126743 ], [ 32.69721520471797, -27.508064758381863 ], [ 32.69783647347451, -27.507539177491015 ], [ 32.697447299053636, -27.507463075060798 ], [ 32.697426415896494, -27.507091343890369 ], [ 32.697963877730878, -27.506914887911663 ], [ 32.698381292662624, -27.506402812140024 ], [ 32.698484060890742, -27.50583557195402 ], [ 32.699085504092828, -27.505690648004936 ], [ 32.698909597899657, -27.505443003491806 ], [ 32.698411635188904, -27.505680722187545 ], [ 32.697788230242672, -27.506437681553763 ], [ 32.697873476979453, -27.506024056365025 ], [ 32.697490430239213, -27.506043992236393 ], [ 32.696608389865361, -27.507489938709661 ], [ 32.696816144949203, -27.508002542383355 ], [ 32.696555275305819, -27.507941357607567 ], [ 32.696326701516163, -27.508425044779919 ], [ 32.695896898123415, -27.508161067079577 ], [ 32.69526562740689, -27.508528999213922 ], [ 32.695253826502992, -27.508809396136677 ], [ 32.694748537914748, -27.508945319670726 ], [ 32.694330582490466, -27.50852252949106 ], [ 32.694530957737626, -27.508499559906717 ], [ 32.69435609895487, -27.508422899896818 ], [ 32.694563882817015, -27.50812975148683 ], [ 32.693908721310542, -27.508192310126926 ], [ 32.694123604420838, -27.507983092745416 ], [ 32.69405252380502, -27.507519545290737 ], [ 32.694374321917429, -27.507406058942411 ], [ 32.6941344070773, -27.507280161949875 ], [ 32.694507024979302, -27.50723132696411 ], [ 32.694313123951602, -27.50675519619525 ], [ 32.69407959249925, -27.506666917544113 ], [ 32.693924127596496, -27.507589924435422 ], [ 32.693423940862303, -27.507540314234056 ], [ 32.693196549980875, -27.507811050639408 ], [ 32.692994565846568, -27.50766980671613 ], [ 32.693296631034784, -27.506191175582213 ], [ 32.693577055836499, -27.506147430759263 ], [ 32.693263565661091, -27.50602233596198 ], [ 32.693565333173659, -27.505393902306668 ], [ 32.693291534576709, -27.504567186126657 ], [ 32.693571449462866, -27.503935246914047 ], [ 32.693358907287845, -27.503707809267912 ], [ 32.693680144223322, -27.503775061469877 ], [ 32.693431837809158, -27.503103508919764 ], [ 32.693061237985781, -27.503148725033569 ], [ 32.693134480571899, -27.503640713548062 ], [ 32.692515988022464, -27.50546129840016 ], [ 32.692086837837365, -27.505049282098618 ], [ 32.691316214172026, -27.506424982227038 ], [ 32.691000008943305, -27.506069196036538 ], [ 32.690636577616033, -27.506074545204058 ], [ 32.690509558269554, -27.505732530331958 ], [ 32.69080203218806, -27.50500170886172 ], [ 32.690947357234791, -27.50510458770648 ], [ 32.691455572216896, -27.50456080273883 ], [ 32.69179090152894, -27.5036002494519 ], [ 32.691522488971728, -27.503379357071658 ], [ 32.691895476495105, -27.503109852737417 ], [ 32.6914029253048, -27.503128785265154 ], [ 32.691343033754066, -27.503544102977902 ], [ 32.69113629670278, -27.503142829078218 ], [ 32.69085336638976, -27.503401092786124 ], [ 32.690741681383585, -27.504038546641585 ], [ 32.690080538486072, -27.504194530453152 ], [ 32.689737186322134, -27.504646493740651 ], [ 32.689221880185748, -27.504574565963384 ], [ 32.688985597707266, -27.504363770271663 ], [ 32.689065991702229, -27.504012828729021 ], [ 32.688860310455055, -27.504031138026537 ], [ 32.689027617630558, -27.503790026188707 ], [ 32.689015808632718, -27.503561007534433 ], [ 32.688543120468715, -27.503106173610995 ], [ 32.688783205280785, -27.501834505258127 ], [ 32.688683043287881, -27.501478915119762 ], [ 32.688449555002983, -27.501432602732397 ], [ 32.688220105573514, -27.501616673270828 ], [ 32.688731782945474, -27.501920893234562 ], [ 32.688301373709464, -27.502037147696164 ], [ 32.688079226774953, -27.502456517754059 ], [ 32.68851594025849, -27.502773932570861 ], [ 32.687773393427427, -27.503021590573873 ], [ 32.688438782923555, -27.503169054208414 ], [ 32.688690620076095, -27.503812913934784 ], [ 32.687816656213805, -27.504189308989378 ], [ 32.687169754080941, -27.50405322627536 ], [ 32.687982256475998, -27.503935882734741 ], [ 32.687211072533067, -27.503642658781619 ], [ 32.687572822128168, -27.503642235200942 ], [ 32.687731753018049, -27.503403461600428 ], [ 32.687337813988954, -27.503039951132767 ], [ 32.687759434150664, -27.502940851239245 ], [ 32.687596920361649, -27.502552107593644 ], [ 32.68795651248319, -27.502357063527562 ], [ 32.687658019402129, -27.502073465018338 ], [ 32.687734827800121, -27.501422812712551 ], [ 32.688059821203879, -27.501263819769395 ], [ 32.687878785877352, -27.501128203803532 ], [ 32.688190831291934, -27.501054793493829 ], [ 32.687915355009686, -27.500941778840005 ], [ 32.688454750386541, -27.500896926951519 ], [ 32.688260991451671, -27.500800139214967 ], [ 32.688437257673336, -27.500709144911056 ], [ 32.688339587701918, -27.500465128262942 ], [ 32.688917046884292, -27.500254978284556 ], [ 32.688234974964175, -27.500152159694387 ], [ 32.688367779649361, -27.499445673878661 ], [ 32.688967078268107, -27.499355318393153 ], [ 32.689213391484898, -27.498997182873673 ], [ 32.689031075523772, -27.498774445084514 ], [ 32.689545240420621, -27.498524203329307 ], [ 32.689910787852675, -27.497765602700365 ], [ 32.690817128207918, -27.498228925324611 ], [ 32.691889004074348, -27.49838688944331 ], [ 32.691421526582296, -27.49791776888986 ], [ 32.691999466002628, -27.498107332487315 ], [ 32.691889201025887, -27.497487297600692 ], [ 32.692629902448154, -27.497402439371061 ], [ 32.691780471191912, -27.496676020082205 ], [ 32.692063155090572, -27.496692706103435 ], [ 32.692068146327927, -27.496889091058677 ], [ 32.692741193551328, -27.496731968255645 ], [ 32.692529046178642, -27.496371576187247 ], [ 32.692932825589473, -27.496200206774049 ], [ 32.692634607701102, -27.495788247129841 ], [ 32.69315662997456, -27.495544229132815 ], [ 32.69300624174479, -27.495297621987618 ], [ 32.693348917618501, -27.495147146523564 ], [ 32.693215119782032, -27.494915891555113 ], [ 32.692584532550242, -27.495202560949394 ], [ 32.692283787566844, -27.494634340502394 ], [ 32.691806098272913, -27.494366491820067 ], [ 32.691898866039885, -27.493957553897914 ], [ 32.692202843636366, -27.493828089294826 ], [ 32.692095578348308, -27.493535122547819 ], [ 32.692374066010451, -27.493561675031184 ], [ 32.69207680410134, -27.493262797939739 ], [ 32.692637933393961, -27.491977214376814 ], [ 32.692254931919685, -27.491548058795843 ], [ 32.692463295394909, -27.491371897345104 ], [ 32.692218980621547, -27.490948193903968 ], [ 32.691359521025085, -27.491299551832817 ], [ 32.691540629196723, -27.490954112342358 ], [ 32.691380688368127, -27.490667862631707 ], [ 32.691805998448132, -27.490399196465681 ], [ 32.692913407427881, -27.490563333530961 ], [ 32.692494053557759, -27.49036108589538 ], [ 32.69238115986267, -27.490113057371694 ], [ 32.692621223990344, -27.489996251625644 ], [ 32.69245523162369, -27.489785318337734 ], [ 32.691710279106132, -27.489422691004332 ], [ 32.692744456291685, -27.489528843381361 ], [ 32.692559295774927, -27.48934135002326 ], [ 32.692711970081447, -27.489255226447455 ], [ 32.692118806038138, -27.489122750014854 ], [ 32.69171400679604, -27.488625978006421 ], [ 32.692198378952071, -27.48856785482257 ], [ 32.692996013755071, -27.488928086362066 ], [ 32.69309503900493, -27.488694229355136 ], [ 32.692752094233803, -27.48842174286909 ], [ 32.693419981147265, -27.488442237519234 ], [ 32.693165702335385, -27.48828748128221 ], [ 32.693453602301936, -27.48829867784168 ], [ 32.693374399908741, -27.488159591391998 ], [ 32.693626012230716, -27.488425736758316 ], [ 32.694070829505243, -27.488265657434091 ], [ 32.693771854087842, -27.488003733785195 ], [ 32.693005080719992, -27.488180841472634 ], [ 32.692599301216816, -27.48792757979389 ], [ 32.692720440795803, -27.487713705722882 ], [ 32.692785555309158, -27.487720033352808 ], [ 32.69278778652717, -27.48778780176557 ], [ 32.69292751329418, -27.487861560562493 ], [ 32.693219032132703, -27.487768368315532 ], [ 32.693079999642407, -27.487610867947151 ], [ 32.692830957582707, -27.487792537595485 ], [ 32.692875156563275, -27.487394144224332 ], [ 32.693461801421108, -27.487121657738236 ], [ 32.693928829252108, -27.487249057497923 ], [ 32.693870129602843, -27.487046189330069 ], [ 32.693487119135291, -27.487107141781092 ], [ 32.6934594892641, -27.486823461433552 ], [ 32.694127555142629, -27.486940848141526 ], [ 32.693386782673947, -27.486166701831806 ], [ 32.694450397368001, -27.486310002504556 ], [ 32.69463112242839, -27.486639890018829 ], [ 32.69430021358405, -27.486744650545152 ], [ 32.694347683998508, -27.486796344175886 ], [ 32.694886723243712, -27.486788354598811 ], [ 32.694992188538762, -27.486547874984414 ], [ 32.69544136212923, -27.486740330801585 ], [ 32.695500044691379, -27.486570861655842 ], [ 32.696338163375565, -27.486589944370365 ], [ 32.696494602244222, -27.486797114894891 ], [ 32.696280115734794, -27.486760422555399 ], [ 32.696422477515391, -27.486822639453163 ], [ 32.696157808835871, -27.487192231136543 ], [ 32.69660394631515, -27.487056491963472 ], [ 32.696284481044046, -27.487571083138945 ], [ 32.696755840909383, -27.487652513152902 ], [ 32.697045270622787, -27.487095358863673 ], [ 32.697363411192541, -27.488308118025216 ], [ 32.697141988212252, -27.488341581798512 ], [ 32.697397058427548, -27.488427467953212 ], [ 32.697144680782507, -27.488493354984342 ], [ 32.6975309099236, -27.488626201038315 ], [ 32.697714609941343, -27.488401886737609 ], [ 32.697397578235723, -27.487929860474615 ], [ 32.69773110080974, -27.488156896123805 ], [ 32.698158461343951, -27.487628627159385 ], [ 32.698723838134683, -27.487511477872388 ], [ 32.698830308871742, -27.487788024797464 ], [ 32.699018920986511, -27.487546476788413 ], [ 32.699124808962857, -27.487620400161283 ], [ 32.698981466021948, -27.48780323952781 ], [ 32.699473504898428, -27.488658196218704 ], [ 32.699422067274639, -27.488237719994704 ], [ 32.69969850268388, -27.488049651969806 ], [ 32.699498129235359, -27.488011257213739 ], [ 32.699775472959764, -27.487715920753068 ], [ 32.699976449853352, -27.48784142654053 ], [ 32.700136477016862, -27.487781203439727 ], [ 32.699789300935535, -27.487663571216771 ], [ 32.700040118256915, -27.48693556912114 ], [ 32.700186778796883, -27.487171459495173 ], [ 32.699845730696012, -27.487546275340222 ], [ 32.70012618337676, -27.487612034667631 ], [ 32.700220682338717, -27.487903631747137 ], [ 32.700428606495059, -27.487415011193772 ], [ 32.700295465463405, -27.487225617568139 ], [ 32.700932151297827, -27.487375865503758 ], [ 32.700443248956844, -27.487445047650809 ], [ 32.700603599276768, -27.487648355587091 ], [ 32.70033521549783, -27.487753879337969 ], [ 32.700683172190701, -27.487755350628873 ], [ 32.700746549213953, -27.48752817378611 ], [ 32.700716295120984, -27.487844843065044 ], [ 32.700916673066118, -27.487687023737124 ], [ 32.701571859753592, -27.48780614433797 ], [ 32.701609872297809, -27.487858979508221 ], [ 32.701241783681418, -27.487774967540709 ], [ 32.701090347441607, -27.48783558994046 ], [ 32.701571588158366, -27.487906967332588 ], [ 32.701571854357681, -27.488416584357779 ], [ 32.7023097238148, -27.488852313083711 ], [ 32.702124353755998, -27.489193727208697 ], [ 32.702365346883354, -27.489302758315588 ], [ 32.70216768668945, -27.489338320207224 ], [ 32.702322977123728, -27.489548298415123 ], [ 32.702182005695065, -27.489611245562493 ], [ 32.702105174814015, -27.489763815547651 ], [ 32.702356582989985, -27.489635939147163 ], [ 32.70230837932835, -27.490141266406255 ], [ 32.701297615992253, -27.490242883502223 ], [ 32.701133117399515, -27.491203310884021 ], [ 32.701682935019505, -27.491115102679831 ], [ 32.703328894912616, -27.49170001634263 ], [ 32.703140441078503, -27.491925203884954 ], [ 32.702713102128023, -27.491653121194517 ], [ 32.702389174420922, -27.491652491669086 ], [ 32.703029857741818, -27.49206601793232 ], [ 32.702753327903842, -27.492148114343934 ], [ 32.702972882992178, -27.492164201416717 ], [ 32.703310326610357, -27.493422325080182 ], [ 32.703113197016471, -27.49407293421849 ], [ 32.703352310560732, -27.494883697324745 ], [ 32.703180747793375, -27.495931568487013 ], [ 32.703479847017384, -27.496413984617654 ], [ 32.703103832376023, -27.497899429015384 ], [ 32.703600397540377, -27.498012332603015 ], [ 32.703570537350444, -27.498489848327772 ], [ 32.700850920034014, -27.508197760917874 ], [ 32.700104286683526, -27.509932161939677 ], [ 32.699712710173529, -27.509991593637078 ], [ 32.700049403757063, -27.510430730793569 ], [ 32.6997255093249, -27.510116763977397 ], [ 32.699510358216557, -27.510330070576227 ], [ 32.699419864835022, -27.51073419712543 ], [ 32.699845550831597, -27.510943128522481 ], [ 32.699532271996809, -27.511888216168209 ], [ 32.699082909548686, -27.511825394026662 ], [ 32.699329685316826, -27.512238279972614 ], [ 32.699254962446645, -27.51334694890258 ], [ 32.698925220622492, -27.513730016926665 ], [ 32.698318684559709, -27.515691894265469 ], [ 32.697713697129515, -27.515853055474071 ], [ 32.697811823057222, -27.516327673583213 ], [ 32.698200827506234, -27.516305253484624 ], [ 32.697955813510028, -27.517693080970847 ], [ 32.697125152004247, -27.519868816192879 ], [ 32.696490629938701, -27.519678467487232 ], [ 32.696743135287555, -27.519775770535318 ], [ 32.696476060921526, -27.519795797537974 ], [ 32.69647518947847, -27.520112998316144 ], [ 32.69701650220987, -27.520113702485329 ], [ 32.696688885483738, -27.521329255840413 ], [ 32.696467678340802, -27.52150803476794 ], [ 32.696171335538722, -27.52110691914892 ], [ 32.695863492206506, -27.521452554691621 ], [ 32.694821016077128, -27.524565689255081 ], [ 32.693831299574896, -27.526598961073095 ], [ 32.693441091833037, -27.526531059560661 ], [ 32.693154519265782, -27.525903588180004 ], [ 32.692637860548913, -27.526336749341414 ], [ 32.692404082682373, -27.525971714522946 ], [ 32.69193758814923, -27.525867911175137 ], [ 32.691657855825461, -27.526324009545338 ], [ 32.690838657977721, -27.526542354146248 ], [ 32.690795475231042, -27.526729747679639 ], [ 32.689345435343661, -27.526657962894589 ], [ 32.689425525367767, -27.526975027875185 ], [ 32.68910969425702, -27.527362805648895 ], [ 32.688586431818408, -27.527107141881061 ], [ 32.688353523596291, -27.526224648848395 ], [ 32.687888748566962, -27.52639520797241 ], [ 32.687729591947189, -27.526956725772187 ], [ 32.687289909801606, -27.527040391500829 ], [ 32.68697723081462, -27.527568736907643 ], [ 32.686898958320342, -27.527530490539643 ], [ 32.686813248432713, -27.527583480393247 ], [ 32.686541770985954, -27.527538588934636 ], [ 32.686583320563855, -27.527065847710684 ], [ 32.686972923961342, -27.527042908703201 ], [ 32.687285951885229, -27.526175645389664 ], [ 32.686950145033236, -27.52591999900865 ], [ 32.687205119021087, -27.525652304710015 ], [ 32.687460437449282, -27.524274226174558 ], [ 32.688243924117863, -27.52225386412449 ], [ 32.688096321088423, -27.52203255805609 ], [ 32.687327769461042, -27.52222268822641 ], [ 32.687579914181754, -27.522462076963222 ], [ 32.687374140304364, -27.522671679254543 ], [ 32.687037934153402, -27.522326002343082 ], [ 32.687179780622458, -27.521952765707471 ], [ 32.687401293534954, -27.522179070207876 ], [ 32.687696439339291, -27.521814548002947 ], [ 32.687695239643624, -27.521252245094924 ], [ 32.687464289245625, -27.521056576000127 ], [ 32.687817522860499, -27.521171664640555 ], [ 32.687593091048399, -27.520875662082091 ], [ 32.687962380859247, -27.520834673381369 ], [ 32.687703174362056, -27.520687331455132 ], [ 32.688004458039352, -27.520356264929646 ], [ 32.687726566627809, -27.520160522090329 ], [ 32.687901659234235, -27.520194347091408 ], [ 32.687799828099678, -27.519919929161318 ], [ 32.687876519585799, -27.519354180950671 ], [ 32.68833912365178, -27.51925123975284 ], [ 32.688311657457085, -27.51899164175077 ], [ 32.688513137971007, -27.519236990294807 ], [ 32.688692180399862, -27.519310449617521 ], [ 32.688374711623723, -27.518950994193013 ], [ 32.688015965764272, -27.518967544416618 ], [ 32.687736922321179, -27.518825442540066 ], [ 32.687796766807352, -27.51860020553498 ], [ 32.687942854479218, -27.518602420565241 ], [ 32.687941214115789, -27.51850570117708 ], [ 32.687998916416959, -27.518489382079242 ] ], [ [ 32.688069825262303, -27.518593997514898 ], [ 32.687978161862766, -27.518613436360962 ], [ 32.688051312718009, -27.518619901587183 ], [ 32.688069825262303, -27.518593997514898 ] ], [ [ 32.688211292217453, -27.518615276373854 ], [ 32.68824188535477, -27.518596360033943 ], [ 32.688118506464029, -27.518522668686103 ], [ 32.688211292217453, -27.518615276373854 ] ], [ [ 32.687972697581991, -27.518682779486674 ], [ 32.688064067802557, -27.518759910741245 ], [ 32.688076160086759, -27.518727157432313 ], [ 32.687972697581991, -27.518682779486674 ] ], [ [ 32.688085573290593, -27.518853609306582 ], [ 32.68797740373428, -27.51887343576038 ], [ 32.688038092683911, -27.518918394668173 ], [ 32.688085573290593, -27.518853609306582 ] ], [ [ 32.688181661354619, -27.518529724766918 ], [ 32.688182574166518, -27.518457567662523 ], [ 32.688102372626517, -27.518433969452079 ], [ 32.688181661354619, -27.518529724766918 ] ], [ [ 32.70069223645762, -27.487900610025054 ], [ 32.700691969358942, -27.487999365478245 ], [ 32.700743676779318, -27.487917674660888 ], [ 32.70069223645762, -27.487900610025054 ] ], [ [ 32.693705219120623, -27.487589798930021 ], [ 32.693812799621114, -27.487497220020643 ], [ 32.693667055490288, -27.487479782166179 ], [ 32.693705219120623, -27.487589798930021 ] ], [ [ 32.695860353572563, -27.489319974037517 ], [ 32.695751744247659, -27.489296841675845 ], [ 32.695715852304758, -27.489412997211989 ], [ 32.695860353572563, -27.489319974037517 ] ], [ [ 32.688609601951605, -27.522373103435925 ], [ 32.688530969728539, -27.522269459268085 ], [ 32.688472074027075, -27.522363758580507 ], [ 32.688609601951605, -27.522373103435925 ] ], [ [ 32.689269412953124, -27.503437100741522 ], [ 32.689273989603024, -27.50358850790327 ], [ 32.689358955751274, -27.503584246915359 ], [ 32.689269412953124, -27.503437100741522 ] ], [ [ 32.695031745218891, -27.487391573961915 ], [ 32.695215259076988, -27.487456371913975 ], [ 32.695222869140174, -27.487424186077295 ], [ 32.695031745218891, -27.487391573961915 ] ], [ [ 32.688243657918548, -27.518076010499435 ], [ 32.688518990758936, -27.518125711532303 ], [ 32.688228956701053, -27.518025060308197 ], [ 32.688243657918548, -27.518076010499435 ] ], [ [ 32.696212264584403, -27.491489481454359 ], [ 32.696326230271382, -27.49145744670372 ], [ 32.696304141123321, -27.491291475021502 ], [ 32.696212264584403, -27.491489481454359 ] ], [ [ 32.689106728292913, -27.503175176792915 ], [ 32.689308056821417, -27.503275077982384 ], [ 32.689412898886239, -27.503306467019787 ], [ 32.689106728292913, -27.503175176792915 ] ], [ [ 32.698268773085481, -27.491317594931008 ], [ 32.698670596470919, -27.491464374181401 ], [ 32.698843315766496, -27.491433033707505 ], [ 32.698437840234241, -27.491322728261256 ], [ 32.698268773085481, -27.491317594931008 ] ], [ [ 32.690563180346565, -27.519209107714111 ], [ 32.690477804107474, -27.51943158919644 ], [ 32.690592238341196, -27.519456354726962 ], [ 32.690563180346565, -27.519209107714111 ] ], [ [ 32.698110438446065, -27.505682415610909 ], [ 32.69804013034782, -27.505916996572054 ], [ 32.698154050169308, -27.505896055858276 ], [ 32.698110438446065, -27.505682415610909 ] ], [ [ 32.698081624167685, -27.515042858940706 ], [ 32.698191868460036, -27.515014344136574 ], [ 32.698217985671548, -27.514790564033284 ], [ 32.698081624167685, -27.515042858940706 ] ], [ [ 32.700166811149508, -27.488062994311687 ], [ 32.699939536280624, -27.488022619248486 ], [ 32.700158528393473, -27.487992911044007 ], [ 32.700149033351238, -27.487929298398342 ], [ 32.699730497864252, -27.487939174753045 ], [ 32.699899458892986, -27.488078586757357 ], [ 32.700166811149508, -27.488062994311687 ] ], [ [ 32.696879387074091, -27.491077217839297 ], [ 32.696719656686909, -27.491204452123732 ], [ 32.696818185510921, -27.491282676953915 ], [ 32.696879387074091, -27.491077217839297 ] ], [ [ 32.694183215982676, -27.506004991636946 ], [ 32.694035303586439, -27.505840277206975 ], [ 32.694007106243056, -27.506107512551598 ], [ 32.694183215982676, -27.506004991636946 ] ], [ [ 32.688103748589199, -27.515077740944886 ], [ 32.687711983221547, -27.514811289809124 ], [ 32.687559796347536, -27.514994312637402 ], [ 32.687868580370726, -27.514960031380358 ], [ 32.688103748589199, -27.515077740944886 ] ], [ [ 32.695973705921887, -27.500137947708073 ], [ 32.695732944819596, -27.500228900643194 ], [ 32.696004328736812, -27.500348752392952 ], [ 32.695973705921887, -27.500137947708073 ] ], [ [ 32.692221415086337, -27.51368823082715 ], [ 32.692565531674035, -27.513482822973863 ], [ 32.692353854646768, -27.513415449363407 ], [ 32.692221415086337, -27.51368823082715 ] ], [ [ 32.689029813774965, -27.517771445195962 ], [ 32.688949473739335, -27.517574431614648 ], [ 32.688604317535273, -27.517570156237703 ], [ 32.688673038330087, -27.517682797223245 ], [ 32.689029813774965, -27.517771445195962 ] ], [ [ 32.697688454958289, -27.493460162256618 ], [ 32.697616194431895, -27.493641104952975 ], [ 32.697988463396932, -27.493602524037186 ], [ 32.697688454958289, -27.493460162256618 ] ], [ [ 32.694934067153604, -27.487330989333667 ], [ 32.69522464260325, -27.48730021813051 ], [ 32.694855349494837, -27.486930971786848 ], [ 32.694934067153604, -27.487330989333667 ] ], [ [ 32.69979378405592, -27.491121755864317 ], [ 32.69947545732655, -27.491027494323319 ], [ 32.699498267730917, -27.491149663625976 ], [ 32.69979378405592, -27.491121755864317 ] ], [ [ 32.691259678291594, -27.505749306285384 ], [ 32.690848435407048, -27.505773788529499 ], [ 32.690810732229586, -27.505889478216851 ], [ 32.691259678291594, -27.505749306285384 ] ], [ [ 32.695818836370265, -27.492605083257981 ], [ 32.695721228452022, -27.492438169985526 ], [ 32.695543714870638, -27.492606901687118 ], [ 32.695818836370265, -27.492605083257981 ] ], [ [ 32.699187113094851, -27.509989195145145 ], [ 32.699405716700575, -27.510014169318403 ], [ 32.699430412983254, -27.509752946841008 ], [ 32.699187113094851, -27.509989195145145 ] ], [ [ 32.697414262458345, -27.500691561366377 ], [ 32.697196998842465, -27.500738665157147 ], [ 32.697438940754608, -27.500782010681199 ], [ 32.697331665124331, -27.500959410048605 ], [ 32.69740081219782, -27.501056303005971 ], [ 32.697614651195288, -27.500958445076126 ], [ 32.697414262458345, -27.500691561366377 ] ], [ [ 32.693098969042275, -27.52347758062578 ], [ 32.692851174342266, -27.523599152778605 ], [ 32.693093181904956, -27.523636150887619 ], [ 32.693098969042275, -27.52347758062578 ] ], [ [ 32.689445676476893, -27.502915413915165 ], [ 32.68910601243261, -27.502853789670588 ], [ 32.689228482108817, -27.503140544800281 ], [ 32.689445676476893, -27.502915413915165 ] ], [ [ 32.693576627759263, -27.500931319724558 ], [ 32.6938320109386, -27.500719627408849 ], [ 32.693860445703123, -27.500446605826127 ], [ 32.693718192740491, -27.500482485178519 ], [ 32.693576627759263, -27.500931319724558 ] ], [ [ 32.701977409030228, -27.491574291120557 ], [ 32.701575214224818, -27.491601342727733 ], [ 32.701651466841795, -27.491724069610097 ], [ 32.701977409030228, -27.491574291120557 ] ], [ [ 32.692332445386135, -27.501818431675218 ], [ 32.692066981705956, -27.501903292602826 ], [ 32.692169460352403, -27.502216443733818 ], [ 32.692332445386135, -27.501818431675218 ] ], [ [ 32.696425210555091, -27.49135014049649 ], [ 32.696536060091148, -27.490811479865801 ], [ 32.696689492526147, -27.490876788632804 ], [ 32.696657780632151, -27.490575810724994 ], [ 32.696332564196567, -27.490928335973898 ], [ 32.696425210555091, -27.49135014049649 ] ], [ [ 32.696989133142097, -27.499652323695727 ], [ 32.696673163535742, -27.499343956058674 ], [ 32.696826247933075, -27.499330016566965 ], [ 32.696703545332461, -27.49928852814304 ], [ 32.696521801340104, -27.499361086344948 ], [ 32.696989133142097, -27.499652323695727 ] ], [ [ 32.69326973051372, -27.511771921237127 ], [ 32.69370501137724, -27.511619966388292 ], [ 32.69331009118779, -27.511541339561088 ], [ 32.69326973051372, -27.511771921237127 ] ], [ [ 32.697241953253588, -27.495401588112781 ], [ 32.697779868346302, -27.49524254840486 ], [ 32.697331570695489, -27.495163880208842 ], [ 32.697241953253588, -27.495401588112781 ] ], [ [ 32.689593327170421, -27.50382163645931 ], [ 32.689443164670344, -27.503902940568164 ], [ 32.689430522001025, -27.504251749818369 ], [ 32.68976074316388, -27.504118883079958 ], [ 32.689616335425583, -27.503931530016072 ], [ 32.689827627543032, -27.504031461782549 ], [ 32.689593327170421, -27.50382163645931 ] ], [ [ 32.697354388294507, -27.49424068296106 ], [ 32.697802428739145, -27.494304472773134 ], [ 32.697915621009152, -27.494249016079181 ], [ 32.69744142648068, -27.494027534642935 ], [ 32.697354388294507, -27.49424068296106 ] ], [ [ 32.688409275267865, -27.517147823812959 ], [ 32.689274557974521, -27.517419205032233 ], [ 32.6887942579487, -27.517157822475511 ], [ 32.688409275267865, -27.517147823812959 ] ], [ [ 32.688169148187683, -27.519771828806803 ], [ 32.687910003144175, -27.519431465989307 ], [ 32.687900846247111, -27.519769718997257 ], [ 32.688148752463015, -27.519898280681073 ], [ 32.688650254006049, -27.519976836461812 ], [ 32.688169148187683, -27.519771828806803 ] ], [ [ 32.697248635216418, -27.488953509296955 ], [ 32.697376218437824, -27.48861632378425 ], [ 32.697187801475984, -27.488536160915007 ], [ 32.696984882046706, -27.488733277019083 ], [ 32.697248635216418, -27.488953509296955 ] ], [ [ 32.692509215228128, -27.515192613148542 ], [ 32.692557817289497, -27.51457361697879 ], [ 32.692435102098358, -27.51445851994465 ], [ 32.692285353286479, -27.515107300761247 ], [ 32.692509215228128, -27.515192613148542 ] ], [ [ 32.692636031327801, -27.500568041282023 ], [ 32.692899278179183, -27.499897815231908 ], [ 32.692636509767169, -27.499750667259402 ], [ 32.692530553442374, -27.500397858074582 ], [ 32.692636031327801, -27.500568041282023 ] ], [ [ 32.698631969689735, -27.505537999778795 ], [ 32.698591653981715, -27.505300010387089 ], [ 32.698494032573635, -27.504683285005573 ], [ 32.69850688208696, -27.505013281337789 ], [ 32.698302560614714, -27.50527155943491 ], [ 32.698297084642824, -27.505441785809779 ], [ 32.698516489544424, -27.505232697930634 ], [ 32.698631969689735, -27.505537999778795 ] ], [ [ 32.697717327692565, -27.505551906894922 ], [ 32.697290481570533, -27.505425680750523 ], [ 32.697507838715794, -27.50535161978134 ], [ 32.697277230060195, -27.505062478750332 ], [ 32.697087150251839, -27.505583858008578 ], [ 32.697717327692565, -27.505551906894922 ] ], [ [ 32.689777278098958, -27.520588626363963 ], [ 32.690000523105724, -27.52012823463027 ], [ 32.68995726481598, -27.519987158880198 ], [ 32.689629380991242, -27.520681192682826 ], [ 32.689316971800871, -27.520623250262748 ], [ 32.689922260503991, -27.520788266864979 ], [ 32.689777278098958, -27.520588626363963 ] ], [ [ 32.697034849278943, -27.489550667229505 ], [ 32.697348339454408, -27.489708416410188 ], [ 32.6971382497305, -27.489505481692561 ], [ 32.697443155877011, -27.489274218330447 ], [ 32.697037960033853, -27.488928055785077 ], [ 32.697034849278943, -27.489550667229505 ] ], [ [ 32.697395983737721, -27.493652613577147 ], [ 32.697115960033578, -27.493513724978349 ], [ 32.696703091174761, -27.493627750919938 ], [ 32.696883642666045, -27.493665672632616 ], [ 32.69665406733143, -27.493729378807707 ], [ 32.696633155395823, -27.494086341311576 ], [ 32.696878169392093, -27.493734832296607 ], [ 32.697106314804607, -27.493797549217515 ], [ 32.697041557322066, -27.493563324387864 ], [ 32.697395983737721, -27.493652613577147 ] ], [ [ 32.694275608732461, -27.50067322149193 ], [ 32.694036087795261, -27.500750921118058 ], [ 32.693998313571385, -27.501417230620646 ], [ 32.69441234885084, -27.500720141821027 ], [ 32.69417628850492, -27.500549195089246 ], [ 32.694275608732461, -27.50067322149193 ] ], [ [ 32.697228500295154, -27.490227123782685 ], [ 32.697331437595864, -27.489848166559572 ], [ 32.697003020473069, -27.48962207969511 ], [ 32.696843503225132, -27.490008595720106 ], [ 32.697228500295154, -27.490227123782685 ] ], [ [ 32.695822939976772, -27.500054789197119 ], [ 32.696467954432592, -27.499976319751291 ], [ 32.696951071135075, -27.500068183699661 ], [ 32.696576242699514, -27.49976932999056 ], [ 32.696210074735262, -27.499938065289413 ], [ 32.696013444265098, -27.499661129857163 ], [ 32.695822939976772, -27.500054789197119 ] ], [ [ 32.688881085693609, -27.524385514579784 ], [ 32.688733848688258, -27.524726464654591 ], [ 32.688605385929861, -27.524589666979512 ], [ 32.68882015302772, -27.524983193219743 ], [ 32.688593651575843, -27.5250307862417 ], [ 32.68850177413762, -27.525465749644599 ], [ 32.688829508674957, -27.525336166330973 ], [ 32.689072009965386, -27.524604668570511 ], [ 32.688881085693609, -27.524385514579784 ] ], [ [ 32.698584537646347, -27.49389613559817 ], [ 32.698364570668424, -27.494007649733163 ], [ 32.698414667403078, -27.494269585373054 ], [ 32.698623581713008, -27.494517844123148 ], [ 32.699026330500871, -27.494648870848646 ], [ 32.69880476992428, -27.494516214551581 ], [ 32.6990885563918, -27.49435619548197 ], [ 32.698584537646347, -27.49389613559817 ] ], [ [ 32.698109813417226, -27.494817375921116 ], [ 32.697713538848788, -27.495181133702296 ], [ 32.698276960513411, -27.495171875181843 ], [ 32.698384881856832, -27.495427426534498 ], [ 32.698445759664153, -27.494839238440047 ], [ 32.698109813417226, -27.494817375921116 ] ], [ [ 32.690427771224726, -27.51953969939759 ], [ 32.690218802056094, -27.520327420074317 ], [ 32.690590165403869, -27.520601907551942 ], [ 32.690616958905636, -27.519653934881145 ], [ 32.690427771224726, -27.51953969939759 ] ], [ [ 32.698619649876996, -27.492325051459876 ], [ 32.698339666642404, -27.493044951563206 ], [ 32.69877425232994, -27.493163255579763 ], [ 32.69879917793979, -27.493512237499715 ], [ 32.69908354177209, -27.49358970689941 ], [ 32.698924608184235, -27.493687739297638 ], [ 32.699155822083576, -27.493657481607428 ], [ 32.69902711560902, -27.493417404889211 ], [ 32.699185917895818, -27.493363950985504 ], [ 32.698949837764879, -27.493292733672654 ], [ 32.699358957350071, -27.493208467196951 ], [ 32.69951773805321, -27.492415027731283 ], [ 32.699235046060565, -27.493103665601648 ], [ 32.699143817033573, -27.49239072535163 ], [ 32.698619649876996, -27.492325051459876 ] ], [ [ 32.689291187338519, -27.502771266080991 ], [ 32.690069627011717, -27.502625666741121 ], [ 32.689925194092496, -27.502364936192787 ], [ 32.690169533597185, -27.501852543859727 ], [ 32.689736133215995, -27.501447337224739 ], [ 32.68965902174655, -27.501152964837338 ], [ 32.68985619360852, -27.501145234265095 ], [ 32.689679478625095, -27.500937803836504 ], [ 32.689280960248162, -27.500792558829431 ], [ 32.689502177283714, -27.500946959834224 ], [ 32.689349999403049, -27.501246255110519 ], [ 32.688869586961957, -27.500873360217369 ], [ 32.689102231682675, -27.501309718468654 ], [ 32.689372829592443, -27.501293035145402 ], [ 32.689146199537511, -27.501468788753538 ], [ 32.68971495777911, -27.502008678757488 ], [ 32.68944869729966, -27.502113385923952 ], [ 32.689650935942041, -27.50256640501556 ], [ 32.689330099204753, -27.502513932272084 ], [ 32.689583561432272, -27.502608477998795 ], [ 32.689291187338519, -27.502771266080991 ] ], [ [ 32.697027887627016, -27.49588734342608 ], [ 32.696567698240763, -27.496958853268424 ], [ 32.696802818795177, -27.49761538534171 ], [ 32.697215952054613, -27.49741768018173 ], [ 32.696877264674072, -27.496937301015553 ], [ 32.697443538988225, -27.497091564424103 ], [ 32.697528487149995, -27.496799453831677 ], [ 32.697898232617369, -27.496776802607293 ], [ 32.697027887627016, -27.49588734342608 ] ], [ [ 32.689119620973756, -27.521452120319069 ], [ 32.689066958473397, -27.522527138416656 ], [ 32.689027662596637, -27.522604798472639 ], [ 32.68885733279977, -27.522488373139886 ], [ 32.688677062796273, -27.522543472802962 ], [ 32.688971256218565, -27.522742797641964 ], [ 32.688711747848927, -27.522783312100074 ], [ 32.688915462278835, -27.523062313275084 ], [ 32.688719089914137, -27.522948619183435 ], [ 32.688561102413061, -27.523080568613288 ], [ 32.688845763920973, -27.523299408740648 ], [ 32.688500364000696, -27.523763786269694 ], [ 32.688970595216851, -27.523848689465421 ], [ 32.688727932947828, -27.523961499523498 ], [ 32.688973437074551, -27.523914815716093 ], [ 32.68907595529118, -27.524087774231326 ], [ 32.688786558852676, -27.524179472704422 ], [ 32.689099596669124, -27.524366372509977 ], [ 32.689386514576007, -27.523600161817949 ], [ 32.689287293273985, -27.522884717855387 ], [ 32.689036617146236, -27.522643339818181 ], [ 32.689609639972971, -27.52185073852068 ], [ 32.689325860700023, -27.5214050138303 ], [ 32.689119620973756, -27.521452120319069 ] ], [ [ 32.694856139998933, -27.499246560380392 ], [ 32.695047987874368, -27.499078664148989 ], [ 32.694987525553927, -27.49863817800944 ], [ 32.695235431769795, -27.498690334191522 ], [ 32.695360953745123, -27.498424160046905 ], [ 32.695752581516544, -27.498549529137364 ], [ 32.695733344118594, -27.498225945870651 ], [ 32.695322511324896, -27.497832848607022 ], [ 32.695418569711251, -27.497699536704154 ], [ 32.694956301991795, -27.497680152716807 ], [ 32.694649685334753, -27.497321253972647 ], [ 32.694343375346527, -27.497449625899456 ], [ 32.694554577531775, -27.497561168812869 ], [ 32.694548630315069, -27.498241262224404 ], [ 32.694107948123353, -27.498242541959662 ], [ 32.694543310825175, -27.498345603366886 ], [ 32.694856139998933, -27.499246560380392 ] ], [ [ 32.696954084763277, -27.493038377519039 ], [ 32.697386146953193, -27.493245921262218 ], [ 32.697677970661871, -27.492927239300624 ], [ 32.697537069380353, -27.492809290516274 ], [ 32.697845019731965, -27.492871268194445 ], [ 32.697633561239918, -27.492751857112445 ], [ 32.697725382020806, -27.492540696296 ], [ 32.69749569067362, -27.492566124626894 ], [ 32.697424059672635, -27.492550314545309 ], [ 32.697412587920724, -27.492543465308611 ], [ 32.697403681035112, -27.492535473932943 ], [ 32.697393517796733, -27.492524076824619 ], [ 32.697303583793428, -27.492190333017412 ], [ 32.697449687653069, -27.492549164312415 ], [ 32.697836934826753, -27.491954523582361 ], [ 32.697490238084129, -27.491532095829523 ], [ 32.69761482746236, -27.491094649398498 ], [ 32.697197317202502, -27.490899189845642 ], [ 32.697424111833357, -27.490454518261345 ], [ 32.696837471472193, -27.490282514826173 ], [ 32.696660591013575, -27.490513604619107 ], [ 32.696960934899337, -27.491240353959107 ], [ 32.696226325484609, -27.491589625460779 ], [ 32.696121703753754, -27.491923943934804 ], [ 32.696451213552763, -27.491745919538484 ], [ 32.696513703844417, -27.491757575651537 ], [ 32.696499937921878, -27.491803173977257 ], [ 32.696549781946935, -27.491824964550386 ], [ 32.696556134757877, -27.491834078280036 ], [ 32.696566280009833, -27.491859135190843 ], [ 32.6965752066805, -27.491863704646224 ], [ 32.696598177164219, -27.491867167036087 ], [ 32.696610934047477, -27.491870607842252 ], [ 32.696632638285685, -27.491870654607016 ], [ 32.696647948344186, -27.491872963166603 ], [ 32.69665814755551, -27.491878672962333 ], [ 32.696690053703108, -27.491879879852537 ], [ 32.696727052711374, -27.491887923388862 ], [ 32.696738533456596, -27.491891369590977 ], [ 32.696760200822659, -27.491905067165039 ], [ 32.696767854952597, -27.491908496279994 ], [ 32.696779329402581, -27.491914208773675 ], [ 32.696806092327385, -27.491930192424391 ], [ 32.696815009105464, -27.491938174806872 ], [ 32.696825161552006, -27.491960956432901 ], [ 32.696835343676234, -27.491968940614051 ], [ 32.69685317813174, -27.491984904479704 ], [ 32.696865906236624, -27.491998592161302 ], [ 32.696870990104181, -27.492005427908122 ], [ 32.696872237463815, -27.492015668488218 ], [ 32.696886241706792, -27.492032761902397 ], [ 32.696915615363416, -27.492027146535477 ], [ 32.696928353360882, -27.492037412296686 ], [ 32.696935978712489, -27.492051079293837 ], [ 32.696929554855096, -27.492068127741817 ], [ 32.696942247886504, -27.492090914763875 ], [ 32.696939590389853, -27.492129584712526 ], [ 32.696938303460016, -27.492137553605183 ], [ 32.696933153941984, -27.492151191823986 ], [ 32.696939472578649, -27.492172818720583 ], [ 32.696940698354588, -27.492191030891309 ], [ 32.696938216225746, -27.492247160278175 ], [ 32.697041359471207, -27.492316856837402 ], [ 32.697011930056647, -27.492332730770812 ], [ 32.696499847989635, -27.491803258513524 ], [ 32.696305578239937, -27.492150570392454 ], [ 32.696671149953659, -27.492776891540245 ], [ 32.697013005645807, -27.492738247671912 ], [ 32.696954084763277, -27.493038377519039 ] ], [ [ 32.695117245564468, -27.497314255448448 ], [ 32.696193332956042, -27.49719114815294 ], [ 32.695907209150477, -27.496060512382716 ], [ 32.696234538992876, -27.49588479474744 ], [ 32.69640179130964, -27.494823264681848 ], [ 32.69627944663921, -27.494446625011683 ], [ 32.695848035558456, -27.494284986263047 ], [ 32.696116258358742, -27.493209584154933 ], [ 32.695931740857233, -27.493009131566097 ], [ 32.695751433082265, -27.493004512648128 ], [ 32.695793926048935, -27.493437411207527 ], [ 32.694695371793998, -27.493178352498958 ], [ 32.694737572481031, -27.493400169382223 ], [ 32.694448324430638, -27.493509205885118 ], [ 32.694680318042352, -27.493783891213575 ], [ 32.694345393425223, -27.49378925027364 ], [ 32.69451627090924, -27.493913596835 ], [ 32.694011089340329, -27.494183852103035 ], [ 32.694269664213671, -27.494327515202588 ], [ 32.693853654922336, -27.494470573058436 ], [ 32.693803239827773, -27.494686156740684 ], [ 32.694053236068058, -27.494763327565451 ], [ 32.693819583207265, -27.495091808540099 ], [ 32.693976309858826, -27.495354909701302 ], [ 32.693274935789724, -27.495309806902036 ], [ 32.693362599004807, -27.495576034106623 ], [ 32.693176710936527, -27.495629285662933 ], [ 32.693528314380266, -27.495815323918006 ], [ 32.693173191889372, -27.496527400818795 ], [ 32.693711053922122, -27.49649759278963 ], [ 32.693622173924247, -27.496707195980285 ], [ 32.693950873434147, -27.496868903976669 ], [ 32.69400623390063, -27.497171802836327 ], [ 32.694648818388337, -27.496115408799035 ], [ 32.694526212914461, -27.495512637298308 ], [ 32.694841769731987, -27.495659751995849 ], [ 32.694681316289788, -27.495726603999511 ], [ 32.69502350203306, -27.495861779297613 ], [ 32.69457590765208, -27.496342498407557 ], [ 32.694861313798661, -27.496663966468819 ], [ 32.694569093488994, -27.496643726326813 ], [ 32.694581076955266, -27.496853794466983 ], [ 32.695092933292315, -27.497014557275946 ], [ 32.695117245564468, -27.497314255448448 ] ] ], [ [ [ 32.696848975599778, -27.492631162697855 ], [ 32.696970393069257, -27.492588211076974 ], [ 32.696990707854972, -27.492622389811384 ], [ 32.696848975599778, -27.492631162697855 ] ] ], [ [ [ 32.697137719130481, -27.492106565665416 ], [ 32.697200353313725, -27.492091864447936 ], [ 32.697213109297607, -27.492095305254075 ], [ 32.697253966397533, -27.492091990352968 ], [ 32.69729353566818, -27.492093205337095 ], [ 32.697307908633157, -27.492097768497139 ], [ 32.697319874112978, -27.49210621043321 ], [ 32.69732305501504, -27.492104965771453 ], [ 32.697334532163033, -27.492109540622785 ], [ 32.697340866088155, -27.492122067279482 ], [ 32.697137719130481, -27.492106565665416 ] ] ], [ [ [ 32.697010337357277, -27.492633786020324 ], [ 32.697010245626402, -27.492633861563409 ], [ 32.697009037836892, -27.492605412409819 ], [ 32.6969925217875, -27.492584900672536 ], [ 32.69699517478761, -27.492576873324033 ], [ 32.697009129567761, -27.492605335967426 ], [ 32.697010337357277, -27.492633786020324 ] ] ], [ [ [ 32.696745494209253, -27.492606809956257 ], [ 32.696745397082445, -27.492606896291143 ], [ 32.696730107708326, -27.492607997061398 ], [ 32.696745494209253, -27.492606809956257 ] ] ], [ [ [ 32.697072012863167, -27.492303295060964 ], [ 32.697072107291945, -27.492303208726081 ], [ 32.69709632333673, -27.492287390550594 ], [ 32.697072012863167, -27.492303295060964 ] ] ], [ [ [ 32.697184773458567, -27.491924318952123 ], [ 32.697208935543991, -27.491925578002963 ], [ 32.697184680738097, -27.491924404509781 ], [ 32.697184773458567, -27.491924318952123 ] ] ], [ [ [ 32.697414359171532, -27.491976088070981 ], [ 32.697420825710601, -27.491945376577778 ], [ 32.697420906649633, -27.491945299236125 ], [ 32.697419578350882, -27.491964642753995 ], [ 32.697414359171532, -27.491976088070981 ] ] ], [ [ [ 32.697561452698963, -27.491900094813481 ], [ 32.697561371759939, -27.49190017215518 ], [ 32.697566583331181, -27.491883144391569 ], [ 32.697561452698963, -27.491900094813481 ] ] ], [ [ [ 32.697400342224626, -27.491993034689955 ], [ 32.697393928414741, -27.492002120632847 ], [ 32.697400266309273, -27.491993116189263 ], [ 32.697400342224626, -27.491993034689955 ] ] ], [ [ [ 32.69703480521212, -27.492559882432619 ], [ 32.697038575170176, -27.49255086672904 ], [ 32.697038636324081, -27.492550839749413 ], [ 32.69703480521212, -27.492559882432619 ] ] ], [ [ [ 32.697225395835446, -27.492014279935013 ], [ 32.697232999603294, -27.492002990745402 ], [ 32.697233041871407, -27.492002969161675 ], [ 32.697225395835446, -27.492014279935013 ] ] ] ] } },
{ "type": "Feature", "properties": { "geology": "Reef" }, "geometry": { "type": "Polygon", "coordinates": [ [ [ 32.704154466255702, -27.513829846170434 ], [ 32.704103454011239, -27.513610523107069 ], [ 32.704260678887323, -27.51341841892485 ], [ 32.704283081898815, -27.513457792143324 ], [ 32.704154466255702, -27.513829846170434 ] ] ] } },
{ "type": "Feature", "properties": { "geology": "Reef" }, "geometry": { "type": "Polygon", "coordinates": [ [ [ 32.706281898890573, -27.506918331415804 ], [ 32.707129043170902, -27.505621909223699 ], [ 32.705894920614163, -27.509053797694527 ], [ 32.706490505632338, -27.508973046668689 ], [ 32.70694482334504, -27.508247747935151 ], [ 32.706953764404822, -27.508663816581816 ], [ 32.705523333335265, -27.511692624415062 ], [ 32.705188450086986, -27.512782806880949 ], [ 32.7054374211002, -27.512859385052554 ], [ 32.705412982922958, -27.513260531248463 ], [ 32.705156069097399, -27.513006828002677 ], [ 32.704876936621396, -27.513407524537541 ], [ 32.704441932749027, -27.512981830447075 ], [ 32.706281898890573, -27.506918331415804 ] ] ] } },
{ "type": "Feature", "properties": { "geology": "Reef" }, "geometry": { "type": "Polygon", "coordinates": [ [ [ 32.706257319519828, -27.510790232982817 ], [ 32.707066207539512, -27.508619516877161 ], [ 32.707179901631207, -27.507227234149479 ], [ 32.707593738160526, -27.506973039873859 ], [ 32.707659726815002, -27.507905704284781 ], [ 32.707161778493337, -27.50853469372111 ], [ 32.706568676503267, -27.510470418774748 ], [ 32.706257319519828, -27.510790232982817 ] ] ] } },
{ "type": "Feature", "properties": { "geology": "Reef" }, "geometry": { "type": "Polygon", "coordinates": [ [ [ 32.705920729358247, -27.512259503073544 ], [ 32.705786154807249, -27.512145260395421 ], [ 32.705886029916414, -27.511958730211159 ], [ 32.705920729358247, -27.512259503073544 ] ] ] } },
{ "type": "Feature", "properties": { "geology": "Reef" }, "geometry": { "type": "Polygon", "coordinates": [ [ [ 32.705489091648332, -27.473864603968231 ], [ 32.707047185079624, -27.474537224912972 ], [ 32.70661199774554, -27.475701971069011 ], [ 32.70692892333124, -27.47610487723821 ], [ 32.706085539116387, -27.476722450680512 ], [ 32.705489134815778, -27.476399814399862 ], [ 32.70498855058122, -27.475719413420141 ], [ 32.704281609708616, -27.475765590009935 ], [ 32.704358825499455, -27.473860033613594 ], [ 32.705133948473041, -27.47309947605989 ], [ 32.705880594413976, -27.473206807448154 ], [ 32.705892112930705, -27.472785100052278 ], [ 32.707363026082852, -27.473240372844881 ], [ 32.707103215540997, -27.47437741268735 ], [ 32.706121556065035, -27.473884822526514 ], [ 32.705489091648332, -27.473864603968231 ] ] ] } },
{ "type": "Feature", "properties": { "geology": "Reef" }, "geometry": { "type": "Polygon", "coordinates": [ [ [ 32.705187357410708, -27.472301103812832 ], [ 32.705410338016755, -27.47085828278345 ], [ 32.704864239093453, -27.470220694029752 ], [ 32.70493780363681, -27.469680366055997 ], [ 32.706952390240644, -27.468743071035846 ], [ 32.707446511047763, -27.469330474022076 ], [ 32.70830399843085, -27.469432403182775 ], [ 32.70735210561525, -27.472954146516599 ], [ 32.705806265446853, -27.472682491903431 ], [ 32.705187357410708, -27.472301103812832 ] ], [ [ 32.706285575319107, -27.47191210475976 ], [ 32.706622173574466, -27.472178478553872 ], [ 32.707325495575219, -27.472167139002213 ], [ 32.707142878341216, -27.472022724069404 ], [ 32.706285575319107, -27.47191210475976 ] ], [ [ 32.706925119198949, -27.469941455433794 ], [ 32.706624411987121, -27.470441971319882 ], [ 32.706635798303545, -27.470587525693734 ], [ 32.706991650144595, -27.470223673483712 ], [ 32.706925119198949, -27.469941455433794 ] ] ] } },
{ "type": "Feature", "properties": { "geology": "Reef" }, "geometry": { "type": "Polygon", "coordinates": [ [ [ 32.714730263291067, -27.479045227755002 ], [ 32.714230566687384, -27.478715794398315 ], [ 32.714336792808822, -27.478431886522266 ], [ 32.715677692771337, -27.478002256998522 ], [ 32.716424715528255, -27.476904920425675 ], [ 32.716322395162493, -27.477709640987076 ], [ 32.716705137632069, -27.4779576865979 ], [ 32.719105653902815, -27.477957286399619 ], [ 32.719269028343071, -27.479341957265497 ], [ 32.716854940403209, -27.479848436556018 ], [ 32.715862741772206, -27.478998531357053 ], [ 32.714730263291067, -27.479045227755002 ] ] ] } },
{ "type": "Feature", "properties": { "geology": "Reef" }, "geometry": { "type": "Polygon", "coordinates": [ [ [ 32.701337501824334, -27.476367769756706 ], [ 32.701412740905354, -27.476048063467324 ], [ 32.701536330237509, -27.476029369259972 ], [ 32.701510361414108, -27.476298246766657 ], [ 32.701337501824334, -27.476367769756706 ] ] ] } },
{ "type": "Feature", "properties": { "geology": "Reef" }, "geometry": { "type": "Polygon", "coordinates": [ [ [ 32.712623346889977, -27.464894290139366 ], [ 32.710951676278903, -27.465766638819289 ], [ 32.70983039795459, -27.465715276738585 ], [ 32.709541064468631, -27.465434591133448 ], [ 32.709273540441579, -27.465945482498 ], [ 32.708494650207982, -27.466254369943158 ], [ 32.707741608288643, -27.467758966303208 ], [ 32.70645243912886, -27.468078686981723 ], [ 32.705989098518153, -27.46789130064295 ], [ 32.70664164389683, -27.4659158867088 ], [ 32.70823886862901, -27.463283149297858 ], [ 32.708234434971246, -27.463037607399581 ], [ 32.707943884702594, -27.463046089805129 ], [ 32.709765781665595, -27.461191327117962 ], [ 32.711428211742671, -27.460867392216375 ], [ 32.71208832581565, -27.46181906559735 ], [ 32.712036247874643, -27.462246367675654 ], [ 32.713036855166813, -27.461620972829532 ], [ 32.71344807197103, -27.461764415595269 ], [ 32.713728764770764, -27.462516790217609 ], [ 32.713660186968141, -27.463019222558984 ], [ 32.713070265880134, -27.463484111802305 ], [ 32.713061513678014, -27.464022419898683 ], [ 32.712376048615823, -27.464434584588414 ], [ 32.712623346889977, -27.464894290139366 ] ], [ [ 32.708324603697598, -27.465073757947508 ], [ 32.707553822650809, -27.46574368362403 ], [ 32.70655226747327, -27.467664398992742 ], [ 32.708324603697598, -27.465073757947508 ] ], [ [ 32.712260752831519, -27.463320427095972 ], [ 32.711797159511413, -27.463522226869198 ], [ 32.71238369285318, -27.46342111699089 ], [ 32.712260752831519, -27.463320427095972 ] ] ] } },
{ "type": "Feature", "properties": { "geology": "Reef" }, "geometry": { "type": "Polygon", "coordinates": [ [ [ 32.708141452266297, -27.467808181702193 ], [ 32.708270128163917, -27.467176063524455 ], [ 32.70838253442647, -27.467118321653132 ], [ 32.708431781301726, -27.467484687468289 ], [ 32.708141452266297, -27.467808181702193 ] ] ] } },
{ "type": "Feature", "properties": { "geology": "Reef" }, "geometry": { "type": "Polygon", "coordinates": [ [ [ 32.712930643434518, -27.455388028035017 ], [ 32.713090711067601, -27.455158705409815 ], [ 32.713008647031486, -27.454967008620415 ], [ 32.712591555855681, -27.455018681866669 ], [ 32.712686140253211, -27.454665618823167 ], [ 32.712033924925755, -27.45461219010047 ], [ 32.711396945013092, -27.455807228121042 ], [ 32.711415310068553, -27.455967846139121 ], [ 32.711778729704712, -27.455658804010564 ], [ 32.711538391283774, -27.45619836126529 ], [ 32.711008506237668, -27.456232801702377 ], [ 32.710645110883206, -27.456737475154281 ], [ 32.710071252586296, -27.456756947275231 ], [ 32.710491431134685, -27.45655300441754 ], [ 32.710222596795482, -27.456433429658983 ], [ 32.710327520698563, -27.455965594236691 ], [ 32.710810337027496, -27.456026190556198 ], [ 32.710846741583907, -27.455703490423648 ], [ 32.711259448564768, -27.455486863527856 ], [ 32.710821139683937, -27.455077918411163 ], [ 32.711253013016226, -27.45471242134111 ], [ 32.711015389648537, -27.454651359172829 ], [ 32.711259741743746, -27.454486943317736 ], [ 32.711049279700561, -27.454232929805812 ], [ 32.711378618628409, -27.454173215721333 ], [ 32.711304080119248, -27.454373165589026 ], [ 32.711573963068005, -27.454508601690577 ], [ 32.711662923105479, -27.454012303624918 ], [ 32.711466798953701, -27.453689256354036 ], [ 32.711815454419828, -27.453427382767476 ], [ 32.711670299344924, -27.453166360838836 ], [ 32.712334235536609, -27.45283123477363 ], [ 32.712146586595807, -27.452584312416025 ], [ 32.712529331763285, -27.452466195458523 ], [ 32.712106975956246, -27.45207807864038 ], [ 32.712446550068357, -27.451241528373785 ], [ 32.712124404817509, -27.451418523945655 ], [ 32.711951182800881, -27.450912844152406 ], [ 32.712482501366424, -27.450216750002998 ], [ 32.712243064066222, -27.449976754223766 ], [ 32.712552948859603, -27.449671616951498 ], [ 32.712448605019162, -27.449402431876706 ], [ 32.712975447658835, -27.449454300275711 ], [ 32.712546865845233, -27.449238777747333 ], [ 32.71276697671469, -27.449133099313027 ], [ 32.712707563903017, -27.448856143196387 ], [ 32.712578432948405, -27.449022235387837 ], [ 32.712428840618529, -27.448724084948534 ], [ 32.712237056594908, -27.448828756142113 ], [ 32.712221815784275, -27.448237896161913 ], [ 32.712591726726885, -27.4480861139829 ], [ 32.712458685519941, -27.447867263962998 ], [ 32.712976188700239, -27.44730983448126 ], [ 32.713131105016579, -27.446494833769535 ], [ 32.713541418901407, -27.446041706759342 ], [ 32.713449193425539, -27.445704088672702 ], [ 32.713799922728327, -27.44550545361372 ], [ 32.713673465458143, -27.445226384090248 ], [ 32.714030098810085, -27.445048480203106 ], [ 32.713822559563525, -27.444701606294061 ], [ 32.714416456554289, -27.444460035801953 ], [ 32.714132947977191, -27.443745812219365 ], [ 32.714459641998978, -27.442700114718473 ], [ 32.715032241245012, -27.442683890049469 ], [ 32.715330317939859, -27.442779011342285 ], [ 32.715199038504849, -27.443191247977641 ], [ 32.715422093754725, -27.44340737305177 ], [ 32.715025872246287, -27.443860679027019 ], [ 32.714941581488858, -27.444439035732813 ], [ 32.715308839431415, -27.444590869173183 ], [ 32.715437687099602, -27.445008775134792 ], [ 32.715141114970592, -27.445634998256537 ], [ 32.715316865880752, -27.445714060355524 ], [ 32.714728235319861, -27.446755458197821 ], [ 32.715006776041967, -27.446927432854697 ], [ 32.714795907505206, -27.447563490962281 ], [ 32.715009177231849, -27.447653032861062 ], [ 32.715452539403209, -27.447206892683859 ], [ 32.715620357393611, -27.446235427023275 ], [ 32.715798834148927, -27.446614484071102 ], [ 32.716005081969037, -27.446438452572433 ], [ 32.716140100785125, -27.44694171139081 ], [ 32.71589221165631, -27.447063024538934 ], [ 32.716126579478114, -27.447231457665573 ], [ 32.715764068157313, -27.447408470324604 ], [ 32.71579930719232, -27.447162186485663 ], [ 32.715547506012648, -27.447246418787145 ], [ 32.715437485651464, -27.447583248168332 ], [ 32.715812818606786, -27.447494722503389 ], [ 32.716010556142322, -27.44774471784438 ], [ 32.715619179281759, -27.447878074713319 ], [ 32.715960606896545, -27.448005243347289 ], [ 32.715742566266513, -27.44886445203278 ], [ 32.715161296656547, -27.449452561886172 ], [ 32.71493323757894, -27.449469997942018 ], [ 32.715263205132892, -27.449273656154254 ], [ 32.715064691482382, -27.449127286095326 ], [ 32.715018018466843, -27.449308977027577 ], [ 32.714507347436196, -27.44928433290562 ], [ 32.71401052956238, -27.450198143029816 ], [ 32.714291323985528, -27.450117503519973 ], [ 32.714305173544993, -27.450437510182873 ], [ 32.713928016764598, -27.451236834812018 ], [ 32.714201820757488, -27.451147059988802 ], [ 32.714023299036079, -27.451425621395256 ], [ 32.71429795918354, -27.451394180197163 ], [ 32.714248932642207, -27.450701609591594 ], [ 32.714677384953426, -27.450047030845788 ], [ 32.714906192267009, -27.450132380105199 ], [ 32.714912581050832, -27.450465623889393 ], [ 32.714657779732811, -27.450823087315609 ], [ 32.715061937758293, -27.450548192445059 ], [ 32.71495181217648, -27.450403952880073 ], [ 32.715197140036061, -27.45028682967342 ], [ 32.714792208593607, -27.449902747213962 ], [ 32.715146807679098, -27.449966649441215 ], [ 32.714914292460669, -27.449776406855591 ], [ 32.715105575561935, -27.449838558102964 ], [ 32.714963690422067, -27.449668704946745 ], [ 32.715325438218471, -27.449486005874384 ], [ 32.715158805534521, -27.449818380913474 ], [ 32.715245617990945, -27.449906581023889 ], [ 32.715678730588991, -27.449258175224532 ], [ 32.716001335393351, -27.44931211656084 ], [ 32.715845175314641, -27.450040579109395 ], [ 32.716187893456571, -27.450160600830994 ], [ 32.715761474512504, -27.450195184260298 ], [ 32.715748149257728, -27.45038381346216 ], [ 32.715990200887134, -27.450237820219144 ], [ 32.716240623406115, -27.450363584112107 ], [ 32.715908252863677, -27.450403261301382 ], [ 32.716241639640039, -27.450520094926368 ], [ 32.716089641623782, -27.450915642842595 ], [ 32.715355302005705, -27.451125607560691 ], [ 32.715381617967346, -27.451285347840461 ], [ 32.71573111789683, -27.451070401777596 ], [ 32.715897738889552, -27.451240805318879 ], [ 32.715363667499346, -27.45145574868382 ], [ 32.715329245947999, -27.451697798514552 ], [ 32.715538015467096, -27.45147737468103 ], [ 32.715660457264342, -27.451665667536435 ], [ 32.715133012978299, -27.451977743078309 ], [ 32.715413484544733, -27.452331859227844 ], [ 32.714696258125876, -27.45292722121421 ], [ 32.715109795181014, -27.452797857335195 ], [ 32.715110449887412, -27.453027718654251 ], [ 32.714875921086957, -27.453145731290423 ], [ 32.71486700790615, -27.452995379033478 ], [ 32.714817144995337, -27.452937209984196 ], [ 32.714601376952068, -27.453165905781866 ], [ 32.714822500458084, -27.453671869760903 ], [ 32.714464782523734, -27.453698726215197 ], [ 32.714433624612155, -27.454051592307128 ], [ 32.714681543418564, -27.454166068809016 ], [ 32.714303447746005, -27.45430829659055 ], [ 32.71460864077622, -27.454428785959589 ], [ 32.714583350041643, -27.454660815544145 ], [ 32.714220786560084, -27.45457568841724 ], [ 32.714393704605826, -27.454930118430166 ], [ 32.713911952174939, -27.454850451986704 ], [ 32.713653604830036, -27.455043479772694 ], [ 32.713124038143903, -27.456237072582752 ], [ 32.712683659023732, -27.456138943057713 ], [ 32.712309380073847, -27.456218600507913 ], [ 32.712916078913956, -27.456643299048935 ], [ 32.712931098491524, -27.457092235218454 ], [ 32.712425239733079, -27.457348524015103 ], [ 32.712322409451716, -27.457125240337522 ], [ 32.712579535517229, -27.456774096447333 ], [ 32.712424562543553, -27.456501565894495 ], [ 32.711667970100827, -27.457063887688193 ], [ 32.711960712017316, -27.456756055147732 ], [ 32.711802450222983, -27.456647826236093 ], [ 32.712149330427351, -27.4561287114708 ], [ 32.712051274646726, -27.45595369170945 ], [ 32.712355842648144, -27.455793063798801 ], [ 32.712205290741615, -27.455607896087496 ], [ 32.712360494840986, -27.455197734188086 ], [ 32.712930643434518, -27.455388028035017 ] ], [ [ 32.714850910041513, -27.448981707439824 ], [ 32.715121707600744, -27.448611881033418 ], [ 32.715307015606342, -27.448663105517856 ], [ 32.715611065598281, -27.448509655096462 ], [ 32.715354543877183, -27.448420133882024 ], [ 32.71525748364602, -27.448610722706622 ], [ 32.714914421963115, -27.448386913824937 ], [ 32.71446582303939, -27.44878865986875 ], [ 32.714857842015867, -27.448678617923825 ], [ 32.714850910041513, -27.448981707439824 ] ], [ [ 32.713950433265971, -27.452607551797051 ], [ 32.714141261310239, -27.452588605779489 ], [ 32.71401346944613, -27.452846885675147 ], [ 32.71439727671298, -27.452496918997554 ], [ 32.714441424432259, -27.451984375578451 ], [ 32.714125491698155, -27.452071624206035 ], [ 32.714234575865049, -27.452420191538547 ], [ 32.71414053555732, -27.452324473095956 ], [ 32.713950433265971, -27.452607551797051 ] ], [ [ 32.714363825530235, -27.446181380466282 ], [ 32.71383249707214, -27.446218740102712 ], [ 32.713881479546721, -27.446589248195163 ], [ 32.714363825530235, -27.446181380466282 ] ], [ [ 32.713986668749847, -27.450241637841241 ], [ 32.713628636952102, -27.450292063727687 ], [ 32.713801305885653, -27.450681171598781 ], [ 32.713986668749847, -27.450241637841241 ] ], [ [ 32.714041578656072, -27.447520640964729 ], [ 32.714327492020217, -27.447115836326741 ], [ 32.714330735874789, -27.446893692090175 ], [ 32.714165219249523, -27.447068215425745 ], [ 32.714041578656072, -27.447520640964729 ] ], [ [ 32.714310438176327, -27.447846707259693 ], [ 32.714154669302658, -27.447548555921056 ], [ 32.713998441774706, -27.447734337869377 ], [ 32.714310438176327, -27.447846707259693 ] ], [ [ 32.715038125509146, -27.4477200422461 ], [ 32.714790659061691, -27.447974412788877 ], [ 32.715029994738543, -27.447977926440124 ], [ 32.715038125509146, -27.4477200422461 ] ], [ [ 32.714502769886998, -27.451662378715749 ], [ 32.71485789057926, -27.451466793257861 ], [ 32.714723654173355, -27.451395152364309 ], [ 32.714476186826666, -27.451437988872037 ], [ 32.714644727871949, -27.451505899377704 ], [ 32.714502769886998, -27.451662378715749 ] ], [ [ 32.712737710976619, -27.455385593570245 ], [ 32.712405750525036, -27.455463929916402 ], [ 32.712474077416822, -27.455582626037263 ], [ 32.712737710976619, -27.455385593570245 ] ], [ [ 32.71482490074866, -27.445656371544253 ], [ 32.714662268249107, -27.445851583783487 ], [ 32.71474651943636, -27.446001611385189 ], [ 32.714958032787074, -27.445804376570646 ], [ 32.71482490074866, -27.445656371544253 ] ], [ [ 32.71418436851387, -27.449168708868761 ], [ 32.714387238480278, -27.448947145594275 ], [ 32.714356523035178, -27.448779451710266 ], [ 32.714270918368278, -27.448780711660465 ], [ 32.71418436851387, -27.449168708868761 ] ], [ [ 32.713072894598454, -27.454755762368496 ], [ 32.713193339001464, -27.454366409881832 ], [ 32.712958808402369, -27.454780462248475 ], [ 32.713072894598454, -27.454755762368496 ] ], [ [ 32.712824031503899, -27.45287077346741 ], [ 32.712870988705241, -27.45269076246862 ], [ 32.713065106469557, -27.452632561943119 ], [ 32.712803068307025, -27.452607032888235 ], [ 32.712824031503899, -27.45287077346741 ] ], [ [ 32.714481171768746, -27.450607861563491 ], [ 32.71435114059274, -27.450742905560613 ], [ 32.71457997488595, -27.450818415337569 ], [ 32.71446023735011, -27.450704995539066 ], [ 32.714618896644801, -27.450707785236045 ], [ 32.714671503387265, -27.450635316966256 ], [ 32.714481171768746, -27.450607861563491 ] ], [ [ 32.712702756127321, -27.454034939560756 ], [ 32.712743638408305, -27.454141291587259 ], [ 32.712833423124074, -27.45409067594386 ], [ 32.712747000973415, -27.454062286145501 ], [ 32.712855864806379, -27.453971291841565 ], [ 32.712881503578558, -27.453848158465689 ], [ 32.712831068698911, -27.453772824955863 ], [ 32.712702756127321, -27.454034939560756 ] ], [ [ 32.713601287669341, -27.44998995177481 ], [ 32.713681406471785, -27.450173266882704 ], [ 32.71377841364292, -27.449957526718411 ], [ 32.713601287669341, -27.44998995177481 ] ], [ [ 32.716084993028097, -27.450502279356691 ], [ 32.71565185704759, -27.450582855014705 ], [ 32.71599014153189, -27.450589358911689 ], [ 32.716084993028097, -27.450502279356691 ] ], [ [ 32.713939963358669, -27.447590208021669 ], [ 32.713830453812449, -27.447730386248267 ], [ 32.713830859406684, -27.447879167389573 ], [ 32.713940541622783, -27.44777776523167 ], [ 32.713939963358669, -27.447590208021669 ] ], [ [ 32.712744421717751, -27.452043897208046 ], [ 32.712608064710501, -27.452196992397234 ], [ 32.712765451464499, -27.452277747020382 ], [ 32.712744421717751, -27.452043897208046 ] ], [ [ 32.715314525844747, -27.44986944351994 ], [ 32.715358421753834, -27.450051798151947 ], [ 32.715443075837349, -27.449943970337898 ], [ 32.715314525844747, -27.44986944351994 ] ], [ [ 32.713866057072984, -27.44723135064627 ], [ 32.713974725753012, -27.447087271160509 ], [ 32.713806503067744, -27.447196524400063 ], [ 32.713866057072984, -27.44723135064627 ] ], [ [ 32.713568423743858, -27.451493851160219 ], [ 32.713537531132246, -27.451481049310939 ], [ 32.713467024283808, -27.451607096490257 ], [ 32.713568423743858, -27.451493851160219 ] ], [ [ 32.712318076518038, -27.451712827085228 ], [ 32.712472403778492, -27.451747550808747 ], [ 32.712625797542586, -27.451596170626704 ], [ 32.712318076518038, -27.451712827085228 ] ], [ [ 32.71403566831151, -27.45190014237761 ], [ 32.71397845614085, -27.451745123538547 ], [ 32.713920621639467, -27.451858856301133 ], [ 32.71403566831151, -27.45190014237761 ] ], [ [ 32.715053833967325, -27.452322804853502 ], [ 32.714792305720422, -27.452701082189137 ], [ 32.714879514777877, -27.452706452041024 ], [ 32.715053833967325, -27.452322804853502 ] ], [ [ 32.716003944326673, -27.450702375813933 ], [ 32.715837605720971, -27.450663243613743 ], [ 32.715821005135382, -27.450775715526799 ], [ 32.716003944326673, -27.450702375813933 ] ], [ [ 32.714514129223772, -27.444969982878341 ], [ 32.714353220724682, -27.444877116185911 ], [ 32.714295572382838, -27.444998559735705 ], [ 32.714514129223772, -27.444969982878341 ] ], [ [ 32.713587141333562, -27.451324283089129 ], [ 32.713683237491502, -27.451211044054375 ], [ 32.713521554676056, -27.451254046037377 ], [ 32.713587141333562, -27.451324283089129 ] ], [ [ 32.714376525756158, -27.453647762534157 ], [ 32.714364450559003, -27.453813635290974 ], [ 32.714424002765604, -27.453724597911801 ], [ 32.714376525756158, -27.453647762534157 ] ], [ [ 32.712674541696813, -27.454293072866967 ], [ 32.712538391533641, -27.454330411818976 ], [ 32.712619421349245, -27.454401095833848 ], [ 32.712674541696813, -27.454293072866967 ] ], [ [ 32.714315474379731, -27.444580208609647 ], [ 32.71423867137765, -27.444701386859528 ], [ 32.714500936169344, -27.444635740846682 ], [ 32.714315474379731, -27.444580208609647 ] ], [ [ 32.714211009130793, -27.449637955327319 ], [ 32.714129282340565, -27.449563758560508 ], [ 32.714100815200567, -27.449575869730534 ], [ 32.714211009130793, -27.449637955327319 ] ], [ [ 32.712692803330285, -27.453031207124486 ], [ 32.712763389319058, -27.453015617376792 ], [ 32.712753097477488, -27.452957013954986 ], [ 32.712692803330285, -27.453031207124486 ] ], [ [ 32.712616205373642, -27.453185600934709 ], [ 32.71267780983311, -27.453238596184239 ], [ 32.712693205327263, -27.453167162134779 ], [ 32.712616205373642, -27.453185600934709 ] ], [ [ 32.712704613227395, -27.453111979734054 ], [ 32.712660566232202, -27.453098310938184 ], [ 32.712660464608845, -27.453137608613702 ], [ 32.712704613227395, -27.453111979734054 ] ] ] } },
{ "type": "Feature", "properties": { "geology": "Reef" }, "geometry": { "type": "Polygon", "coordinates": [ [ [ 32.712585742637962, -27.454758171652227 ], [ 32.712572220431717, -27.454786094702431 ], [ 32.712555470558591, -27.45476710102087 ], [ 32.712585742637962, -27.454758171652227 ] ] ] } },
{ "type": "Feature", "properties": { "geology": "Reef" }, "geometry": { "type": "Polygon", "coordinates": [ [ [ 32.711827588972113, -27.458686038929521 ], [ 32.712509987346145, -27.458776004409028 ], [ 32.712697819748698, -27.45911674494177 ], [ 32.712393127640773, -27.459547949178415 ], [ 32.711700539048699, -27.459261072640359 ], [ 32.711827588972113, -27.458686038929521 ] ] ] } },
{ "type": "Feature", "properties": { "geology": "Reef" }, "geometry": { "type": "Polygon", "coordinates": [ [ [ 32.710697346205599, -27.457911737036966 ], [ 32.711195514861231, -27.458080762816895 ], [ 32.711394189490292, -27.457641080671266 ], [ 32.712116757882143, -27.457369128382556 ], [ 32.712282895039635, -27.457516085698717 ], [ 32.711686067158332, -27.457735142562736 ], [ 32.711685300036606, -27.458053565519577 ], [ 32.7119960229981, -27.457719362158755 ], [ 32.712474872417516, -27.457806775362336 ], [ 32.712149807067981, -27.458387431634581 ], [ 32.712484101260301, -27.458434201776896 ], [ 32.711607221795894, -27.458483912702381 ], [ 32.711551688659533, -27.458842883392343 ], [ 32.711229350054488, -27.458354409428377 ], [ 32.710681251938304, -27.459375748791722 ], [ 32.71065719327494, -27.459194598351967 ], [ 32.71017842659321, -27.459294508534693 ], [ 32.710426046824679, -27.458727780062944 ], [ 32.710884080535969, -27.458524528783894 ], [ 32.710312644113294, -27.458167622038076 ], [ 32.710697346205599, -27.457911737036966 ] ] ] } },
{ "type": "Feature", "properties": { "geology": "Reef" }, "geometry": { "type": "Polygon", "coordinates": [ [ [ 32.712558245866475, -27.445680814218147 ], [ 32.711319954951989, -27.444639135787465 ], [ 32.711445958963907, -27.444137000222327 ], [ 32.712532743791144, -27.442249540883537 ], [ 32.712941866074274, -27.440480326206021 ], [ 32.713748520178143, -27.438708938766442 ], [ 32.714410941012169, -27.438045605120479 ], [ 32.714572363923459, -27.438430400742355 ], [ 32.713945057118778, -27.441878093898872 ], [ 32.714117396001065, -27.442090859105825 ], [ 32.712558245866475, -27.445680814218147 ] ] ] } },
{ "type": "Feature", "properties": { "geology": "Reef" }, "geometry": { "type": "Polygon", "coordinates": [ [ [ 32.714996804359117, -27.437619341759149 ], [ 32.715051151289614, -27.436842840124925 ], [ 32.71575036968386, -27.43583786662418 ], [ 32.715669109641745, -27.436347076256553 ], [ 32.714996804359117, -27.437619341759149 ] ] ] } },
{ "type": "Feature", "properties": { "geology": "Reef" }, "geometry": { "type": "Polygon", "coordinates": [ [ [ 32.722781856697416, -27.419742333941471 ], [ 32.720640882970443, -27.42243438344002 ], [ 32.719674243071893, -27.42312758896702 ], [ 32.718591029452526, -27.424891064171202 ], [ 32.717501511585589, -27.426060737712806 ], [ 32.71643832496877, -27.427876823256728 ], [ 32.716524524986909, -27.428451819196034 ], [ 32.716346339611952, -27.428663108615488 ], [ 32.714732905499268, -27.429744933681704 ], [ 32.713218154894015, -27.43190933384864 ], [ 32.712434055787078, -27.43213954050734 ], [ 32.713615737976049, -27.430527074964523 ], [ 32.713483037612143, -27.429567536112863 ], [ 32.713988678734601, -27.429650631671251 ], [ 32.715063273251552, -27.428733567799899 ], [ 32.71702165672415, -27.426156367122587 ], [ 32.718002902512026, -27.424728810286322 ], [ 32.718362643021678, -27.422898796941848 ], [ 32.718838316035509, -27.422365616779739 ], [ 32.719368603977955, -27.421080846204074 ], [ 32.720513046140276, -27.420016496763875 ], [ 32.722071073021652, -27.417791475995749 ], [ 32.722054017379058, -27.417301943529804 ], [ 32.721357861176372, -27.416737207056421 ], [ 32.720659601459516, -27.415511812420135 ], [ 32.719856669649637, -27.414688211491733 ], [ 32.719950411382484, -27.413435331775002 ], [ 32.720437468914092, -27.412708724527935 ], [ 32.720323772124459, -27.411569502030805 ], [ 32.720967024808409, -27.411570791658683 ], [ 32.720958780723208, -27.413859620225253 ], [ 32.721450777331583, -27.415864395225654 ], [ 32.721622800551906, -27.415799024405441 ], [ 32.721310593709035, -27.413433462084559 ], [ 32.721608443774706, -27.414621319917927 ], [ 32.722018169502974, -27.412806209239125 ], [ 32.722074566887841, -27.414855903577074 ], [ 32.722921734550503, -27.414609084641487 ], [ 32.722908599052637, -27.41508112439428 ], [ 32.723459300706246, -27.415295224195184 ], [ 32.723666060240518, -27.415818138596183 ], [ 32.724126109332573, -27.415838323879477 ], [ 32.724464463064578, -27.41539788630336 ], [ 32.724971066461599, -27.415250628613602 ], [ 32.724953965852926, -27.415513670419497 ], [ 32.72452352514064, -27.415760287007558 ], [ 32.722781856697416, -27.419742333941471 ] ] ] } },
{ "type": "Feature", "properties": { "geology": "Reef" }, "geometry": { "type": "Polygon", "coordinates": [ [ [ 32.675241281360115, -27.60734436974683 ], [ 32.675728171617919, -27.60766733787727 ], [ 32.675692144776697, -27.608056285669008 ], [ 32.675026761575879, -27.607722915080402 ], [ 32.673003124194892, -27.605431998288065 ], [ 32.673741000846583, -27.605181914813468 ], [ 32.675241281360115, -27.60734436974683 ] ] ] } },
{ "type": "Feature", "properties": { "geology": "Reef" }, "geometry": { "type": "Polygon", "coordinates": [ [ [ 32.680381701854138, -27.606826847680829 ], [ 32.680752563380153, -27.606995084755333 ], [ 32.679064651912206, -27.607629731826602 ], [ 32.676366187549561, -27.607050548643876 ], [ 32.676766046815708, -27.606939084870806 ], [ 32.679019515838036, -27.607337183264367 ], [ 32.680056482720552, -27.607172257493637 ], [ 32.680381701854138, -27.606826847680829 ] ] ] } },
{ "type": "Feature", "properties": { "geology": "Reef" }, "geometry": { "type": "Polygon", "coordinates": [ [ [ 32.67962369837506, -27.607790963182364 ], [ 32.679404715255423, -27.608893257717611 ], [ 32.679186751967123, -27.607775753847939 ], [ 32.67962369837506, -27.607790963182364 ] ] ] } },
{ "type": "Feature", "properties": { "geology": "Reef" }, "geometry": { "type": "Polygon", "coordinates": [ [ [ 32.683195167023399, -27.6057618156552 ], [ 32.682727236272974, -27.606852181582912 ], [ 32.682279036648254, -27.606892232890175 ], [ 32.682688192206385, -27.606003593890712 ], [ 32.683195167023399, -27.6057618156552 ] ] ] } },
{ "type": "Feature", "properties": { "geology": "Reef" }, "geometry": { "type": "Polygon", "coordinates": [ [ [ 32.690183413733649, -27.60852610769367 ], [ 32.689892672808639, -27.608628058438146 ], [ 32.689053650305766, -27.608145653099402 ], [ 32.688182608340796, -27.606866319824761 ], [ 32.688091141892755, -27.606382146418852 ], [ 32.688918466014485, -27.606177664867282 ], [ 32.689703301666121, -27.607082917942254 ], [ 32.690183413733649, -27.60852610769367 ] ] ] } },
{ "type": "Feature", "properties": { "geology": "Reef" }, "geometry": { "type": "Polygon", "coordinates": [ [ [ 32.670019079217226, -27.615560359223156 ], [ 32.670129612191914, -27.614865866766277 ], [ 32.670042472382242, -27.615995965641265 ], [ 32.669643371244661, -27.616550554164693 ], [ 32.669179274304099, -27.616689297073371 ], [ 32.668691606132811, -27.616308121222712 ], [ 32.668783471879784, -27.615855392612207 ], [ 32.669178660966516, -27.616411043235004 ], [ 32.669473440746792, -27.616469414631705 ], [ 32.670019079217226, -27.615560359223156 ] ] ] } },
{ "type": "Feature", "properties": { "geology": "Reef" }, "geometry": { "type": "Polygon", "coordinates": [ [ [ 32.671318155308661, -27.616398636188052 ], [ 32.672070963404281, -27.616639741730623 ], [ 32.670547572112795, -27.616547652951791 ], [ 32.671318155308661, -27.616398636188052 ] ] ] } },
{ "type": "Feature", "properties": { "geology": "Reef" }, "geometry": { "type": "MultiPolygon", "coordinates": [ [ [ [ 32.674051245131182, -27.62 ], [ 32.674169317360203, -27.61994264044047 ], [ 32.674222020121697, -27.62 ], [ 32.674051245131182, -27.62 ] ] ], [ [ [ 32.672608190278623, -27.62 ], [ 32.673099060273472, -27.619550758160919 ], [ 32.673608144307558, -27.62 ], [ 32.672608190278623, -27.62 ] ] ] ] } },
{ "type": "Feature", "properties": { "geology": "Reef" }, "geometry": { "type": "Polygon", "coordinates": [ [ [ 32.67638988388201, -27.62 ], [ 32.676623400849344, -27.619381590288082 ], [ 32.676715117308845, -27.619369878417054 ], [ 32.676606718496267, -27.62 ], [ 32.67638988388201, -27.62 ] ] ] } },
{ "type": "Feature", "properties": { "geology": "Reef" }, "geometry": { "type": "Polygon", "coordinates": [ [ [ 32.691339317755407, -27.59087856998995 ], [ 32.692306465770855, -27.589401229383192 ], [ 32.693342312997395, -27.586886959665421 ], [ 32.693569661610667, -27.584603816612805 ], [ 32.695515164093599, -27.577849816315929 ], [ 32.696716108861388, -27.575301112456305 ], [ 32.697374650919521, -27.574550904300743 ], [ 32.697379958718201, -27.575743910752852 ], [ 32.696634336205733, -27.57867273645757 ], [ 32.694747690753388, -27.583909034574209 ], [ 32.693493758830002, -27.58922237940925 ], [ 32.692155464203367, -27.592477256120461 ], [ 32.692104580561995, -27.593858164222802 ], [ 32.691865150456458, -27.594018597879902 ], [ 32.691337716062762, -27.593237672480516 ], [ 32.691386722819068, -27.592179195613326 ], [ 32.69119868627044, -27.591920628833901 ], [ 32.691339317755407, -27.59087856998995 ] ] ] } },
{ "type": "Feature", "properties": { "geology": "Reef" }, "geometry": { "type": "Polygon", "coordinates": [ [ [ 32.695123013816101, -27.573118930893855 ], [ 32.69517550634459, -27.572655550713023 ], [ 32.69563546370577, -27.57247298833769 ], [ 32.695388972123389, -27.573048483400733 ], [ 32.695123013816101, -27.573118930893855 ] ] ] } },
{ "type": "Feature", "properties": { "geology": "Reef" }, "geometry": { "type": "Polygon", "coordinates": [ [ [ 32.701711417447989, -27.573367705854846 ], [ 32.701511416318873, -27.574033006318089 ], [ 32.701314212980606, -27.574217723469143 ], [ 32.701479196307908, -27.573244106630149 ], [ 32.701711417447989, -27.573367705854846 ] ] ] } },
{ "type": "Feature", "properties": { "geology": "Reef" }, "geometry": { "type": "Polygon", "coordinates": [ [ [ 32.700922159829915, -27.568441782662099 ], [ 32.702686703428718, -27.564438105234359 ], [ 32.7039028944031, -27.560771326435528 ], [ 32.704553990074636, -27.559706131632623 ], [ 32.706324306421671, -27.558268352202678 ], [ 32.706790046423563, -27.557481144139459 ], [ 32.707356028458008, -27.552869784912588 ], [ 32.708898170614141, -27.548387687941407 ], [ 32.710719727633368, -27.541240216262867 ], [ 32.711989324847544, -27.538282283100834 ], [ 32.712182198849518, -27.536726365129557 ], [ 32.711401267154855, -27.535019180290877 ], [ 32.712492010797703, -27.530657592473872 ], [ 32.713740698774345, -27.527425066613475 ], [ 32.714044914241477, -27.525945883295798 ], [ 32.713898845455375, -27.524354812624427 ], [ 32.713008283705427, -27.523560936987614 ], [ 32.712863732974959, -27.523037402054392 ], [ 32.715056494161907, -27.515611287131129 ], [ 32.717018435352543, -27.51023746198922 ], [ 32.717696736415341, -27.505060928319132 ], [ 32.719860195891371, -27.498766283736952 ], [ 32.720694942117909, -27.493200657484291 ], [ 32.720919859863699, -27.494379835960611 ], [ 32.720632640683846, -27.498839381532171 ], [ 32.718472702952909, -27.504427153590225 ], [ 32.717861650494868, -27.50821525992621 ], [ 32.716796031211899, -27.511963408484483 ], [ 32.716777086093764, -27.512738864207144 ], [ 32.717953918238777, -27.511880177128422 ], [ 32.71857151956003, -27.511080763466364 ], [ 32.718819962671226, -27.511096351415443 ], [ 32.717733863127286, -27.520666959112834 ], [ 32.716566030497987, -27.524581075755968 ], [ 32.71484881641986, -27.526862488512997 ], [ 32.714223978254061, -27.52823468488274 ], [ 32.713921985911036, -27.530347789518824 ], [ 32.713455632571453, -27.531580565790403 ], [ 32.713464498088179, -27.53251218518912 ], [ 32.714334747750492, -27.53542569274147 ], [ 32.704724643627465, -27.568449917929343 ], [ 32.700922159829915, -27.568441782662099 ] ], [ [ 32.714068823617374, -27.520100899736661 ], [ 32.713562105107187, -27.521486450139491 ], [ 32.713566345410655, -27.522057409921498 ], [ 32.713853108634133, -27.521716449054868 ], [ 32.714068823617374, -27.520100899736661 ] ], [ [ 32.71625613131549, -27.522736179531037 ], [ 32.715830529855111, -27.523911540385235 ], [ 32.715888043298627, -27.524403128701373 ], [ 32.71604662974827, -27.524190482204933 ], [ 32.71625613131549, -27.522736179531037 ] ], [ [ 32.71339854720528, -27.522509927191297 ], [ 32.713112212059038, -27.523292604470097 ], [ 32.713134061088113, -27.523489181880219 ], [ 32.713368452292272, -27.523033941463193 ], [ 32.71339854720528, -27.522509927191297 ] ] ] } },
{ "type": "Feature", "properties": { "geology": "Reef" }, "geometry": { "type": "Polygon", "coordinates": [ [ [ 32.707408678367855, -27.540667724036183 ], [ 32.707772830052171, -27.540670573987725 ], [ 32.707693976595849, -27.541358699244533 ], [ 32.705884394948924, -27.547214471970289 ], [ 32.705540966342632, -27.547313619527884 ], [ 32.705454661103808, -27.546408733376332 ], [ 32.707408678367855, -27.540667724036183 ] ] ] } },
{ "type": "Feature", "properties": { "geology": "Reef" }, "geometry": { "type": "Polygon", "coordinates": [ [ [ 32.678804769424637, -27.540439209002287 ], [ 32.679261873236896, -27.539674471399678 ], [ 32.678837482264072, -27.538108853340852 ], [ 32.679136889056238, -27.538104407092604 ], [ 32.679693150318698, -27.538635361432753 ], [ 32.680850389833715, -27.538426293338691 ], [ 32.680996702336039, -27.537603093507904 ], [ 32.680863634149439, -27.537333614354804 ], [ 32.680566709486115, -27.537471528088503 ], [ 32.68065425399066, -27.537061089197891 ], [ 32.681202596722571, -27.537090550988058 ], [ 32.681370938118341, -27.537617077965709 ], [ 32.681683274463566, -27.536875129183851 ], [ 32.681547082931573, -27.536691308656966 ], [ 32.680747298748919, -27.536744642950826 ], [ 32.680852389026597, -27.536240888606049 ], [ 32.681273163825509, -27.536080165367281 ], [ 32.681683680057873, -27.536238938875901 ], [ 32.682419150123742, -27.535269488595983 ], [ 32.682786869418543, -27.536301766413295 ], [ 32.682313796344658, -27.536371257027817 ], [ 32.682021522075615, -27.537892868560988 ], [ 32.681179866357823, -27.538488637040924 ], [ 32.681363060956549, -27.539856383565233 ], [ 32.680498490513024, -27.540153391865466 ], [ 32.68018094799244, -27.541690351228684 ], [ 32.679874441951988, -27.542127192415929 ], [ 32.679697760243535, -27.541032378441454 ], [ 32.678804769424637, -27.540439209002287 ] ] ] } },
{ "type": "Feature", "properties": { "geology": "Reef" }, "geometry": { "type": "Polygon", "coordinates": [ [ [ 32.708813363645874, -27.537900444449907 ], [ 32.709232856011553, -27.537415918509765 ], [ 32.709167892584212, -27.538115778120609 ], [ 32.708944908380886, -27.538882136301449 ], [ 32.708640623665971, -27.539057379094743 ], [ 32.708813363645874, -27.537900444449907 ] ] ] } },
{ "type": "Feature", "properties": { "geology": "Reef" }, "geometry": { "type": "Polygon", "coordinates": [ [ [ 32.698709575786374, -27.544155528754629 ], [ 32.698695967245179, -27.544002152976933 ], [ 32.698806326650704, -27.543863660979081 ], [ 32.698832916006374, -27.54398888977537 ], [ 32.698709575786374, -27.544155528754629 ] ] ] } },
{ "type": "Feature", "properties": { "geology": "Reef" }, "geometry": { "type": "Polygon", "coordinates": [ [ [ 32.699160187392792, -27.543187229606936 ], [ 32.699291439848132, -27.542661769225219 ], [ 32.699395430254988, -27.542619012757118 ], [ 32.699454151487942, -27.542853899487859 ], [ 32.699160187392792, -27.543187229606936 ] ] ] } },
{ "type": "Feature", "properties": { "geology": "Reef" }, "geometry": { "type": "Polygon", "coordinates": [ [ [ 32.699869062707123, -27.541582180772945 ], [ 32.69976394185251, -27.54079692154064 ], [ 32.700350817836046, -27.539268765641008 ], [ 32.700393973603063, -27.539618656775541 ], [ 32.699869062707123, -27.541582180772945 ] ] ] } },
{ "type": "Feature", "properties": { "geology": "Reef" }, "geometry": { "type": "Polygon", "coordinates": [ [ [ 32.700534023226652, -27.538953564955005 ], [ 32.700523934631924, -27.538046381934898 ], [ 32.700938012179563, -27.537003439057404 ], [ 32.701146162065797, -27.536962828371742 ], [ 32.700534023226652, -27.538953564955005 ] ] ] } },
{ "type": "Feature", "properties": { "geology": "Reef" }, "geometry": { "type": "Polygon", "coordinates": [ [ [ 32.701217446827783, -27.536861374053075 ], [ 32.701025182566198, -27.536855029336085 ], [ 32.701026338194985, -27.536435309441881 ], [ 32.701618237791514, -27.535169344589512 ], [ 32.701557455312368, -27.534351192653418 ], [ 32.701899225568852, -27.533013747886109 ], [ 32.702544941495923, -27.532075215398795 ], [ 32.702547988398962, -27.530946868403198 ], [ 32.703846558172238, -27.525141667254079 ], [ 32.704477728464454, -27.52402946039124 ], [ 32.705813653377476, -27.520319155304737 ], [ 32.706251907399654, -27.515696607612274 ], [ 32.706687851063549, -27.515053191251713 ], [ 32.707046131973449, -27.514941636647141 ], [ 32.706180172976673, -27.521560523699172 ], [ 32.705000094279015, -27.524351640715587 ], [ 32.704864258878501, -27.526535856544474 ], [ 32.7038988546485, -27.528393053696437 ], [ 32.702593135265047, -27.533236447903661 ], [ 32.701900881220759, -27.53454153686237 ], [ 32.701217446827783, -27.536861374053075 ] ] ] } },
{ "type": "Feature", "properties": { "geology": "Reef" }, "geometry": { "type": "Polygon", "coordinates": [ [ [ 32.690621976223319, -27.534918140559675 ], [ 32.690800406213853, -27.534239247743006 ], [ 32.690973461855819, -27.534199468030941 ], [ 32.69081673880153, -27.534844699223456 ], [ 32.690621976223319, -27.534918140559675 ] ] ] } },
{ "type": "Feature", "properties": { "geology": "Reef" }, "geometry": { "type": "Polygon", "coordinates": [ [ [ 32.68140733458084, -27.536990253197569 ], [ 32.681290361561004, -27.537063994907356 ], [ 32.681355635254413, -27.536887669330429 ], [ 32.68140733458084, -27.536990253197569 ] ] ] } },
{ "type": "Feature", "properties": { "geology": "Reef" }, "geometry": { "type": "Polygon", "coordinates": [ [ [ 32.681684729566705, -27.538207971220846 ], [ 32.681522361467863, -27.538355926784551 ], [ 32.681645116229213, -27.53809712708069 ], [ 32.681684729566705, -27.538207971220846 ] ] ] } },
{ "type": "Feature", "properties": { "geology": "Reef" }, "geometry": { "type": "Polygon", "coordinates": [ [ [ 32.681739357985002, -27.538498833554282 ], [ 32.681684232241622, -27.538376091383476 ], [ 32.681739688036224, -27.538384117832745 ], [ 32.681739357985002, -27.538498833554282 ] ] ] } },
{ "type": "Feature", "properties": { "geology": "Reef" }, "geometry": { "type": "Polygon", "coordinates": [ [ [ 32.68174720456993, -27.538856839271638 ], [ 32.681709803564658, -27.538744031911484 ], [ 32.681785250389055, -27.538742218878298 ], [ 32.68174720456993, -27.538856839271638 ] ] ] } },
{ "type": "Feature", "properties": { "geology": "Reef" }, "geometry": { "type": "Polygon", "coordinates": [ [ [ 32.682467639769811, -27.536508713006622 ], [ 32.682413366583667, -27.536459342024926 ], [ 32.682467000351863, -27.536438998460923 ], [ 32.682467639769811, -27.536508713006622 ] ] ] } },
{ "type": "Feature", "properties": { "geology": "Reef" }, "geometry": { "type": "Polygon", "coordinates": [ [ [ 32.682573817327892, -27.535167704226094 ], [ 32.682568315275645, -27.534847943977407 ], [ 32.682720387036284, -27.534717649300028 ], [ 32.682730875829279, -27.535092427373574 ], [ 32.682573817327892, -27.535167704226094 ] ] ] } },
{ "type": "Feature", "properties": { "geology": "Reef" }, "geometry": { "type": "Polygon", "coordinates": [ [ [ 32.680685241031121, -27.532883251760616 ], [ 32.68122795130899, -27.531951480376421 ], [ 32.681829136405597, -27.53042868893283 ], [ 32.681921569624805, -27.530859734888793 ], [ 32.680685241031121, -27.532883251760616 ] ] ] } },
{ "type": "Feature", "properties": { "geology": "Reef" }, "geometry": { "type": "Polygon", "coordinates": [ [ [ 32.682170020829908, -27.53033857506508 ], [ 32.682121049147177, -27.529950681278855 ], [ 32.682237201086053, -27.529899235561242 ], [ 32.68232623216997, -27.530101554243238 ], [ 32.682170020829908, -27.53033857506508 ] ] ] } },
{ "type": "Feature", "properties": { "geology": "Reef" }, "geometry": { "type": "Polygon", "coordinates": [ [ [ 32.682879488797433, -27.529545934197483 ], [ 32.68282766716316, -27.53007957751041 ], [ 32.682468288181006, -27.530070479069309 ], [ 32.682601854591994, -27.529688915610912 ], [ 32.682879488797433, -27.529545934197483 ] ] ] } },
{ "type": "Feature", "properties": { "geology": "Reef" }, "geometry": { "type": "Polygon", "coordinates": [ [ [ 32.692326640262337, -27.527447195331781 ], [ 32.692147092414423, -27.528309498584463 ], [ 32.691994758051742, -27.527984980922081 ], [ 32.691678562715559, -27.528013386008933 ], [ 32.691759981937693, -27.527265311944493 ], [ 32.692113088148602, -27.527643863573378 ], [ 32.692180423088153, -27.527337535598686 ], [ 32.692326640262337, -27.527447195331781 ] ] ] } },
{ "type": "Feature", "properties": { "geology": "Reef" }, "geometry": { "type": "Polygon", "coordinates": [ [ [ 32.692688757680067, -27.527337296379095 ], [ 32.693501363497248, -27.527514561747541 ], [ 32.693455440516225, -27.527860358268878 ], [ 32.693147302206292, -27.527675068249803 ], [ 32.693018544470306, -27.527702914857588 ], [ 32.693399133962963, -27.528014420229287 ], [ 32.692757588192208, -27.527942861174004 ], [ 32.692688757680067, -27.527337296379095 ] ] ] } },
{ "type": "Feature", "properties": { "geology": "Reef" }, "geometry": { "type": "Polygon", "coordinates": [ [ [ 32.693234319708154, -27.528295214652424 ], [ 32.693507961823052, -27.528458625065458 ], [ 32.693540859023507, -27.528880235334523 ], [ 32.69310061030496, -27.529211872929519 ], [ 32.693083468327472, -27.528930039789486 ], [ 32.692759673719983, -27.529002802137509 ], [ 32.693234319708154, -27.528295214652424 ] ] ] } },
{ "type": "Feature", "properties": { "geology": "Reef" }, "geometry": { "type": "Polygon", "coordinates": [ [ [ 32.692326356975869, -27.529852004066701 ], [ 32.692436502342801, -27.529737783871614 ], [ 32.692483547677611, -27.529797582492385 ], [ 32.692326356975869, -27.529852004066701 ] ] ] } },
{ "type": "Feature", "properties": { "geology": "Reef" }, "geometry": { "type": "Polygon", "coordinates": [ [ [ 32.692504286044084, -27.529845560424231 ], [ 32.692455690277924, -27.529946230534041 ], [ 32.692470273684251, -27.529836692209539 ], [ 32.692504286044084, -27.529845560424231 ] ] ] } },
{ "type": "Feature", "properties": { "geology": "Reef" }, "geometry": { "type": "Polygon", "coordinates": [ [ [ 32.690760549160103, -27.529958680748422 ], [ 32.690833608284436, -27.529921510868949 ], [ 32.690775317826713, -27.529990004135385 ], [ 32.690760549160103, -27.529958680748422 ] ] ] } },
{ "type": "Feature", "properties": { "geology": "Reef" }, "geometry": { "type": "Polygon", "coordinates": [ [ [ 32.690726029582677, -27.527704989593506 ], [ 32.690589993633395, -27.527576003429758 ], [ 32.69061301178111, -27.527467621633384 ], [ 32.690746744566624, -27.527471476127705 ], [ 32.690726029582677, -27.527704989593506 ] ] ] } },
{ "type": "Feature", "properties": { "geology": "Reef" }, "geometry": { "type": "Polygon", "coordinates": [ [ [ 32.690677817827066, -27.527729894518988 ], [ 32.690674167478889, -27.528079002344047 ], [ 32.690508606786807, -27.527984509677282 ], [ 32.690677817827066, -27.527729894518988 ] ] ] } },
{ "type": "Feature", "properties": { "geology": "Reef" }, "geometry": { "type": "Polygon", "coordinates": [ [ [ 32.684198599086152, -27.527887551968863 ], [ 32.684425728264799, -27.527505792458303 ], [ 32.684665937183347, -27.52756813346253 ], [ 32.684503086148531, -27.528136917784423 ], [ 32.684198599086152, -27.527887551968863 ] ] ] } },
{ "type": "Feature", "properties": { "geology": "Reef" }, "geometry": { "type": "Polygon", "coordinates": [ [ [ 32.684035302887018, -27.526018130332435 ], [ 32.684462493449388, -27.525602430407755 ], [ 32.684760178039866, -27.524233564227536 ], [ 32.68471374874062, -27.525656056082074 ], [ 32.685112616054461, -27.525562474428611 ], [ 32.685240030203303, -27.525774971637599 ], [ 32.684968640890141, -27.526019372296116 ], [ 32.685151962293311, -27.526403353132196 ], [ 32.68482782504416, -27.526593206311343 ], [ 32.684695698447825, -27.527509150526814 ], [ 32.684257277151694, -27.527493504121889 ], [ 32.684250934233255, -27.526930259623708 ], [ 32.684417091175902, -27.526912843352999 ], [ 32.684035302887018, -27.526018130332435 ] ], [ [ 32.684623651060683, -27.525967744915473 ], [ 32.684632169439098, -27.525722143661913 ], [ 32.684425163490602, -27.525799827999599 ], [ 32.684623651060683, -27.525967744915473 ] ] ] } },
{ "type": "Feature", "properties": { "geology": "Reef" }, "geometry": { "type": "Polygon", "coordinates": [ [ [ 32.694932542802654, -27.524590283914403 ], [ 32.69516740075499, -27.524670081658893 ], [ 32.695047266618154, -27.524813694396396 ], [ 32.694932542802654, -27.524590283914403 ] ] ] } },
{ "type": "Feature", "properties": { "geology": "Reef" }, "geometry": { "type": "Polygon", "coordinates": [ [ [ 32.712253373894136, -27.503318442392189 ], [ 32.712097744415424, -27.503130196301498 ], [ 32.712331847836552, -27.503151562394621 ], [ 32.712253373894136, -27.503318442392189 ] ] ] } },
{ "type": "Feature", "properties": { "geology": "Reef" }, "geometry": { "type": "Polygon", "coordinates": [ [ [ 32.711740813387934, -27.504665733836472 ], [ 32.711370764849036, -27.50488071497292 ], [ 32.711687288437631, -27.504104684583442 ], [ 32.712237074581395, -27.504135235452704 ], [ 32.712109717089824, -27.504897927097588 ], [ 32.71175317726739, -27.50498741413778 ], [ 32.711740813387934, -27.504665733836472 ] ] ] } },
{ "type": "Feature", "properties": { "geology": "Reef" }, "geometry": { "type": "Polygon", "coordinates": [ [ [ 32.688560109561493, -27.528126357945006 ], [ 32.689564324034393, -27.527632066266772 ], [ 32.690297693284023, -27.527789990815403 ], [ 32.690085450583162, -27.528041270388247 ], [ 32.690527941311466, -27.52836843385608 ], [ 32.690304103651513, -27.528345067670664 ], [ 32.690416854354424, -27.529057795680664 ], [ 32.690103287736562, -27.529977233762274 ], [ 32.689732724785465, -27.530209105066092 ], [ 32.68981358642791, -27.530636196703021 ], [ 32.689426904028416, -27.530976188100531 ], [ 32.68944849045549, -27.530592694697052 ], [ 32.688976265442399, -27.530464834484416 ], [ 32.689090718561879, -27.530202578685973 ], [ 32.688657051981451, -27.53032138992014 ], [ 32.688660706826269, -27.529707018064386 ], [ 32.68829845900671, -27.529480375418906 ], [ 32.688383016862822, -27.529865268167569 ], [ 32.68801517436092, -27.530163896146828 ], [ 32.688187417915096, -27.530689882631933 ], [ 32.687833733440087, -27.530807886274896 ], [ 32.6877072213113, -27.531555396464341 ], [ 32.687343646092486, -27.532050396808273 ], [ 32.687442912360538, -27.531323374074407 ], [ 32.687144118006692, -27.53121843937938 ], [ 32.686951505707498, -27.531939067933596 ], [ 32.686597314914223, -27.532215730871261 ], [ 32.686825563748847, -27.531804432228704 ], [ 32.686595494686387, -27.531277514945316 ], [ 32.686882333452957, -27.53136658020345 ], [ 32.68704879166846, -27.530998601004526 ], [ 32.687547527796191, -27.530908568975224 ], [ 32.687713820536437, -27.530164218104098 ], [ 32.688191889344338, -27.529544645468889 ], [ 32.688265699402557, -27.528925339033126 ], [ 32.688095508101242, -27.528835726087827 ], [ 32.688549572205076, -27.528534446907113 ], [ 32.688315150423975, -27.528429361126069 ], [ 32.688529842877983, -27.528463371687199 ], [ 32.6883843352689, -27.528314890020081 ], [ 32.688655354061396, -27.528258522312928 ], [ 32.688560109561493, -27.528126357945006 ] ] ] } },
{ "type": "Feature", "properties": { "geology": "Reef" }, "geometry": { "type": "Polygon", "coordinates": [ [ [ 32.713048891693091, -27.505419693064287 ], [ 32.712845083733711, -27.505341118397848 ], [ 32.712796015823528, -27.50487079994743 ], [ 32.713330254487666, -27.503853944603811 ], [ 32.713361477150528, -27.50511283898631 ], [ 32.713048891693091, -27.505419693064287 ] ], [ [ 32.713016405482811, -27.504612024525244 ], [ 32.712928655033458, -27.505127335158342 ], [ 32.713145455498399, -27.505204845027539 ], [ 32.713016405482811, -27.504612024525244 ] ] ] } },
{ "type": "Feature", "properties": { "geology": "Reef" }, "geometry": { "type": "Polygon", "coordinates": [ [ [ 32.714988288678668, -27.49222208448154 ], [ 32.713359022900654, -27.491883234323762 ], [ 32.713398115530644, -27.49168544192959 ], [ 32.714223337037438, -27.491489282704219 ], [ 32.714930546807359, -27.490294970436455 ], [ 32.7151715822028, -27.490338463449291 ], [ 32.714627976200184, -27.491679374203699 ], [ 32.714988288678668, -27.49222208448154 ] ] ] } },
{ "type": "Feature", "properties": { "geology": "Reef" }, "geometry": { "type": "Polygon", "coordinates": [ [ [ 32.704984835481831, -27.480714597900331 ], [ 32.704987233973711, -27.481106079981526 ], [ 32.705801603361387, -27.481156644363544 ], [ 32.704930151305504, -27.481334907080278 ], [ 32.704759416813651, -27.481888578295202 ], [ 32.705510046751357, -27.48199353727188 ], [ 32.704733605371636, -27.482040038516867 ], [ 32.70456864093012, -27.482380420220167 ], [ 32.704705674227526, -27.482747161951878 ], [ 32.704419482073519, -27.482942668269473 ], [ 32.704417273338528, -27.482488488153148 ], [ 32.703496477280709, -27.481526520232716 ], [ 32.703102758585466, -27.48047472442892 ], [ 32.703602412021709, -27.479937049455184 ], [ 32.703937897815791, -27.480731676925299 ], [ 32.704725327112193, -27.48049425860313 ], [ 32.704984835481831, -27.480714597900331 ] ] ] } },
{ "type": "Feature", "properties": { "geology": "Reef" }, "geometry": { "type": "Polygon", "coordinates": [ [ [ 32.707015551426643, -27.48347304524475 ], [ 32.706643864322928, -27.484497850595297 ], [ 32.706614134534746, -27.484272379766466 ], [ 32.707015551426643, -27.48347304524475 ] ] ] } },
{ "type": "Feature", "properties": { "geology": "Reef" }, "geometry": { "type": "Polygon", "coordinates": [ [ [ 32.711868387616065, -27.481093305111873 ], [ 32.711182873091182, -27.482013643414803 ], [ 32.710882272898651, -27.48213801066056 ], [ 32.711007585331863, -27.481100449326217 ], [ 32.711868387616065, -27.481093305111873 ] ] ] } },
{ "type": "Feature", "properties": { "geology": "Reef" }, "geometry": { "type": "Polygon", "coordinates": [ [ [ 32.709442629174028, -27.487428295079678 ], [ 32.709957375032886, -27.486810181144879 ], [ 32.710199111899556, -27.486705978497998 ], [ 32.709766989455041, -27.487799864372242 ], [ 32.709471721342929, -27.487853109633214 ], [ 32.709442629174028, -27.487428295079678 ] ] ] } },
{ "type": "Feature", "properties": { "geology": "Reef" }, "geometry": { "type": "Polygon", "coordinates": [ [ [ 32.716224098363512, -27.488222220179303 ], [ 32.715545958279442, -27.487935518109605 ], [ 32.714269174582803, -27.487994030699859 ], [ 32.712219840873033, -27.487240357456482 ], [ 32.712058292955916, -27.486841233835829 ], [ 32.712321825791705, -27.486755093172938 ], [ 32.713053881131806, -27.487207439571659 ], [ 32.71419844200453, -27.487355883467195 ], [ 32.715146379601762, -27.487813582630672 ], [ 32.71589600769466, -27.487788572484604 ], [ 32.716224098363512, -27.488222220179303 ] ] ] } },
{ "type": "Feature", "properties": { "geology": "Reef" }, "geometry": { "type": "Polygon", "coordinates": [ [ [ 32.705195286733165, -27.488632615003127 ], [ 32.705878061623302, -27.486913235357445 ], [ 32.70543523394894, -27.486574712552933 ], [ 32.705489686100194, -27.486349708472204 ], [ 32.70584693548772, -27.486155343394319 ], [ 32.706738698732018, -27.486199250095261 ], [ 32.707668517687978, -27.483933390213704 ], [ 32.70877526926332, -27.48283482966357 ], [ 32.706699839925705, -27.486886574056072 ], [ 32.707090301276423, -27.488138373686969 ], [ 32.706459787489273, -27.488572289379558 ], [ 32.706250289519289, -27.489118033970023 ], [ 32.705195286733165, -27.488632615003127 ] ], [ [ 32.706591174842906, -27.486473167402711 ], [ 32.706821384199635, -27.486219580169436 ], [ 32.706492298880576, -27.486475053281008 ], [ 32.706591174842906, -27.486473167402711 ] ], [ [ 32.705787258275443, -27.488746105848069 ], [ 32.705970978078277, -27.488591926975811 ], [ 32.70598818300828, -27.488524967952873 ], [ 32.705787258275443, -27.488746105848069 ] ], [ [ 32.706188613114129, -27.487488892298469 ], [ 32.706215066672037, -27.487304886511218 ], [ 32.706187916139513, -27.4872631750554 ], [ 32.706188613114129, -27.487488892298469 ] ] ] } },
{ "type": "Feature", "properties": { "geology": "Reef" }, "geometry": { "type": "Polygon", "coordinates": [ [ [ 32.702070414218269, -27.487976354525088 ], [ 32.701660389915119, -27.487555191219041 ], [ 32.701749299590595, -27.487525472222707 ], [ 32.702025408545815, -27.487618418954764 ], [ 32.702229202116051, -27.487604735769839 ], [ 32.702007546211348, -27.487454723456654 ], [ 32.702161771848381, -27.487337663202545 ], [ 32.702900536130876, -27.487644844633792 ], [ 32.702598162475269, -27.487900801580654 ], [ 32.702904637938722, -27.488075619893863 ], [ 32.702070414218269, -27.487976354525088 ] ] ] } },
{ "type": "Feature", "properties": { "geology": "Reef" }, "geometry": { "type": "Polygon", "coordinates": [ [ [ 32.687199986590173, -27.50433217618891 ], [ 32.687287159674746, -27.504452742000396 ], [ 32.687112181282188, -27.50443796613914 ], [ 32.687199986590173, -27.50433217618891 ] ] ] } },
{ "type": "Feature", "properties": { "geology": "Reef" }, "geometry": { "type": "Polygon", "coordinates": [ [ [ 32.687190485252742, -27.504697333315228 ], [ 32.687384394374348, -27.504625095271873 ], [ 32.68733229934616, -27.504722632143753 ], [ 32.687190485252742, -27.504697333315228 ] ] ] } },
{ "type": "Feature", "properties": { "geology": "Reef" }, "geometry": { "type": "Polygon", "coordinates": [ [ [ 32.687861306654035, -27.504548134888431 ], [ 32.688136597226226, -27.504209901665593 ], [ 32.688172391142984, -27.504607433486235 ], [ 32.687861306654035, -27.504548134888431 ] ] ] } },
{ "type": "Feature", "properties": { "geology": "Reef" }, "geometry": { "type": "Polygon", "coordinates": [ [ [ 32.688890716533365, -27.504868365482633 ], [ 32.688831975515306, -27.504640821716499 ], [ 32.688990055646663, -27.504494896821949 ], [ 32.689080670436638, -27.504606783276383 ], [ 32.688890716533365, -27.504868365482633 ] ] ] } },
{ "type": "Feature", "properties": { "geology": "Reef" }, "geometry": { "type": "Polygon", "coordinates": [ [ [ 32.689555909977294, -27.505018866127724 ], [ 32.689383824703825, -27.504869729754237 ], [ 32.689631963844128, -27.504687632328345 ], [ 32.689555909977294, -27.505018866127724 ] ] ] } },
{ "type": "Feature", "properties": { "geology": "Reef" }, "geometry": { "type": "Polygon", "coordinates": [ [ [ 32.687710523621874, -27.505436819753353 ], [ 32.687883042368611, -27.505313681880857 ], [ 32.687745942521317, -27.505544009948018 ], [ 32.687710523621874, -27.505436819753353 ] ] ] } },
{ "type": "Feature", "properties": { "geology": "Reef" }, "geometry": { "type": "Polygon", "coordinates": [ [ [ 32.687885870736423, -27.505073006214197 ], [ 32.687760142816394, -27.505112284104552 ], [ 32.687815519470703, -27.505060299693007 ], [ 32.687885870736423, -27.505073006214197 ] ] ] } },
{ "type": "Feature", "properties": { "geology": "Reef" }, "geometry": { "type": "Polygon", "coordinates": [ [ [ 32.687544403551463, -27.505582151994691 ], [ 32.687569498233842, -27.505515646230005 ], [ 32.687624581709173, -27.505564005474405 ], [ 32.687544403551463, -27.505582151994691 ] ] ] } },
{ "type": "Feature", "properties": { "geology": "Reef" }, "geometry": { "type": "Polygon", "coordinates": [ [ [ 32.686235188503183, -27.507385417702842 ], [ 32.686220611392194, -27.507202875112547 ], [ 32.686318874916232, -27.507115754188632 ], [ 32.686235188503183, -27.507385417702842 ] ] ] } },
{ "type": "Feature", "properties": { "geology": "Reef" }, "geometry": { "type": "Polygon", "coordinates": [ [ [ 32.686664755074439, -27.506108348021836 ], [ 32.687017551918579, -27.506165276905929 ], [ 32.686991903253812, -27.506259280341428 ], [ 32.686664755074439, -27.506108348021836 ] ] ] } },
{ "type": "Feature", "properties": { "geology": "Reef" }, "geometry": { "type": "Polygon", "coordinates": [ [ [ 32.690684233590552, -27.508055680625077 ], [ 32.690347927614837, -27.508126821495559 ], [ 32.690236489022823, -27.507933070654637 ], [ 32.690546226327335, -27.507597643316529 ], [ 32.690684233590552, -27.508055680625077 ] ] ] } },
{ "type": "Feature", "properties": { "geology": "Reef" }, "geometry": { "type": "Polygon", "coordinates": [ [ [ 32.690102383018605, -27.510647345098814 ], [ 32.68984806103925, -27.510137851280753 ], [ 32.690318850734428, -27.509453378170821 ], [ 32.690102383018605, -27.510647345098814 ] ] ] } },
{ "type": "Feature", "properties": { "geology": "Reef" }, "geometry": { "type": "Polygon", "coordinates": [ [ [ 32.689473761405047, -27.51048663445054 ], [ 32.689461921830301, -27.510217244330274 ], [ 32.689637954228289, -27.510326503865009 ], [ 32.689473761405047, -27.51048663445054 ] ] ] } },
{ "type": "Feature", "properties": { "geology": "Reef" }, "geometry": { "type": "Polygon", "coordinates": [ [ [ 32.688427066555924, -27.510094944625944 ], [ 32.688081347376375, -27.510970026345564 ], [ 32.688003630663118, -27.510509168763051 ], [ 32.688427066555924, -27.510094944625944 ] ] ] } },
{ "type": "Feature", "properties": { "geology": "Reef" }, "geometry": { "type": "Polygon", "coordinates": [ [ [ 32.687752813341731, -27.509999016641235 ], [ 32.68763536368111, -27.509858784455229 ], [ 32.687734132624207, -27.509823138926659 ], [ 32.687752813341731, -27.509999016641235 ] ] ] } },
{ "type": "Feature", "properties": { "geology": "Reef" }, "geometry": { "type": "Polygon", "coordinates": [ [ [ 32.686654346321063, -27.510887964108221 ], [ 32.686558499275364, -27.510781670537568 ], [ 32.686661257610972, -27.510753653957913 ], [ 32.686654346321063, -27.510887964108221 ] ] ] } },
{ "type": "Feature", "properties": { "geology": "Reef" }, "geometry": { "type": "Polygon", "coordinates": [ [ [ 32.69176063394616, -27.509506974167486 ], [ 32.691790376324818, -27.50902909601588 ], [ 32.692139782724816, -27.509391869039419 ], [ 32.69176063394616, -27.509506974167486 ] ] ] } },
{ "type": "Feature", "properties": { "geology": "Reef" }, "geometry": { "type": "Polygon", "coordinates": [ [ [ 32.692325301171763, -27.509219378171753 ], [ 32.692250541429409, -27.508988957474372 ], [ 32.692371057778161, -27.50891298364721 ], [ 32.692721922878469, -27.509228767993164 ], [ 32.692325301171763, -27.509219378171753 ] ] ] } },
{ "type": "Feature", "properties": { "geology": "Reef" }, "geometry": { "type": "Polygon", "coordinates": [ [ [ 32.692006188434931, -27.509655867724046 ], [ 32.69240464565793, -27.509362793058372 ], [ 32.692910505315645, -27.50941638995435 ], [ 32.692723929266023, -27.509548190996163 ], [ 32.692006188434931, -27.509655867724046 ] ] ] } },
{ "type": "Feature", "properties": { "geology": "Reef" }, "geometry": { "type": "Polygon", "coordinates": [ [ [ 32.685408653986279, -27.517677363519404 ], [ 32.685119458995914, -27.518410836191048 ], [ 32.68557500608172, -27.518786422755156 ], [ 32.685116714265028, -27.520039263800925 ], [ 32.685852490999693, -27.520566447283635 ], [ 32.685714508018229, -27.521657315032954 ], [ 32.685113201513111, -27.521230175732004 ], [ 32.685266274219259, -27.521156773965906 ], [ 32.684946826035272, -27.52088319300486 ], [ 32.68505078136851, -27.520250071183778 ], [ 32.684814311831083, -27.519943545358256 ], [ 32.685093967712504, -27.518775226195665 ], [ 32.685007971840506, -27.517864392827452 ], [ 32.685408653986279, -27.517677363519404 ] ] ] } },
{ "type": "Feature", "properties": { "geology": "Reef" }, "geometry": { "type": "Polygon", "coordinates": [ [ [ 32.703152931762411, -27.517098471717091 ], [ 32.703364371368735, -27.515866881651188 ], [ 32.703743544429095, -27.515682113238885 ], [ 32.703959587664919, -27.515960938146737 ], [ 32.703869920760248, -27.517066489127117 ], [ 32.703152931762411, -27.517098471717091 ] ] ] } },
{ "type": "Feature", "properties": { "geology": "Reef" }, "geometry": { "type": "Polygon", "coordinates": [ [ [ 32.704504478798711, -27.516519538545786 ], [ 32.704315379251405, -27.517463207061322 ], [ 32.704124251732914, -27.517536314749034 ], [ 32.704259530453044, -27.515625232918097 ], [ 32.704622861955599, -27.516067078832556 ], [ 32.704814286250404, -27.51588177352501 ], [ 32.705095900855206, -27.516048745253286 ], [ 32.705090463554072, -27.516458860388038 ], [ 32.704504478798711, -27.516519538545786 ] ] ] } },
{ "type": "Feature", "properties": { "geology": "Reef" }, "geometry": { "type": "Polygon", "coordinates": [ [ [ 32.704812044240541, -27.515429178014102 ], [ 32.704678694566169, -27.515450119627243 ], [ 32.704795810578275, -27.515270677899423 ], [ 32.704812044240541, -27.515429178014102 ] ] ] } },
{ "type": "Feature", "properties": { "geology": "Reef" }, "geometry": { "type": "Polygon", "coordinates": [ [ [ 32.704815864560551, -27.514981331822938 ], [ 32.704097307145034, -27.514987641466448 ], [ 32.703944586073831, -27.514744484570226 ], [ 32.704514153705318, -27.513457754371796 ], [ 32.70472676512815, -27.513594959439796 ], [ 32.704815864560551, -27.514981331822938 ] ] ] } },
{ "type": "Feature", "properties": { "geology": "Reef" }, "geometry": { "type": "Polygon", "coordinates": [ [ [ 32.704957235288248, -27.515123019112 ], [ 32.705199152019297, -27.514828040581563 ], [ 32.705279694402428, -27.513728509662947 ], [ 32.705626845302724, -27.513698134161505 ], [ 32.70576203409064, -27.514020155305911 ], [ 32.705452639427833, -27.514932777425706 ], [ 32.705236796740884, -27.515261827671146 ], [ 32.704957235288248, -27.515123019112 ] ] ] } },
{ "type": "Feature", "properties": { "geology": "Reef" }, "geometry": { "type": "Polygon", "coordinates": [ [ [ 32.703905581577381, -27.514421507446578 ], [ 32.703799991276625, -27.514297474748609 ], [ 32.704082635605175, -27.514111569593236 ], [ 32.703905581577381, -27.514421507446578 ] ] ] } },
{ "type": "Feature", "properties": { "geology": "Prominent Reef" }, "geometry": { "type": "Polygon", "coordinates": [ [ [ 32.710738945246192, -27.452387809649679 ], [ 32.711270889739843, -27.452249575757275 ], [ 32.711329414920613, -27.451704590194634 ], [ 32.711921051915056, -27.451196457950122 ], [ 32.711762980776989, -27.450940107100216 ], [ 32.712061051176683, -27.45017193678537 ], [ 32.712359453426075, -27.450018918937936 ], [ 32.712482501366424, -27.450216750002998 ], [ 32.711951182800881, -27.450912844152406 ], [ 32.712124404817509, -27.451418523945655 ], [ 32.712446550068357, -27.451241528373785 ], [ 32.712105095473802, -27.452050106127437 ], [ 32.712467210193672, -27.452320121276546 ], [ 32.71226496435672, -27.45241412741002 ], [ 32.712521863793064, -27.452426899581646 ], [ 32.712146586595807, -27.452584312416025 ], [ 32.712342105503836, -27.452820761269098 ], [ 32.711766687782465, -27.453051147792131 ], [ 32.71138821349529, -27.453537636053014 ], [ 32.710657195972907, -27.452925483724083 ], [ 32.710738945246192, -27.452387809649679 ] ] ] } },
{ "type": "Feature", "properties": { "geology": "Prominent Reef" }, "geometry": { "type": "Polygon", "coordinates": [ [ [ 32.712498841148644, -27.446223096418741 ], [ 32.714160063436211, -27.44201216932613 ], [ 32.714469789948943, -27.441757502007071 ], [ 32.714937191897974, -27.441792759927804 ], [ 32.715042305558015, -27.4427734769144 ], [ 32.714459641998978, -27.442700114718473 ], [ 32.714132947977191, -27.443745812219365 ], [ 32.714449088454742, -27.444362663506041 ], [ 32.713822559563525, -27.444701606294061 ], [ 32.714030098810085, -27.445048480203106 ], [ 32.713673465458143, -27.445226384090248 ], [ 32.713799922728327, -27.44550545361372 ], [ 32.713449193425539, -27.445704088672702 ], [ 32.713594428540105, -27.445883023182912 ], [ 32.713131105016579, -27.446494833769535 ], [ 32.713095457689327, -27.44697473089904 ], [ 32.712805862500602, -27.446714173020577 ], [ 32.712959548544433, -27.446372826344824 ], [ 32.712498841148644, -27.446223096418741 ] ], [ [ 32.713325354081888, -27.445243754495575 ], [ 32.713502924320558, -27.4451344931623 ], [ 32.713441720059421, -27.445022185825188 ], [ 32.713325354081888, -27.445243754495575 ] ], [ [ 32.713774378384919, -27.444834444254131 ], [ 32.713613497764761, -27.444793632120351 ], [ 32.713643578288547, -27.444869754335603 ], [ 32.713774378384919, -27.444834444254131 ] ], [ [ 32.713878372389047, -27.443912820819964 ], [ 32.714025555435157, -27.443943718827512 ], [ 32.71398422619118, -27.443893926063758 ], [ 32.713878372389047, -27.443912820819964 ] ] ] } },
{ "type": "Feature", "properties": { "geology": "Prominent Reef" }, "geometry": { "type": "Polygon", "coordinates": [ [ [ 32.694304529130761, -27.494051411643273 ], [ 32.69452164255987, -27.493904074813145 ], [ 32.694345393425223, -27.49378925027364 ], [ 32.694680318042352, -27.493783891213575 ], [ 32.694448324430638, -27.493509205885118 ], [ 32.694737572481031, -27.493400169382223 ], [ 32.694695371793998, -27.493178352498958 ], [ 32.695793926048935, -27.493437411207527 ], [ 32.695751433082265, -27.493004512648128 ], [ 32.696116409444848, -27.493154604101679 ], [ 32.695848035558456, -27.494284986263047 ], [ 32.69627944663921, -27.494446625011683 ], [ 32.69640179130964, -27.494823264681848 ], [ 32.696234538992876, -27.49588479474744 ], [ 32.695907209150477, -27.496060512382716 ], [ 32.696193332956042, -27.49719114815294 ], [ 32.695897233870355, -27.497439752242702 ], [ 32.695117245564468, -27.497314255448448 ], [ 32.695092933292315, -27.497014557275946 ], [ 32.694581076955266, -27.496853794466983 ], [ 32.694534461496261, -27.496668856082806 ], [ 32.694864622404474, -27.496602367405252 ], [ 32.694575954416798, -27.496325698172353 ], [ 32.69502350203306, -27.495861779297613 ], [ 32.694597038122879, -27.495516376679426 ], [ 32.694692013725501, -27.49597722347006 ], [ 32.694212468230958, -27.497091203795918 ], [ 32.693950059547731, -27.497166922215605 ], [ 32.693950873434147, -27.496868903976669 ], [ 32.693622173924247, -27.496707195980285 ], [ 32.693711053922122, -27.49649759278963 ], [ 32.693173191889372, -27.496527400818795 ], [ 32.693479010847781, -27.496232429482976 ], [ 32.693440148444203, -27.49577461250832 ], [ 32.693654726684336, -27.495570956534376 ], [ 32.693497269783215, -27.495403923652095 ], [ 32.693684567988512, -27.495397185931346 ], [ 32.693521787100885, -27.495251397733778 ], [ 32.693976309858826, -27.495354909701302 ], [ 32.693949446210041, -27.494749178531702 ], [ 32.694434479367779, -27.494468918305881 ], [ 32.694304529130761, -27.494051411643273 ] ], [ [ 32.695318202672979, -27.495141906174013 ], [ 32.695542727415003, -27.495086451278677 ], [ 32.695243757693319, -27.495099528320491 ], [ 32.695290955013647, -27.494845596646936 ], [ 32.695559916157251, -27.495038867249878 ], [ 32.695663718605786, -27.494897608937443 ], [ 32.695050908872417, -27.494666544325518 ], [ 32.694803016146373, -27.495075460663969 ], [ 32.694284006601677, -27.495279506943575 ], [ 32.695260364574224, -27.495340609581412 ], [ 32.695318202672979, -27.495141906174013 ] ], [ [ 32.695383951208477, -27.494148771348641 ], [ 32.695263745125779, -27.49390159538223 ], [ 32.695219290737747, -27.493997816545988 ], [ 32.695383951208477, -27.494148771348641 ] ], [ [ 32.695475158651711, -27.49517325564117 ], [ 32.695599267792048, -27.495279198476158 ], [ 32.695929596873484, -27.495234339393203 ], [ 32.695889089609878, -27.495168979364816 ], [ 32.695475158651711, -27.49517325564117 ] ], [ [ 32.695454470647363, -27.495437936911252 ], [ 32.69567629022869, -27.495530632732454 ], [ 32.695809063437615, -27.495445970555089 ], [ 32.695454470647363, -27.495437936911252 ] ] ] } },
{ "type": "Feature", "properties": { "geology": "Prominent Reef" }, "geometry": { "type": "Polygon", "coordinates": [ [ [ 32.714814911978621, -27.479087260268756 ], [ 32.714480891180251, -27.480090614090475 ], [ 32.714515189524455, -27.481345735816969 ], [ 32.713825794424949, -27.481918838683463 ], [ 32.714365932641776, -27.481016326742012 ], [ 32.714412397913868, -27.479978907500552 ], [ 32.714814911978621, -27.479087260268756 ] ] ] } },
{ "type": "Feature", "properties": { "geology": "Prominent Reef" }, "geometry": { "type": "Polygon", "coordinates": [ [ [ 32.710599258049399, -27.484622726857303 ], [ 32.710514490651313, -27.484463704236493 ], [ 32.710580633989132, -27.484342976547065 ], [ 32.710599258049399, -27.484622726857303 ] ] ] } },
{ "type": "Feature", "properties": { "geology": "Prominent Reef" }, "geometry": { "type": "Polygon", "coordinates": [ [ [ 32.708863310193678, -27.488732213121075 ], [ 32.708736807058109, -27.488868459511728 ], [ 32.708786817457728, -27.488713726657075 ], [ 32.708863310193678, -27.488732213121075 ] ] ] } },
{ "type": "Feature", "properties": { "geology": "Prominent Reef" }, "geometry": { "type": "Polygon", "coordinates": [ [ [ 32.709386414351606, -27.487649384411469 ], [ 32.708541336713395, -27.488785205672656 ], [ 32.708019063529044, -27.489092070542558 ], [ 32.709125613656191, -27.487680257238029 ], [ 32.709386414351606, -27.487649384411469 ] ] ] } },
{ "type": "Feature", "properties": { "geology": "Prominent Reef" }, "geometry": { "type": "Polygon", "coordinates": [ [ [ 32.709702619580327, -27.487923890774873 ], [ 32.709440685739118, -27.488293858374803 ], [ 32.709401271151819, -27.488295681300585 ], [ 32.709702619580327, -27.487923890774873 ] ] ] } },
{ "type": "Feature", "properties": { "geology": "Prominent Reef" }, "geometry": { "type": "Polygon", "coordinates": [ [ [ 32.706814192321197, -27.486271015095173 ], [ 32.706492298880576, -27.486475053281008 ], [ 32.706821384199635, -27.486219580169436 ], [ 32.706814192321197, -27.486271015095173 ] ] ] } },
{ "type": "Feature", "properties": { "geology": "Prominent Reef" }, "geometry": { "type": "Polygon", "coordinates": [ [ [ 32.706780282484125, -27.485914737874765 ], [ 32.70669259498731, -27.485823958508821 ], [ 32.706745365406334, -27.485816513021629 ], [ 32.706780282484125, -27.485914737874765 ] ] ] } },
{ "type": "Feature", "properties": { "geology": "Prominent Reef" }, "geometry": { "type": "Polygon", "coordinates": [ [ [ 32.706912612327287, -27.485411257823284 ], [ 32.706790265858153, -27.485442399547068 ], [ 32.706894805750721, -27.485380940777741 ], [ 32.706912612327287, -27.485411257823284 ] ] ] } },
{ "type": "Feature", "properties": { "geology": "Prominent Reef" }, "geometry": { "type": "Polygon", "coordinates": [ [ [ 32.707081243304806, -27.485254977235357 ], [ 32.707037899579504, -27.485173707300724 ], [ 32.70705322222846, -27.485067842706719 ], [ 32.707081243304806, -27.485254977235357 ] ] ] } },
{ "type": "Feature", "properties": { "geology": "Prominent Reef" }, "geometry": { "type": "Polygon", "coordinates": [ [ [ 32.70730988784117, -27.484842147946711 ], [ 32.707284409148201, -27.484646883546787 ], [ 32.707384000970933, -27.484645405061364 ], [ 32.707402284188099, -27.484660535255419 ], [ 32.70730988784117, -27.484842147946711 ] ] ] } },
{ "type": "Feature", "properties": { "geology": "Prominent Reef" }, "geometry": { "type": "Polygon", "coordinates": [ [ [ 32.706300617379675, -27.48912350094875 ], [ 32.707127470256623, -27.488078416785484 ], [ 32.706699839925705, -27.486886574056072 ], [ 32.707986091684873, -27.484102165982112 ], [ 32.708576560459989, -27.483428171772687 ], [ 32.706859799640121, -27.486827192720718 ], [ 32.707298717362008, -27.488176595773165 ], [ 32.706300617379675, -27.48912350094875 ] ] ] } },
{ "type": "Feature", "properties": { "geology": "Prominent Reef" }, "geometry": { "type": "Polygon", "coordinates": [ [ [ 32.706222750479576, -27.487343109496852 ], [ 32.70617576809731, -27.487442561025325 ], [ 32.706187916139513, -27.4872631750554 ], [ 32.706222750479576, -27.487343109496852 ] ] ] } },
{ "type": "Feature", "properties": { "geology": "Prominent Reef" }, "geometry": { "type": "Polygon", "coordinates": [ [ [ 32.70591364539851, -27.488677580206076 ], [ 32.705815512276089, -27.488662188309316 ], [ 32.70598818300828, -27.488524967952873 ], [ 32.70591364539851, -27.488677580206076 ] ] ] } },
{ "type": "Feature", "properties": { "geology": "Prominent Reef" }, "geometry": { "type": "Polygon", "coordinates": [ [ [ 32.704965202382255, -27.507292372045281 ], [ 32.705374203256973, -27.506130223131212 ], [ 32.705848105505723, -27.505154156539007 ], [ 32.705949909660646, -27.504449222953198 ], [ 32.706185905255396, -27.503991168557516 ], [ 32.70589666799691, -27.505167693134432 ], [ 32.704965202382255, -27.507292372045281 ] ] ] } },
{ "type": "Feature", "properties": { "geology": "Prominent Reef" }, "geometry": { "type": "Polygon", "coordinates": [ [ [ 32.713377675739217, -27.503363661203945 ], [ 32.713285439471541, -27.503208163925592 ], [ 32.713385559196226, -27.503181286786901 ], [ 32.713377675739217, -27.503363661203945 ] ] ] } },
{ "type": "Feature", "properties": { "geology": "Prominent Reef" }, "geometry": { "type": "Polygon", "coordinates": [ [ [ 32.68611708953209, -27.528529308180918 ], [ 32.685866925118539, -27.528764289340394 ], [ 32.68546612156436, -27.528413003357397 ], [ 32.686190541660217, -27.527907490837993 ], [ 32.686123740018651, -27.527585998494974 ], [ 32.685889195929747, -27.527853355248087 ], [ 32.685585895972416, -27.527721234047668 ], [ 32.68544349372231, -27.527390736793052 ], [ 32.68565954685068, -27.527337013092584 ], [ 32.685366197891774, -27.527290641349961 ], [ 32.685632242534076, -27.527259763127475 ], [ 32.685356571548631, -27.527225033108721 ], [ 32.685556963882838, -27.527141156938807 ], [ 32.685491620042278, -27.526997610751103 ], [ 32.685178494092305, -27.527267755402551 ], [ 32.685486021762522, -27.527502272511796 ], [ 32.685198109205459, -27.527619678105623 ], [ 32.68543357330082, -27.527652557319609 ], [ 32.685070179745054, -27.528056407776894 ], [ 32.685177205363829, -27.528362617940456 ], [ 32.684895946890506, -27.528437782377694 ], [ 32.684487173544255, -27.528148912941987 ], [ 32.684832383707601, -27.527513719082808 ], [ 32.684670388827428, -27.527263391891953 ], [ 32.68482782504416, -27.526593206311343 ], [ 32.685151962293311, -27.526403353132196 ], [ 32.684968640890141, -27.526019372296116 ], [ 32.685240030203303, -27.525774971637599 ], [ 32.685112616054461, -27.525562474428611 ], [ 32.68471374874062, -27.525656056082074 ], [ 32.684732842246966, -27.52418198810825 ], [ 32.685456759621822, -27.522476670262041 ], [ 32.685353692818687, -27.522306767643158 ], [ 32.685589075975145, -27.522253494503097 ], [ 32.68552921799909, -27.521713214193408 ], [ 32.685739995704338, -27.521744637405032 ], [ 32.68589871705224, -27.521221973914912 ], [ 32.685681984036371, -27.520831372269953 ], [ 32.685852490999693, -27.520566447283635 ], [ 32.685123512240395, -27.520069973850156 ], [ 32.685575032162014, -27.518777214596749 ], [ 32.685111886704235, -27.518317732976922 ], [ 32.685233463353704, -27.517753767222523 ], [ 32.685504421891658, -27.517665728090844 ], [ 32.686006779589263, -27.518328264937427 ], [ 32.686507266697049, -27.518511828258227 ], [ 32.686916107492443, -27.517242693295582 ], [ 32.687221791552496, -27.517257916119881 ], [ 32.68838800000627, -27.517683777484269 ], [ 32.688353410281721, -27.517945922666122 ], [ 32.6878585205544, -27.517756169311713 ], [ 32.688042570408392, -27.518521511258641 ], [ 32.687734987879409, -27.51873964631756 ], [ 32.688385913579118, -27.519168338747811 ], [ 32.687876519585799, -27.519354180950671 ], [ 32.687901660133569, -27.520194341995246 ], [ 32.687726565728504, -27.520160519392405 ], [ 32.688004458039352, -27.520356261332285 ], [ 32.687703174362056, -27.520687331455132 ], [ 32.687962381458838, -27.520834670083875 ], [ 32.687593088350425, -27.520875658484755 ], [ 32.687761135667955, -27.521196631918979 ], [ 32.68747372403319, -27.521039895374823 ], [ 32.687670115283638, -27.521348263911161 ], [ 32.687379699913244, -27.521228540764511 ], [ 32.687378189951616, -27.521508139089295 ], [ 32.687720111294176, -27.52147192878645 ], [ 32.687664603338845, -27.521682273018435 ], [ 32.687411439686215, -27.521613718598172 ], [ 32.687696439339291, -27.521814539009711 ], [ 32.687401303427471, -27.522179061214644 ], [ 32.687179785119028, -27.521952758512956 ], [ 32.687037934153402, -27.522326002343082 ], [ 32.687554590172269, -27.52285847653744 ], [ 32.687811832250347, -27.52209119655145 ], [ 32.688250065588129, -27.522216141161923 ], [ 32.687460437449282, -27.524274225275224 ], [ 32.687205119021087, -27.525652301412517 ], [ 32.686950145033236, -27.52591999900865 ], [ 32.686937593195395, -27.526813139115003 ], [ 32.686583320563855, -27.527065847710684 ], [ 32.686541767388682, -27.527538587136071 ], [ 32.68697723081462, -27.527568736907643 ], [ 32.687289909801606, -27.527040391500829 ], [ 32.687636637121166, -27.527068660789983 ], [ 32.687997272456229, -27.526292109693067 ], [ 32.688353523596291, -27.526224648848395 ], [ 32.688594714574485, -27.527059732320748 ], [ 32.687491840875822, -27.527637808438005 ], [ 32.687417654900933, -27.528249187350081 ], [ 32.687034576084898, -27.527803862857876 ], [ 32.686693302254163, -27.529362733303433 ], [ 32.68611708953209, -27.528529308180918 ] ], [ [ 32.686971770131187, -27.523271880492874 ], [ 32.687201160205454, -27.523572888078238 ], [ 32.686746578991475, -27.523798184438583 ], [ 32.686968396774198, -27.523819439015885 ], [ 32.686873950872197, -27.524040146135789 ], [ 32.686399306682674, -27.523972541399615 ], [ 32.686817487836819, -27.524286217734687 ], [ 32.686043866731097, -27.524245165481904 ], [ 32.686018572399256, -27.524676071143723 ], [ 32.686698014701683, -27.524354884570254 ], [ 32.686767551181617, -27.524476755298007 ], [ 32.686983457720416, -27.524458643851272 ], [ 32.687398864466076, -27.523505633178399 ], [ 32.687279037897362, -27.523255924721099 ], [ 32.687611385057437, -27.523197818624407 ], [ 32.687331739068568, -27.523150723826799 ], [ 32.687417254702666, -27.523040036168712 ], [ 32.687376394904746, -27.522932486245217 ], [ 32.686971770131187, -27.523271880492874 ] ], [ [ 32.686539847336135, -27.524876142420009 ], [ 32.686773184534928, -27.525010759239045 ], [ 32.686770437106006, -27.525376136699329 ], [ 32.685956139664142, -27.525481432921747 ], [ 32.685836930929653, -27.526318459828985 ], [ 32.685500781435991, -27.526452973226078 ], [ 32.685470098366423, -27.52660573656545 ], [ 32.685599361521405, -27.526717124795411 ], [ 32.685570521162667, -27.526535627217349 ], [ 32.685804081393314, -27.526734930472625 ], [ 32.686029369659735, -27.526552779087478 ], [ 32.685989088125993, -27.525568193217499 ], [ 32.68673725302191, -27.525526032100636 ], [ 32.687060073663552, -27.524811880463801 ], [ 32.686539847336135, -27.524876142420009 ] ], [ [ 32.68639539732979, -27.522104698073274 ], [ 32.686401326560045, -27.521788375932772 ], [ 32.686063413495781, -27.521800171440713 ], [ 32.686126148403176, -27.522230724568249 ], [ 32.68639539732979, -27.522104698073274 ] ], [ [ 32.685663048810717, -27.524387902279837 ], [ 32.685707213617079, -27.524083755161111 ], [ 32.685258156039176, -27.523996198965339 ], [ 32.685663048810717, -27.524387902279837 ] ], [ [ 32.68739006190193, -27.521955418707517 ], [ 32.687420353766399, -27.52168514815104 ], [ 32.687346573385689, -27.521649891129488 ], [ 32.68739006190193, -27.521955418707517 ] ], [ [ 32.686341493764978, -27.51908523599478 ], [ 32.68640040655356, -27.519267478211507 ], [ 32.68644088953544, -27.519238987689103 ], [ 32.686341493764978, -27.51908523599478 ] ], [ [ 32.687574631564097, -27.527177776433192 ], [ 32.687570723110412, -27.527270826587294 ], [ 32.687699631932539, -27.527214854581807 ], [ 32.687574631564097, -27.527177776433192 ] ], [ [ 32.687249922346105, -27.521474710389501 ], [ 32.687224131588444, -27.521603290059787 ], [ 32.687290609474097, -27.521535478479496 ], [ 32.687249922346105, -27.521474710389501 ] ] ] } },
{ "type": "Feature", "properties": { "geology": "Prominent Reef" }, "geometry": { "type": "Polygon", "coordinates": [ [ [ 32.68763616947372, -27.557861772302854 ], [ 32.687958526065216, -27.558228764046209 ], [ 32.68862842386276, -27.557796815170825 ], [ 32.68901500463884, -27.557804189611549 ], [ 32.688055329090247, -27.558391517954107 ], [ 32.687671654023674, -27.558208619232346 ], [ 32.68763616947372, -27.557861772302854 ] ] ] } },
{ "type": "Feature", "properties": { "geology": "Prominent Reef" }, "geometry": { "type": "Polygon", "coordinates": [ [ [ 32.712326763069719, -27.50959019113434 ], [ 32.712667426260772, -27.509564741219769 ], [ 32.712694073173012, -27.509682762849177 ], [ 32.712326763069719, -27.50959019113434 ] ] ] } },
{ "type": "Feature", "properties": { "geology": "Prominent Reef" }, "geometry": { "type": "Polygon", "coordinates": [ [ [ 32.713071749761511, -27.506490907928985 ], [ 32.713437692895297, -27.506540385930009 ], [ 32.713461638244063, -27.506575508053242 ], [ 32.713071749761511, -27.506490907928985 ] ] ] } },
{ "type": "Feature", "properties": { "geology": "Prominent Reef" }, "geometry": { "type": "Polygon", "coordinates": [ [ [ 32.713398968088008, -27.505284916165873 ], [ 32.713652444704671, -27.505451279952595 ], [ 32.713971292141522, -27.505356772896747 ], [ 32.714200831503227, -27.505399052724048 ], [ 32.713572656852755, -27.505660228436707 ], [ 32.713398968088008, -27.505284916165873 ] ] ] } },
{ "type": "Feature", "properties": { "geology": "Prominent Reef" }, "geometry": { "type": "Polygon", "coordinates": [ [ [ 32.713003004685035, -27.504594861863314 ], [ 32.713073480956474, -27.504817652712472 ], [ 32.713145455498399, -27.505204845027539 ], [ 32.712928655033458, -27.505127335158342 ], [ 32.713003004685035, -27.504594861863314 ] ] ] } },
{ "type": "Feature", "properties": { "geology": "Prominent Reef" }, "geometry": { "type": "Polygon", "coordinates": [ [ [ 32.711362909270967, -27.50959349794152 ], [ 32.711720872720164, -27.509701473244355 ], [ 32.711338312812941, -27.509675935196206 ], [ 32.711362909270967, -27.50959349794152 ] ] ] } },
{ "type": "Feature", "properties": { "geology": "Prominent Reef" }, "geometry": { "type": "Polygon", "coordinates": [ [ [ 32.711643104745512, -27.509085131873267 ], [ 32.711795591993038, -27.509185815472925 ], [ 32.711630810113839, -27.509175610865718 ], [ 32.711643104745512, -27.509085131873267 ] ] ] } },
{ "type": "Feature", "properties": { "geology": "Prominent Reef" }, "geometry": { "type": "Polygon", "coordinates": [ [ [ 32.711581496688773, -27.50881527140761 ], [ 32.711778262956535, -27.508898104364011 ], [ 32.711576277023617, -27.508895013394078 ], [ 32.711581496688773, -27.50881527140761 ] ] ] } },
{ "type": "Feature", "properties": { "geology": "Prominent Reef" }, "geometry": { "type": "Polygon", "coordinates": [ [ [ 32.712138500791227, -27.508738977421821 ], [ 32.712278258135136, -27.508794947628719 ], [ 32.712151069716121, -27.508799824652158 ], [ 32.712138500791227, -27.508738977421821 ] ] ] } },
{ "type": "Feature", "properties": { "geology": "Prominent Reef" }, "geometry": { "type": "Polygon", "coordinates": [ [ [ 32.712486414316615, -27.508791240623182 ], [ 32.712732633404372, -27.508822687217226 ], [ 32.712472402879158, -27.50884895371621 ], [ 32.712486414316615, -27.508791240623182 ] ] ] } },
{ "type": "Feature", "properties": { "geology": "Prominent Reef" }, "geometry": { "type": "Polygon", "coordinates": [ [ [ 32.703886384648982, -27.493805402996891 ], [ 32.704251620915606, -27.49500780016977 ], [ 32.704178997063181, -27.495434349515534 ], [ 32.703595459363029, -27.493598803541897 ], [ 32.703886384648982, -27.493805402996891 ] ] ] } },
{ "type": "Feature", "properties": { "geology": "Scattered Reef" }, "geometry": { "type": "Polygon", "coordinates": [ [ [ 32.683936796545993, -27.528186746521115 ], [ 32.683989420375511, -27.528914590336008 ], [ 32.683593032492539, -27.529205965283033 ], [ 32.683584034775421, -27.528401294184341 ], [ 32.683936796545993, -27.528186746521115 ] ] ] } },
{ "type": "Feature", "properties": { "geology": "Scattered Reef" }, "geometry": { "type": "Polygon", "coordinates": [ [ [ 32.684269971082401, -27.528920396359194 ], [ 32.684556181222867, -27.528964632211977 ], [ 32.684492658509448, -27.529253418010825 ], [ 32.683960767075824, -27.52921323720107 ], [ 32.684269971082401, -27.528920396359194 ] ] ] } },
{ "type": "Feature", "properties": { "geology": "Scattered Reef" }, "geometry": { "type": "Polygon", "coordinates": [ [ [ 32.685105604040501, -27.528346729617837 ], [ 32.685489352851391, -27.528338967569272 ], [ 32.685475043738322, -27.528419010828671 ], [ 32.685105604040501, -27.528346729617837 ] ] ] } },
{ "type": "Feature", "properties": { "geology": "Scattered Reef" }, "geometry": { "type": "Polygon", "coordinates": [ [ [ 32.685848326239309, -27.528745035754717 ], [ 32.686009901136089, -27.528807059298295 ], [ 32.685967655483005, -27.529314379455009 ], [ 32.685758754662857, -27.529056072579621 ], [ 32.685848326239309, -27.528745035754717 ] ] ] } },
{ "type": "Feature", "properties": { "geology": "Scattered Reef" }, "geometry": { "type": "Polygon", "coordinates": [ [ [ 32.686418658294492, -27.528933015646111 ], [ 32.686727972018332, -27.529613501162075 ], [ 32.686438388520848, -27.529722229197475 ], [ 32.686231122668282, -27.529657655176564 ], [ 32.686418658294492, -27.528933015646111 ] ] ] } },
{ "type": "Feature", "properties": { "geology": "Scattered Reef" }, "geometry": { "type": "Polygon", "coordinates": [ [ [ 32.692168115865897, -27.5265285459556 ], [ 32.692319049084936, -27.525990613775797 ], [ 32.692569694635715, -27.52633271858009 ], [ 32.692168115865897, -27.5265285459556 ] ] ] } },
{ "type": "Feature", "properties": { "geology": "Scattered Reef" }, "geometry": { "type": "Polygon", "coordinates": [ [ [ 32.692355900604362, -27.52713061058914 ], [ 32.692699822938536, -27.527203341460968 ], [ 32.692768005938788, -27.527294377133689 ], [ 32.692557266005046, -27.52737185732531 ], [ 32.692355900604362, -27.52713061058914 ] ] ] } },
{ "type": "Feature", "properties": { "geology": "Scattered Reef" }, "geometry": { "type": "Polygon", "coordinates": [ [ [ 32.693239678768229, -27.527356352113937 ], [ 32.69353580123628, -27.527253035299292 ], [ 32.693474017811795, -27.527547112709023 ], [ 32.693239678768229, -27.527356352113937 ] ] ] } },
{ "type": "Feature", "properties": { "geology": "Scattered Reef" }, "geometry": { "type": "Polygon", "coordinates": [ [ [ 32.692830094233493, -27.528425641530067 ], [ 32.69247674520571, -27.528630112289832 ], [ 32.692417766766575, -27.528389923156411 ], [ 32.692830094233493, -27.528425641530067 ] ] ] } },
{ "type": "Feature", "properties": { "geology": "Scattered Reef" }, "geometry": { "type": "Polygon", "coordinates": [ [ [ 32.691122357211079, -27.528727750785045 ], [ 32.691385559096304, -27.528839348557021 ], [ 32.691251495360369, -27.528972056115439 ], [ 32.691122357211079, -27.528727750785045 ] ] ] } },
{ "type": "Feature", "properties": { "geology": "Scattered Reef" }, "geometry": { "type": "Polygon", "coordinates": [ [ [ 32.693668804671638, -27.529025008197515 ], [ 32.694152585073773, -27.52893544201698 ], [ 32.693668130180114, -27.529269637283875 ], [ 32.693668804671638, -27.529025008197515 ] ] ] } },
{ "type": "Feature", "properties": { "geology": "Scattered Reef" }, "geometry": { "type": "Polygon", "coordinates": [ [ [ 32.693817304325194, -27.528820702913052 ], [ 32.693927058487027, -27.528795151375128 ], [ 32.693916300796658, -27.528829063910084 ], [ 32.693817304325194, -27.528820702913052 ] ] ] } },
{ "type": "Feature", "properties": { "geology": "Scattered Reef" }, "geometry": { "type": "Polygon", "coordinates": [ [ [ 32.693683207314251, -27.528196871088671 ], [ 32.694272203899104, -27.528263618770954 ], [ 32.694155382864686, -27.528848681721225 ], [ 32.693779325955212, -27.528703482579559 ], [ 32.69396469511468, -27.528330651538283 ], [ 32.693683207314251, -27.528196871088671 ] ] ] } },
{ "type": "Feature", "properties": { "geology": "Scattered Reef" }, "geometry": { "type": "Polygon", "coordinates": [ [ [ 32.695146239707256, -27.525539958102517 ], [ 32.695486593531584, -27.52564902698094 ], [ 32.695293522578119, -27.526820183504608 ], [ 32.694952920540899, -27.526316585641847 ], [ 32.695146239707256, -27.525539958102517 ] ] ] } },
{ "type": "Feature", "properties": { "geology": "Scattered Reef" }, "geometry": { "type": "Polygon", "coordinates": [ [ [ 32.696686470804046, -27.521557623385554 ], [ 32.696812973040345, -27.522349082544039 ], [ 32.696593898189903, -27.522833914253674 ], [ 32.695555214501645, -27.522452041428526 ], [ 32.696708823453505, -27.523545342743279 ], [ 32.696624375314762, -27.523702117058967 ], [ 32.695811861228528, -27.523431934636015 ], [ 32.695558256908143, -27.52295049337047 ], [ 32.695577142671041, -27.523523857939669 ], [ 32.6959868845871, -27.524160909798077 ], [ 32.69559825605473, -27.524078717158986 ], [ 32.695549528088307, -27.523832330797362 ], [ 32.695465605153643, -27.523757197836368 ], [ 32.695793872089574, -27.524934087538011 ], [ 32.695313840061736, -27.524477807504702 ], [ 32.695449662871731, -27.522373807605081 ], [ 32.696171338236695, -27.52110691914892 ], [ 32.696686470804046, -27.521557623385554 ] ] ] } },
{ "type": "Feature", "properties": { "geology": "Scattered Reef" }, "geometry": { "type": "Polygon", "coordinates": [ [ [ 32.714436484456272, -27.441411392521747 ], [ 32.714250646750017, -27.441566690150577 ], [ 32.714216881703805, -27.441475636491383 ], [ 32.714436484456272, -27.441411392521747 ] ] ] } },
{ "type": "Feature", "properties": { "geology": "Scattered Reef" }, "geometry": { "type": "Polygon", "coordinates": [ [ [ 32.712479556986004, -27.448029631162516 ], [ 32.712591726726885, -27.4480861139829 ], [ 32.712311314515617, -27.448161273024311 ], [ 32.712479556986004, -27.448029631162516 ] ] ] } },
{ "type": "Feature", "properties": { "geology": "Scattered Reef" }, "geometry": { "type": "Polygon", "coordinates": [ [ [ 32.710537096909576, -27.451433023714994 ], [ 32.710446375100204, -27.451488291551374 ], [ 32.710375748641958, -27.451372369838946 ], [ 32.710537096909576, -27.451433023714994 ] ] ] } },
{ "type": "Feature", "properties": { "geology": "Scattered Reef" }, "geometry": { "type": "Polygon", "coordinates": [ [ [ 32.710338571567917, -27.451401488987475 ], [ 32.710333035341392, -27.451432606429552 ], [ 32.710321094143232, -27.451409225855027 ], [ 32.710338571567917, -27.451401488987475 ] ] ] } },
{ "type": "Feature", "properties": { "geology": "Scattered Reef" }, "geometry": { "type": "Polygon", "coordinates": [ [ [ 32.710683536216315, -27.451818640417876 ], [ 32.710745865529304, -27.45177013818131 ], [ 32.710776368734457, -27.451784790835408 ], [ 32.710683536216315, -27.451818640417876 ] ] ] } },
{ "type": "Feature", "properties": { "geology": "Scattered Reef" }, "geometry": { "type": "Polygon", "coordinates": [ [ [ 32.710499363155108, -27.452146397438231 ], [ 32.710588839403449, -27.452147557563691 ], [ 32.710590895253695, -27.452197170463005 ], [ 32.710499363155108, -27.452146397438231 ] ] ] } },
{ "type": "Feature", "properties": { "geology": "Scattered Reef" }, "geometry": { "type": "Polygon", "coordinates": [ [ [ 32.710753284936203, -27.452330417614615 ], [ 32.710656053833873, -27.452376917061013 ], [ 32.710642008222209, -27.452322421742331 ], [ 32.710753284936203, -27.452330417614615 ] ] ] } },
{ "type": "Feature", "properties": { "geology": "Scattered Reef" }, "geometry": { "type": "Polygon", "coordinates": [ [ [ 32.710762323122786, -27.453215673364582 ], [ 32.710826488851396, -27.453140134809306 ], [ 32.710836149368859, -27.453211430363165 ], [ 32.710762323122786, -27.453215673364582 ] ] ] } },
{ "type": "Feature", "properties": { "geology": "Scattered Reef" }, "geometry": { "type": "Polygon", "coordinates": [ [ [ 32.710638944231981, -27.453352827171177 ], [ 32.710622673697443, -27.453467944889734 ], [ 32.710578350610454, -27.453478821290499 ], [ 32.710638944231981, -27.453352827171177 ] ] ] } },
{ "type": "Feature", "properties": { "geology": "Scattered Reef" }, "geometry": { "type": "Polygon", "coordinates": [ [ [ 32.710964759616033, -27.454952132035217 ], [ 32.711006555608122, -27.454734807265453 ], [ 32.711253013016226, -27.45471242134111 ], [ 32.710964759616033, -27.454952132035217 ] ] ] } },
{ "type": "Feature", "properties": { "geology": "Scattered Reef" }, "geometry": { "type": "Polygon", "coordinates": [ [ [ 32.712293057378751, -27.45470581492139 ], [ 32.71223230097997, -27.454980861777315 ], [ 32.712162919183449, -27.454960648614961 ], [ 32.712293057378751, -27.45470581492139 ] ] ] } },
{ "type": "Feature", "properties": { "geology": "Scattered Reef" }, "geometry": { "type": "Polygon", "coordinates": [ [ [ 32.712667926283864, -27.454870507767659 ], [ 32.712576621713744, -27.454814081604535 ], [ 32.712702676987057, -27.454848015723293 ], [ 32.712667926283864, -27.454870507767659 ] ] ] } },
{ "type": "Feature", "properties": { "geology": "Scattered Reef" }, "geometry": { "type": "Polygon", "coordinates": [ [ [ 32.711743095867277, -27.455933948892582 ], [ 32.711793709711969, -27.455858859998326 ], [ 32.711906246376245, -27.455831440568474 ], [ 32.711743095867277, -27.455933948892582 ] ] ] } },
{ "type": "Feature", "properties": { "geology": "Scattered Reef" }, "geometry": { "type": "Polygon", "coordinates": [ [ [ 32.713644827446942, -27.45582159568999 ], [ 32.713648232280171, -27.45578807346077 ], [ 32.713693577896386, -27.455785214515942 ], [ 32.713644827446942, -27.45582159568999 ] ] ] } },
{ "type": "Feature", "properties": { "geology": "Scattered Reef" }, "geometry": { "type": "Polygon", "coordinates": [ [ [ 32.712507580760324, -27.464789364437575 ], [ 32.712376048615823, -27.464434584588414 ], [ 32.713061513678014, -27.464022419898683 ], [ 32.713070265880134, -27.463484111802305 ], [ 32.713660186968141, -27.463019222558984 ], [ 32.713728764770764, -27.462516790217609 ], [ 32.714053024327683, -27.462989605186056 ], [ 32.71382210090929, -27.463991646896961 ], [ 32.713448720382225, -27.464402742292684 ], [ 32.712507580760324, -27.464789364437575 ] ] ] } },
{ "type": "Feature", "properties": { "geology": "Scattered Reef" }, "geometry": { "type": "Polygon", "coordinates": [ [ [ 32.705838407216831, -27.472740174419446 ], [ 32.705880594413976, -27.473206807448154 ], [ 32.705133948473041, -27.47309947605989 ], [ 32.705434484813722, -27.472823644095847 ], [ 32.705200113394589, -27.472372345407411 ], [ 32.705838407216831, -27.472740174419446 ] ] ] } },
{ "type": "Feature", "properties": { "geology": "Scattered Reef" }, "geometry": { "type": "Polygon", "coordinates": [ [ [ 32.702427186065869, -27.481239654486458 ], [ 32.702379306160083, -27.481929266322513 ], [ 32.701767974912215, -27.483323816241043 ], [ 32.701458794287994, -27.483614646198927 ], [ 32.700915699999612, -27.483592950953867 ], [ 32.701168238623403, -27.482119633913914 ], [ 32.701615120741323, -27.481968680010546 ], [ 32.702008231494787, -27.481275701112668 ], [ 32.702427186065869, -27.481239654486458 ] ] ] } },
{ "type": "Feature", "properties": { "geology": "Scattered Reef" }, "geometry": { "type": "Polygon", "coordinates": [ [ [ 32.70577036541011, -27.477695273418053 ], [ 32.705073436689844, -27.477554173386352 ], [ 32.704926669130593, -27.477089276948515 ], [ 32.705863034251692, -27.477093806833672 ], [ 32.705998542298985, -27.477510425865429 ], [ 32.70577036541011, -27.477695273418053 ] ] ] } },
{ "type": "Feature", "properties": { "geology": "Scattered Reef" }, "geometry": { "type": "Polygon", "coordinates": [ [ [ 32.69732296058627, -27.492105052106414 ], [ 32.697304747516121, -27.492223321948675 ], [ 32.697169634271255, -27.492154768427799 ], [ 32.69732296058627, -27.492105052106414 ] ] ] } },
{ "type": "Feature", "properties": { "geology": "Scattered Reef" }, "geometry": { "type": "Polygon", "coordinates": [ [ [ 32.703022387073531, -27.492515018852995 ], [ 32.703538344319249, -27.493519193755716 ], [ 32.70355395385198, -27.496055901558574 ], [ 32.703972269005085, -27.496807797741599 ], [ 32.703600397540377, -27.498012332603015 ], [ 32.703103842268575, -27.497899420022151 ], [ 32.703479848816016, -27.496413978322369 ], [ 32.703180757685857, -27.495931558594521 ], [ 32.703352310560732, -27.494883688331512 ], [ 32.703113206909016, -27.494072925225229 ], [ 32.703310327509691, -27.49342231698628 ], [ 32.703022387073531, -27.492515018852995 ] ] ] } },
{ "type": "Feature", "properties": { "geology": "Scattered Reef" }, "geometry": { "type": "Polygon", "coordinates": [ [ [ 32.692646010205266, -27.504985794458729 ], [ 32.693123522332755, -27.504626672682775 ], [ 32.693271110973036, -27.504793752329768 ], [ 32.693053462447402, -27.506261087079434 ], [ 32.692715313760793, -27.506239114843247 ], [ 32.692646010205266, -27.504985794458729 ] ] ] } },
{ "type": "Feature", "properties": { "geology": "Scattered Reef" }, "geometry": { "type": "Polygon", "coordinates": [ [ [ 32.687322032685728, -27.504121509999656 ], [ 32.687557669450975, -27.504360866360837 ], [ 32.687380157668215, -27.504625736488492 ], [ 32.687235177961156, -27.504523969205735 ], [ 32.687322032685728, -27.504121509999656 ] ] ] } },
{ "type": "Feature", "properties": { "geology": "Scattered Reef" }, "geometry": { "type": "Polygon", "coordinates": [ [ [ 32.687012766625941, -27.505556691288195 ], [ 32.68688417796249, -27.505644658474175 ], [ 32.686856193758416, -27.505597749836237 ], [ 32.687012766625941, -27.505556691288195 ] ] ] } },
{ "type": "Feature", "properties": { "geology": "Scattered Reef" }, "geometry": { "type": "Polygon", "coordinates": [ [ [ 32.691063199806869, -27.503658491346215 ], [ 32.691358676561762, -27.503652811228186 ], [ 32.691222759322955, -27.50385272692176 ], [ 32.691063199806869, -27.503658491346215 ] ] ] } },
{ "type": "Feature", "properties": { "geology": "Scattered Reef" }, "geometry": { "type": "Polygon", "coordinates": [ [ [ 32.69732296058627, -27.492105052106414 ], [ 32.697304747516121, -27.492223321948675 ], [ 32.697169634271255, -27.492154768427799 ], [ 32.69732296058627, -27.492105052106414 ] ] ] } },
{ "type": "Feature", "properties": { "geology": "Scattered Reef" }, "geometry": { "type": "Polygon", "coordinates": [ [ [ 32.690155408845094, -27.504247035572156 ], [ 32.690668906444991, -27.504145811480001 ], [ 32.690385851126159, -27.504736281154411 ], [ 32.690155408845094, -27.504247035572156 ] ] ] } },
{ "type": "Feature", "properties": { "geology": "Scattered Reef" }, "geometry": { "type": "Polygon", "coordinates": [ [ [ 32.690469262346689, -27.505617152709362 ], [ 32.690163635843234, -27.50579160409923 ], [ 32.690162570146548, -27.505398745155887 ], [ 32.690277212123689, -27.505557674247168 ], [ 32.690395605173123, -27.505409437195745 ], [ 32.690469262346689, -27.505617152709362 ] ] ] } },
{ "type": "Feature", "properties": { "geology": "Scattered Reef" }, "geometry": { "type": "Polygon", "coordinates": [ [ [ 32.691343738822525, -27.509343146469011 ], [ 32.691542757892059, -27.509371520079519 ], [ 32.69158065352444, -27.509448602770782 ], [ 32.691455886080405, -27.509547351928664 ], [ 32.691343738822525, -27.509343146469011 ] ] ] } },
{ "type": "Feature", "properties": { "geology": "Scattered Reef" }, "geometry": { "type": "Polygon", "coordinates": [ [ [ 32.692356897952564, -27.509585484082795 ], [ 32.692581924516283, -27.509713987310636 ], [ 32.692279683960329, -27.509742009286242 ], [ 32.692356897952564, -27.509585484082795 ] ] ] } },
{ "type": "Feature", "properties": { "geology": "Scattered Reef" }, "geometry": { "type": "Polygon", "coordinates": [ [ [ 32.693169047813377, -27.509810266930195 ], [ 32.692899444553817, -27.509687209097351 ], [ 32.692982774835215, -27.509548354672773 ], [ 32.693169047813377, -27.509810266930195 ] ] ] } },
{ "type": "Feature", "properties": { "geology": "Scattered Reef" }, "geometry": { "type": "Polygon", "coordinates": [ [ [ 32.69342069430963, -27.508504569130523 ], [ 32.693659127966463, -27.507554022600019 ], [ 32.693913118995333, -27.507590123185611 ], [ 32.693831648511875, -27.508155767074907 ], [ 32.694064735699037, -27.508268526771065 ], [ 32.694058707543377, -27.508575889865366 ], [ 32.693724218198192, -27.509020746710053 ], [ 32.69342069430963, -27.508504569130523 ] ] ] } },
{ "type": "Feature", "properties": { "geology": "Scattered Reef" }, "geometry": { "type": "Polygon", "coordinates": [ [ [ 32.695800093599466, -27.508266403471687 ], [ 32.696017594636331, -27.508149615712131 ], [ 32.696398616702815, -27.508415014641173 ], [ 32.696186222915905, -27.50912004175651 ], [ 32.696508702714517, -27.509154040626402 ], [ 32.696246320111683, -27.510109663829869 ], [ 32.695857469446715, -27.510673362485662 ], [ 32.696026207443587, -27.510731402032551 ], [ 32.69569832092084, -27.510703312607763 ], [ 32.695415829476971, -27.511147840300563 ], [ 32.694946040727274, -27.511059727424414 ], [ 32.695355125238919, -27.510318615011979 ], [ 32.695301867387364, -27.509778153938598 ], [ 32.695553184731828, -27.510126637634176 ], [ 32.695878107988371, -27.509725053468379 ], [ 32.695641748168207, -27.50942729423415 ], [ 32.695911979154609, -27.508600914400596 ], [ 32.695800093599466, -27.508266403471687 ] ] ] } },
{ "type": "Feature", "properties": { "geology": "Scattered Reef" }, "geometry": { "type": "Polygon", "coordinates": [ [ [ 32.694704712152813, -27.508928639045344 ], [ 32.695076870501218, -27.508949932293511 ], [ 32.695051770422928, -27.509600988394862 ], [ 32.694545250662841, -27.50950426361085 ], [ 32.694704712152813, -27.508928639045344 ] ] ] } },
{ "type": "Feature", "properties": { "geology": "Scattered Reef" }, "geometry": { "type": "Polygon", "coordinates": [ [ [ 32.694181957831127, -27.508996028843629 ], [ 32.694388273100387, -27.509161583240381 ], [ 32.694357224006794, -27.50922251590632 ], [ 32.694080825469769, -27.509151329170408 ], [ 32.694181957831127, -27.508996028843629 ] ] ] } },
{ "type": "Feature", "properties": { "geology": "Scattered Reef" }, "geometry": { "type": "Polygon", "coordinates": [ [ [ 32.696395038300423, -27.510670941510693 ], [ 32.696812788679331, -27.511020112288318 ], [ 32.696536942326084, -27.510885636662731 ], [ 32.696370955355363, -27.511252798377857 ], [ 32.696056843748437, -27.512415948237368 ], [ 32.69636515922484, -27.512718278725519 ], [ 32.695965073329532, -27.513168734749275 ], [ 32.696088756191266, -27.513732135729398 ], [ 32.695849255938484, -27.514487785682729 ], [ 32.69555559311619, -27.514584680438585 ], [ 32.695357226055215, -27.515678981799471 ], [ 32.694776713674507, -27.51735947206198 ], [ 32.694569077301139, -27.517589425111847 ], [ 32.694683284006466, -27.517773393127516 ], [ 32.694397313984915, -27.517827257122175 ], [ 32.694330206573895, -27.518118050207836 ], [ 32.694221299573378, -27.517943545757994 ], [ 32.694637851155974, -27.517424403113662 ], [ 32.694641458336676, -27.516704908604591 ], [ 32.694883743789823, -27.516456487976448 ], [ 32.694718693912705, -27.516310027985352 ], [ 32.694954975491811, -27.516071922581084 ], [ 32.695097276118467, -27.514814319625053 ], [ 32.696056214222992, -27.511572816732016 ], [ 32.696395038300423, -27.510670941510693 ] ] ] } },
{ "type": "Feature", "properties": { "geology": "Scattered Reef" }, "geometry": { "type": "Polygon", "coordinates": [ [ [ 32.686432344177433, -27.510971184672357 ], [ 32.68643203031403, -27.511078245364661 ], [ 32.686291064281235, -27.511104216886078 ], [ 32.686432344177433, -27.510971184672357 ] ] ] } },
{ "type": "Feature", "properties": { "geology": "Scattered Reef" }, "geometry": { "type": "Polygon", "coordinates": [ [ [ 32.687031401478116, -27.51347652322292 ], [ 32.68707646560653, -27.513592181433978 ], [ 32.686993602972478, -27.513544617190234 ], [ 32.687031401478116, -27.51347652322292 ] ] ] } },
{ "type": "Feature", "properties": { "geology": "Scattered Reef" }, "geometry": { "type": "Polygon", "coordinates": [ [ [ 32.691045605470414, -27.511592633293326 ], [ 32.691204090296608, -27.511533139542738 ], [ 32.691071957405001, -27.511608715869517 ], [ 32.691141117968236, -27.51174459443747 ], [ 32.691038984661489, -27.511817042022788 ], [ 32.691145502163266, -27.511893148949646 ], [ 32.691043546922231, -27.511898257998165 ], [ 32.690980311092517, -27.511783788690892 ], [ 32.691048692843005, -27.511774317031009 ], [ 32.691045605470414, -27.511592633293326 ] ] ] } },
{ "type": "Feature", "properties": { "geology": "Scattered Reef" }, "geometry": { "type": "Polygon", "coordinates": [ [ [ 32.684814311831083, -27.517175495052971 ], [ 32.685034309385941, -27.516768749678022 ], [ 32.685465935404643, -27.516595299233597 ], [ 32.685058151312681, -27.516485880518918 ], [ 32.685505171026897, -27.516382177895153 ], [ 32.685259622833364, -27.516325468445569 ], [ 32.685449402268233, -27.516323947691998 ], [ 32.685220850361986, -27.515988182208769 ], [ 32.685607521070267, -27.514767356128477 ], [ 32.686673521665774, -27.514391281232587 ], [ 32.685721359952893, -27.514990108306772 ], [ 32.685791617689105, -27.515340674832245 ], [ 32.6856049355194, -27.515410633993511 ], [ 32.685770271381024, -27.515490678152219 ], [ 32.685396044591826, -27.515531866202572 ], [ 32.685586606436814, -27.515642752610901 ], [ 32.685414272950389, -27.516148468377086 ], [ 32.685795534236561, -27.515935643814903 ], [ 32.685793892973876, -27.516844500473262 ], [ 32.685499742719038, -27.517438410054528 ], [ 32.685900442851228, -27.517793686329497 ], [ 32.685341918894522, -27.517605398869993 ], [ 32.68505915945277, -27.517739111870473 ], [ 32.684814311831083, -27.519943545358256 ], [ 32.68505078136851, -27.520250071183778 ], [ 32.684946826035272, -27.52088319300486 ], [ 32.685266274219259, -27.521156773965906 ], [ 32.685113201513111, -27.521230175732004 ], [ 32.685754461299389, -27.52168924816019 ], [ 32.68552921799909, -27.521713214193408 ], [ 32.685589075975145, -27.522253494503097 ], [ 32.685353692818687, -27.522306767643158 ], [ 32.684473164804828, -27.525571046766327 ], [ 32.684185289119881, -27.525801117627424 ], [ 32.684031672323897, -27.525247342091124 ], [ 32.684304642645273, -27.525158360469902 ], [ 32.683678499563143, -27.524522207933455 ], [ 32.68390692646355, -27.524265569300521 ], [ 32.683641802727067, -27.523832063698755 ], [ 32.68384242438848, -27.523736951399151 ], [ 32.68377029606237, -27.523354445451211 ], [ 32.68427052596406, -27.523007746010652 ], [ 32.684544423486422, -27.522155472896692 ], [ 32.683768161071832, -27.522384813508236 ], [ 32.684466535901961, -27.521895167727802 ], [ 32.683642007772505, -27.521829431782788 ], [ 32.684339280033768, -27.521625822573554 ], [ 32.684030201033075, -27.521607714724183 ], [ 32.684255449729285, -27.520868814643983 ], [ 32.683853214454359, -27.520516629338896 ], [ 32.683991665083333, -27.519946642623395 ], [ 32.684180877045875, -27.519983201863191 ], [ 32.683998600654931, -27.519890180487359 ], [ 32.684434625257794, -27.51992249672584 ], [ 32.683756987894746, -27.519223484276317 ], [ 32.684026508416743, -27.519248950378664 ], [ 32.683827312180803, -27.519156386757778 ], [ 32.684155604297757, -27.518756079629291 ], [ 32.683907448969691, -27.51868872760264 ], [ 32.684129652561474, -27.518709563095811 ], [ 32.683892602062031, -27.518562186695537 ], [ 32.683992864778972, -27.518051625382185 ], [ 32.684577196580399, -27.517162593378931 ], [ 32.684814311831083, -27.517175495052971 ] ] ] } },
{ "type": "Feature", "properties": { "geology": "Coarse Shelly Sediment" }, "geometry": { "type": "Polygon", "coordinates": [ [ [ 32.687619664216207, -27.50204183046603 ], [ 32.68795651248319, -27.502357063527562 ], [ 32.687596920361649, -27.502552107593644 ], [ 32.687759434150664, -27.502940851239245 ], [ 32.687337777116774, -27.503049836480731 ], [ 32.687731753018049, -27.503403461600428 ], [ 32.687231116622833, -27.503776137958379 ], [ 32.687966869075829, -27.503988958923255 ], [ 32.68719619594777, -27.50401499789383 ], [ 32.687237854343628, -27.50447173298403 ], [ 32.685962600393751, -27.504514780832441 ], [ 32.68616396489513, -27.504213744468679 ], [ 32.686681383539096, -27.504304671323457 ], [ 32.687008747555723, -27.50401620028736 ], [ 32.686762939458184, -27.503295222796197 ], [ 32.687225928433953, -27.50220281270958 ], [ 32.686375562782111, -27.500436858074508 ], [ 32.686993690206677, -27.498667504002086 ], [ 32.686951099213893, -27.497479058911377 ], [ 32.687651140487802, -27.493669717783128 ], [ 32.68940761806715, -27.489985664806575 ], [ 32.69019517686597, -27.487692673278239 ], [ 32.691708111739999, -27.484884452055795 ], [ 32.692205773177967, -27.484815834682966 ], [ 32.692772005223908, -27.485311606645261 ], [ 32.693461946211919, -27.48459521119997 ], [ 32.693806993597974, -27.484634619492027 ], [ 32.693527166845357, -27.484803971725817 ], [ 32.693584964474631, -27.485101387419054 ], [ 32.693828707728791, -27.484700363530916 ], [ 32.694188600223747, -27.484613186849028 ], [ 32.693873281726603, -27.484915154011123 ], [ 32.693971230487939, -27.485182242766246 ], [ 32.694347450174739, -27.484828534908893 ], [ 32.694584238971508, -27.485104874989954 ], [ 32.694668951510963, -27.484618718578915 ], [ 32.693750583622588, -27.484245203153513 ], [ 32.694295180678168, -27.484133714199459 ], [ 32.69466118046919, -27.48448907051413 ], [ 32.694992431355715, -27.483800493797737 ], [ 32.696116279043125, -27.483565415511475 ], [ 32.696810334429458, -27.483731461837444 ], [ 32.696698384123209, -27.483884223378151 ], [ 32.697241843536325, -27.484250088270933 ], [ 32.700427516516747, -27.484138030945267 ], [ 32.702743518998275, -27.484989493770048 ], [ 32.703332852828993, -27.485615556812363 ], [ 32.704621760286038, -27.485895188412112 ], [ 32.704497968606447, -27.486412194267267 ], [ 32.703702488579069, -27.486340031766975 ], [ 32.704066950529459, -27.486512120637823 ], [ 32.703822692863064, -27.486701529551926 ], [ 32.704319566494881, -27.48695636054752 ], [ 32.705878061023768, -27.486913238055386 ], [ 32.705624533145745, -27.487870703969769 ], [ 32.7051442457104, -27.488465100983557 ], [ 32.702253515287545, -27.487357215363144 ], [ 32.702007536318803, -27.487454723456654 ], [ 32.702229202116051, -27.487604735769839 ], [ 32.701745351566835, -27.487525464128808 ], [ 32.701622628281726, -27.487653622916266 ], [ 32.701951919545479, -27.487992820212376 ], [ 32.702904633442117, -27.488075629786433 ], [ 32.702888270277533, -27.487816904726344 ], [ 32.703769528541017, -27.488582520966496 ], [ 32.705648957833205, -27.488742749578147 ], [ 32.706399410604369, -27.489221318409061 ], [ 32.703306889401524, -27.488674250915885 ], [ 32.703498802927498, -27.488818185610761 ], [ 32.703073319278296, -27.488832283383129 ], [ 32.703414273849759, -27.488965819217121 ], [ 32.702269527716616, -27.488796082073442 ], [ 32.701571854357681, -27.488416584357779 ], [ 32.701429077989602, -27.488112299642864 ], [ 32.701571588158366, -27.487906967332588 ], [ 32.701090347441607, -27.48783558994046 ], [ 32.701571859753592, -27.48780614433797 ], [ 32.700716295120984, -27.487844843065044 ], [ 32.700833671936429, -27.487732553714377 ], [ 32.700746548314619, -27.48752817378611 ], [ 32.700683171291395, -27.487755350628873 ], [ 32.70033521549783, -27.487753879337969 ], [ 32.700603600176066, -27.487648360983016 ], [ 32.700443243860683, -27.487445051248091 ], [ 32.701047251929239, -27.487446151118913 ], [ 32.700923809186548, -27.487372136914544 ], [ 32.700295464564071, -27.487225616668781 ], [ 32.700428606495059, -27.487415011193772 ], [ 32.700220682338717, -27.487903631747137 ], [ 32.70012618337676, -27.487612034667631 ], [ 32.699845730696012, -27.487546275340222 ], [ 32.700186778796883, -27.487171459495173 ], [ 32.699980822357148, -27.486930241537372 ], [ 32.699789290143691, -27.487663571216771 ], [ 32.700136476117557, -27.487781203439727 ], [ 32.699775472060431, -27.487715920753068 ], [ 32.699498129235359, -27.488011257213739 ], [ 32.69969850268388, -27.488049651070448 ], [ 32.699422066375305, -27.488237719994704 ], [ 32.699473504898428, -27.488658196218704 ], [ 32.698981466021948, -27.48780323952781 ], [ 32.699124808962857, -27.487620400161283 ], [ 32.698830308871742, -27.487788024797464 ], [ 32.698723838134683, -27.487511477872388 ], [ 32.698158460444681, -27.487628627159385 ], [ 32.69773110080974, -27.488156896123805 ], [ 32.697397578235723, -27.487929860474615 ], [ 32.697714609941343, -27.488401886737609 ], [ 32.6975309099236, -27.488626201038315 ], [ 32.697144680782507, -27.488493354984342 ], [ 32.697397058427548, -27.488427467953212 ], [ 32.697141988212252, -27.488341581798512 ], [ 32.697363411192541, -27.488308118025216 ], [ 32.697061697639342, -27.48711098638282 ], [ 32.696338163375565, -27.486589944370365 ], [ 32.695500044691379, -27.486570860756508 ], [ 32.69544136212923, -27.486740330801585 ], [ 32.694992189438032, -27.486547874984414 ], [ 32.694886723243712, -27.486788354598811 ], [ 32.694347683998508, -27.486796344175886 ], [ 32.69463112332776, -27.486639899012062 ], [ 32.694450397368001, -27.486310002504556 ], [ 32.693335636430533, -27.486187118240892 ], [ 32.694127555142629, -27.486940848141526 ], [ 32.693459479371555, -27.486823460534218 ], [ 32.69348710924281, -27.487107141781092 ], [ 32.693870119710333, -27.48704618843076 ], [ 32.693928829252108, -27.487249057497923 ], [ 32.693461802320378, -27.487121656838926 ], [ 32.692875157462609, -27.487394143324948 ], [ 32.692830947690162, -27.487792537595485 ], [ 32.693079993347133, -27.487610867347627 ], [ 32.693219032132703, -27.487768368315532 ], [ 32.69292751329418, -27.487861560562493 ], [ 32.692720440795803, -27.487713705722882 ], [ 32.692599291324342, -27.48792757979389 ], [ 32.693005070827418, -27.488180849566508 ], [ 32.693771848991716, -27.488003732586154 ], [ 32.694070829505243, -27.488265657434091 ], [ 32.693626012230716, -27.488425736758316 ], [ 32.693374400808004, -27.488159590492639 ], [ 32.693453603201334, -27.48829867784168 ], [ 32.693165692442783, -27.488287480382901 ], [ 32.693419981147265, -27.488442237519234 ], [ 32.692752105025754, -27.488421733875878 ], [ 32.69309503900493, -27.488694229355136 ], [ 32.692996013755071, -27.488928086362066 ], [ 32.692198378952071, -27.48856785482257 ], [ 32.691720952260219, -27.488618581981918 ], [ 32.692118796145586, -27.489122749115545 ], [ 32.692665022772651, -27.489188424805889 ], [ 32.692559286781744, -27.489341349123897 ], [ 32.692816808548926, -27.489425904282037 ], [ 32.691709010162754, -27.489376988357261 ], [ 32.69245523162369, -27.489785318337734 ], [ 32.692621223990344, -27.489996251625644 ], [ 32.692381149970188, -27.490113056472335 ], [ 32.692494044564611, -27.49036108589538 ], [ 32.692911996391594, -27.49057939092609 ], [ 32.691504530409816, -27.490485349719066 ], [ 32.691365178660121, -27.49075922655701 ], [ 32.691537793634367, -27.49098004339427 ], [ 32.691276792390155, -27.491140034584866 ], [ 32.691668535274779, -27.491303937826427 ], [ 32.692270170032451, -27.490975480234173 ], [ 32.69246329584454, -27.491371896895451 ], [ 32.692254922027075, -27.491548057896509 ], [ 32.692637933393961, -27.491977214376814 ], [ 32.69207685985927, -27.493262457096641 ], [ 32.692374066010451, -27.493561675031184 ], [ 32.692095569355097, -27.493535122547819 ], [ 32.692202844085998, -27.493828089294826 ], [ 32.691898866039885, -27.493957552998609 ], [ 32.691806088380304, -27.494366491820067 ], [ 32.692283777674298, -27.494634340502394 ], [ 32.692584522657626, -27.495202560949394 ], [ 32.69321511558524, -27.494915891255303 ], [ 32.693347582125298, -27.495128617791366 ], [ 32.693006328978996, -27.495297390861875 ], [ 32.69315662997456, -27.495544228683187 ], [ 32.692634608600372, -27.495788247129841 ], [ 32.692932825589473, -27.496200206774049 ], [ 32.692529047078004, -27.496371576187247 ], [ 32.692741193551328, -27.496731967805992 ], [ 32.692068146327927, -27.496889091058677 ], [ 32.692063155090572, -27.496692706103435 ], [ 32.691780461299331, -27.496676019182846 ], [ 32.692625641460261, -27.497445664385804 ], [ 32.691889201025887, -27.497487297600692 ], [ 32.691999466002628, -27.498107332487315 ], [ 32.691421672272433, -27.497917252679017 ], [ 32.691968236145222, -27.498299376415044 ], [ 32.691690614530295, -27.498455621030036 ], [ 32.68991078875198, -27.497765601801031 ], [ 32.689545240420621, -27.498524203329307 ], [ 32.689031075523772, -27.498774445084514 ], [ 32.689213392384197, -27.498997181974364 ], [ 32.688967078867663, -27.499355318093368 ], [ 32.688367769756887, -27.499445673878661 ], [ 32.688234965071629, -27.500152158795029 ], [ 32.688917046884292, -27.500254978284556 ], [ 32.68833957780938, -27.500465128262942 ], [ 32.688437257673336, -27.500709144911056 ], [ 32.688256955294371, -27.500755676733032 ], [ 32.68826098155909, -27.500800148208203 ], [ 32.688454750386541, -27.500896926951519 ], [ 32.687915345117133, -27.500941778840005 ], [ 32.688190831741572, -27.501054793044176 ], [ 32.687878776884077, -27.501128203803532 ], [ 32.688059821203879, -27.501263819769395 ], [ 32.687734817907611, -27.501422811813242 ], [ 32.687816760535121, -27.501815212102255 ], [ 32.687619664216207, -27.50204183046603 ] ], [ [ 32.695287801091176, -27.485735756599865 ], [ 32.694500218010731, -27.485463908632433 ], [ 32.693916803517716, -27.485890368945288 ], [ 32.694464728964164, -27.485896230726446 ], [ 32.694272352287321, -27.486190181331761 ], [ 32.69472179927174, -27.486241470567382 ], [ 32.69477888913449, -27.486463158847641 ], [ 32.695108465483386, -27.486314740133089 ], [ 32.69536455732851, -27.486472151168776 ], [ 32.695577750612763, -27.486238678172427 ], [ 32.695640088919021, -27.486437120776479 ], [ 32.696087152699988, -27.486343513042616 ], [ 32.69531445250005, -27.485514760797525 ], [ 32.695287801091176, -27.485735756599865 ] ], [ [ 32.691478078650448, -27.497015437712232 ], [ 32.691495006589356, -27.49648519563522 ], [ 32.69062221454363, -27.496395958606549 ], [ 32.690638724297777, -27.497001693373406 ], [ 32.691478078650448, -27.497015437712232 ] ], [ [ 32.70199424613763, -27.488519249163982 ], [ 32.702823656686505, -27.488424288849753 ], [ 32.702353412879738, -27.488105809235659 ], [ 32.701541509433213, -27.488072211463354 ], [ 32.70199424613763, -27.488519249163982 ] ], [ [ 32.697454929801246, -27.484528889796341 ], [ 32.697058704695536, -27.484306738365234 ], [ 32.696624700869314, -27.48446213851685 ], [ 32.697290965405799, -27.485064151889038 ], [ 32.697454929801246, -27.484528889796341 ] ], [ [ 32.688895398403979, -27.498062100185756 ], [ 32.688205827936642, -27.498146267736029 ], [ 32.688396069622989, -27.498473096656024 ], [ 32.688567466915117, -27.498668247741438 ], [ 32.688812177839772, -27.498577405422854 ], [ 32.688589574049658, -27.498543676349492 ], [ 32.688473706296584, -27.498492653313217 ], [ 32.688437662368308, -27.498421495355704 ], [ 32.688850110344397, -27.498326000844212 ], [ 32.688895398403979, -27.498062100185756 ] ], [ [ 32.695201459879542, -27.484844110267428 ], [ 32.695575891714142, -27.484376679540134 ], [ 32.694983374283368, -27.484487906791408 ], [ 32.695201459879542, -27.484844110267428 ] ], [ [ 32.695850721833374, -27.484459814668618 ], [ 32.695604700596512, -27.483965550869371 ], [ 32.695373791567363, -27.484223152676268 ], [ 32.695850721833374, -27.484459814668618 ] ], [ [ 32.688854954992244, -27.496342241201443 ], [ 32.688761665618401, -27.496571999997737 ], [ 32.688942984231424, -27.496733877966015 ], [ 32.689310489487575, -27.496766838118987 ], [ 32.689231210651919, -27.496474410065883 ], [ 32.688854954992244, -27.496342241201443 ] ], [ [ 32.691749572285062, -27.489823859683327 ], [ 32.692016259043172, -27.489602003229813 ], [ 32.691415759230004, -27.489583742495629 ], [ 32.69146749542864, -27.489668538672078 ], [ 32.691749572285062, -27.489823859683327 ] ], [ [ 32.692193489338138, -27.485895906970455 ], [ 32.692053217582028, -27.486306790126186 ], [ 32.69241233486148, -27.485809018970954 ], [ 32.692193489338138, -27.485895906970455 ] ], [ [ 32.701056192089681, -27.487166654417507 ], [ 32.700496153674599, -27.487029580650589 ], [ 32.700381761708954, -27.48714632704133 ], [ 32.700899505008195, -27.487239209022231 ], [ 32.701056192089681, -27.487166654417507 ] ], [ [ 32.702915604271773, -27.488358963894974 ], [ 32.70327409922043, -27.48852328711995 ], [ 32.703412284549358, -27.488468583158458 ], [ 32.702915604271773, -27.488358963894974 ] ], [ [ 32.701456367017819, -27.487657323626493 ], [ 32.701227985982833, -27.487468096375444 ], [ 32.700901279370605, -27.487653793787523 ], [ 32.701456367017819, -27.487657323626493 ] ], [ [ 32.693742549079445, -27.485868934503699 ], [ 32.693691224770248, -27.485683008663905 ], [ 32.693531725508763, -27.485815710826351 ], [ 32.693742549079445, -27.485868934503699 ] ], [ [ 32.689449039941337, -27.496322336506534 ], [ 32.689641497557076, -27.49612637333345 ], [ 32.689380713948815, -27.496264631507483 ], [ 32.689449039941337, -27.496322336506534 ] ], [ [ 32.693137382684128, -27.486638544633077 ], [ 32.693375220090395, -27.486872863891517 ], [ 32.693437856072244, -27.486743117800611 ], [ 32.693137382684128, -27.486638544633077 ] ], [ [ 32.688138360796799, -27.500875931379046 ], [ 32.688041921097835, -27.500709178185968 ], [ 32.687947838522064, -27.500805502771698 ], [ 32.688138360796799, -27.500875931379046 ] ], [ [ 32.703138658622315, -27.488155351987892 ], [ 32.702912717447987, -27.488224348874528 ], [ 32.703206504376766, -27.488287214183504 ], [ 32.703138658622315, -27.488155351987892 ] ], [ [ 32.702236375108662, -27.486929332322788 ], [ 32.702370342617279, -27.487102512071171 ], [ 32.702440177672102, -27.48705858648453 ], [ 32.702236375108662, -27.486929332322788 ] ], [ [ 32.689175917634543, -27.496966884214309 ], [ 32.689188183487985, -27.496849260085256 ], [ 32.68910675257461, -27.496840312730193 ], [ 32.689175917634543, -27.496966884214309 ] ], [ [ 32.69300399613762, -27.486851015761719 ], [ 32.693020301745598, -27.486702272391945 ], [ 32.692899646001948, -27.486735075163541 ], [ 32.69300399613762, -27.486851015761719 ] ], [ [ 32.699404591648658, -27.487126632787771 ], [ 32.699479641872024, -27.487216740360235 ], [ 32.699532782811737, -27.48711405397033 ], [ 32.699404591648658, -27.487126632787771 ] ], [ [ 32.699074734711367, -27.487060243035721 ], [ 32.699161450940309, -27.486984759339087 ], [ 32.69907975292832, -27.486983164841149 ], [ 32.699074734711367, -27.487060243035721 ] ], [ [ 32.687614556066954, -27.502479332654978 ], [ 32.687512950662232, -27.502589424961954 ], [ 32.68753285175972, -27.50262624050853 ], [ 32.687614556066954, -27.502479332654978 ] ], [ [ 32.687551468625443, -27.502675329103123 ], [ 32.687473797777606, -27.502727524855324 ], [ 32.687509996389267, -27.50274766607188 ], [ 32.687551468625443, -27.502675329103123 ] ], [ [ 32.690392353224581, -27.496284081145422 ], [ 32.690525462779959, -27.49628004318938 ], [ 32.690399682699272, -27.496251741524574 ], [ 32.690392353224581, -27.496284081145422 ] ], [ [ 32.703237443753096, -27.488262672584206 ], [ 32.703302465636348, -27.488239655335789 ], [ 32.703255432891986, -27.488213509345936 ], [ 32.703237443753096, -27.488262672584206 ] ], [ [ 32.69920866804565, -27.486508651952697 ], [ 32.699198601934015, -27.486420707249803 ], [ 32.6991602809223, -27.486437687349294 ], [ 32.69920866804565, -27.486508651952697 ] ], [ [ 32.699495061647859, -27.485816697382631 ], [ 32.699543807600762, -27.485759059832638 ], [ 32.699450999364181, -27.485778549040749 ], [ 32.699495061647859, -27.485816697382631 ] ], [ [ 32.690364282685579, -27.496368130884466 ], [ 32.690438117924849, -27.496356423510029 ], [ 32.690398247381289, -27.496335859612184 ], [ 32.690364282685579, -27.496368130884466 ] ] ] } },
{ "type": "Feature", "properties": { "geology": "Coarse Shelly Sediment" }, "geometry": { "type": "Polygon", "coordinates": [ [ [ 32.71443934699829, -27.441445262788609 ], [ 32.714685653320316, -27.441400871353068 ], [ 32.714484598185727, -27.441154592010772 ], [ 32.714948791353706, -27.441114131511917 ], [ 32.716241043389502, -27.441692184246804 ], [ 32.715090202550918, -27.442021148157412 ], [ 32.71443934699829, -27.441445262788609 ] ], [ [ 32.714645986023491, -27.441600076582198 ], [ 32.714753789555843, -27.441451624592681 ], [ 32.714618348957728, -27.441467317762498 ], [ 32.714645986023491, -27.441600076582198 ] ] ] } },
{ "type": "Feature", "properties": { "geology": "Coarse Shelly Sediment" }, "geometry": { "type": "Polygon", "coordinates": [ [ [ 32.713502924320558, -27.4451344931623 ], [ 32.713322644424615, -27.445183838962929 ], [ 32.713441720059421, -27.445022185825188 ], [ 32.713502924320558, -27.4451344931623 ] ] ] } },
{ "type": "Feature", "properties": { "geology": "Coarse Shelly Sediment" }, "geometry": { "type": "Polygon", "coordinates": [ [ [ 32.713613497764761, -27.444793632120351 ], [ 32.713774378384919, -27.444834444254131 ], [ 32.713643578288547, -27.444869754335603 ], [ 32.713613497764761, -27.444793632120351 ] ] ] } },
{ "type": "Feature", "properties": { "geology": "Coarse Shelly Sediment" }, "geometry": { "type": "Polygon", "coordinates": [ [ [ 32.714025555435157, -27.443943718827512 ], [ 32.713878372389047, -27.443912820819964 ], [ 32.71398422619118, -27.443893926063758 ], [ 32.714025555435157, -27.443943718827512 ] ] ] } },
{ "type": "Feature", "properties": { "geology": "Coarse Shelly Sediment" }, "geometry": { "type": "Polygon", "coordinates": [ [ [ 32.71423867137765, -27.444701386859528 ], [ 32.714315474379731, -27.444580208609647 ], [ 32.714500936169344, -27.444635740846682 ], [ 32.71423867137765, -27.444701386859528 ] ] ] } },
{ "type": "Feature", "properties": { "geology": "Coarse Shelly Sediment" }, "geometry": { "type": "Polygon", "coordinates": [ [ [ 32.714353220724682, -27.444877116185911 ], [ 32.714514129223772, -27.444969982878341 ], [ 32.714295572382838, -27.444998559735705 ], [ 32.714353220724682, -27.444877116185911 ] ] ] } },
{ "type": "Feature", "properties": { "geology": "Coarse Shelly Sediment" }, "geometry": { "type": "Polygon", "coordinates": [ [ [ 32.713974725753012, -27.447087271160509 ], [ 32.713846576858082, -27.447231310176765 ], [ 32.713806537241979, -27.447183506713429 ], [ 32.713974725753012, -27.447087271160509 ] ] ] } },
{ "type": "Feature", "properties": { "geology": "Coarse Shelly Sediment" }, "geometry": { "type": "Polygon", "coordinates": [ [ [ 32.715006776041967, -27.446927432854697 ], [ 32.714860253098301, -27.446572721353927 ], [ 32.715068577452939, -27.44662850630046 ], [ 32.715514174439647, -27.447050023040077 ], [ 32.715049991164257, -27.447002976805873 ], [ 32.714799494900817, -27.447385591571734 ], [ 32.715006776041967, -27.446927432854697 ] ] ] } },
{ "type": "Feature", "properties": { "geology": "Coarse Shelly Sediment" }, "geometry": { "type": "Polygon", "coordinates": [ [ [ 32.715322385919421, -27.445573159973325 ], [ 32.715704144530712, -27.445594760789525 ], [ 32.715967661178674, -27.445878288252306 ], [ 32.715739599403037, -27.445796977848193 ], [ 32.715706695907336, -27.446252060883843 ], [ 32.715533052108711, -27.446287951927392 ], [ 32.715672717721844, -27.446083302202545 ], [ 32.715500984982526, -27.445983987371083 ], [ 32.715060760545704, -27.446313474687098 ], [ 32.714975708961887, -27.446276184298416 ], [ 32.715322385919421, -27.445573159973325 ] ] ] } },
{ "type": "Feature", "properties": { "geology": "Coarse Shelly Sediment" }, "geometry": { "type": "Polygon", "coordinates": [ [ [ 32.714177879905264, -27.449157410685913 ], [ 32.714270918368278, -27.448780711660465 ], [ 32.714356523035178, -27.448779451710266 ], [ 32.714358551006427, -27.449009524370034 ], [ 32.714177879905264, -27.449157410685913 ] ] ] } },
{ "type": "Feature", "properties": { "geology": "Coarse Shelly Sediment" }, "geometry": { "type": "Polygon", "coordinates": [ [ [ 32.714828483647658, -27.448994174741316 ], [ 32.714857842015867, -27.448678617923825 ], [ 32.71446582303939, -27.44878865986875 ], [ 32.714914421963115, -27.448386913824937 ], [ 32.71525748364602, -27.448610722706622 ], [ 32.715354543877183, -27.448420133882024 ], [ 32.715611065598281, -27.448509655096462 ], [ 32.715307015606342, -27.448663105517856 ], [ 32.715121707600744, -27.448611881033418 ], [ 32.714828483647658, -27.448994174741316 ] ] ] } },
{ "type": "Feature", "properties": { "geology": "Coarse Shelly Sediment" }, "geometry": { "type": "Polygon", "coordinates": [ [ [ 32.714129282340565, -27.449563758560508 ], [ 32.714211009130793, -27.449637955327319 ], [ 32.714100815200567, -27.449575869730534 ], [ 32.714129282340565, -27.449563758560508 ] ] ] } },
{ "type": "Feature", "properties": { "geology": "Coarse Shelly Sediment" }, "geometry": { "type": "Polygon", "coordinates": [ [ [ 32.713681406471785, -27.450173266882704 ], [ 32.713601287669341, -27.44998995177481 ], [ 32.71377841364292, -27.449957526718411 ], [ 32.713681406471785, -27.450173266882704 ] ] ] } },
{ "type": "Feature", "properties": { "geology": "Coarse Shelly Sediment" }, "geometry": { "type": "Polygon", "coordinates": [ [ [ 32.713628636952102, -27.450292063727687 ], [ 32.713986668749847, -27.450241637841241 ], [ 32.713801305885653, -27.450681171598781 ], [ 32.713628636952102, -27.450292063727687 ] ] ] } },
{ "type": "Feature", "properties": { "geology": "Coarse Shelly Sediment" }, "geometry": { "type": "Polygon", "coordinates": [ [ [ 32.710420117594467, -27.451511585791017 ], [ 32.710112155551641, -27.451259227930954 ], [ 32.71025353976912, -27.450906349248534 ], [ 32.710556067208842, -27.450732413170279 ], [ 32.710609190162074, -27.450505462057379 ], [ 32.710723700838159, -27.450468269694845 ], [ 32.710788451126184, -27.449864831796514 ], [ 32.710700494732187, -27.45018562896356 ], [ 32.710213231255707, -27.450372705036269 ], [ 32.711640920292282, -27.447104370869972 ], [ 32.711799487856176, -27.446030824063243 ], [ 32.712351123905343, -27.445553717529975 ], [ 32.712662350487165, -27.44579238501052 ], [ 32.712509677080014, -27.446251086918078 ], [ 32.712959548544433, -27.446372826344824 ], [ 32.712795114702871, -27.446652164765521 ], [ 32.713064111819364, -27.447080642257756 ], [ 32.712318722231359, -27.448197750425788 ], [ 32.712049330312375, -27.448119253101051 ], [ 32.711658597366402, -27.448419436907457 ], [ 32.712311089685151, -27.44830281462313 ], [ 32.712237056594908, -27.448828756142113 ], [ 32.712428840618529, -27.448724084948534 ], [ 32.712578432948405, -27.449022235387837 ], [ 32.712707563903017, -27.448856143196387 ], [ 32.71276697671469, -27.449133099313027 ], [ 32.712546865845233, -27.449238777747333 ], [ 32.712975400894116, -27.449472464782389 ], [ 32.712448605019162, -27.449402431876706 ], [ 32.712488314584135, -27.449773282610849 ], [ 32.711633223894232, -27.450505790309911 ], [ 32.711995696544179, -27.450549145726431 ], [ 32.711762980776989, -27.450940107100216 ], [ 32.711921051915056, -27.451196457950122 ], [ 32.711329414920613, -27.451704590194634 ], [ 32.711306415658647, -27.452197061645034 ], [ 32.710782583949175, -27.45239081698255 ], [ 32.710642008222209, -27.452322421742331 ], [ 32.710808198439693, -27.453008081058048 ], [ 32.710578350610454, -27.453478821290499 ], [ 32.711049446075194, -27.453231662411248 ], [ 32.71138821349529, -27.453537636053014 ], [ 32.711699904127357, -27.45323300689774 ], [ 32.711815454419828, -27.453427382767476 ], [ 32.711466798953701, -27.453689256354036 ], [ 32.711685997910557, -27.454370020659891 ], [ 32.711499159258864, -27.454526710439282 ], [ 32.711378618628409, -27.454173215721333 ], [ 32.71113925417329, -27.454156324654576 ], [ 32.711259741743746, -27.454486943317736 ], [ 32.711015389648537, -27.454651359172829 ], [ 32.711245790560859, -27.454688626179092 ], [ 32.710737729362833, -27.454675533848786 ], [ 32.710510283622746, -27.4550547042112 ], [ 32.71088002099625, -27.455020114486686 ], [ 32.711248489426325, -27.455509564214982 ], [ 32.710851268771073, -27.455698137658892 ], [ 32.710810337027496, -27.456026190556198 ], [ 32.710327520698563, -27.455965594236691 ], [ 32.710222596795482, -27.456433429658983 ], [ 32.710491431134685, -27.45655300441754 ], [ 32.710071252586296, -27.456756947275231 ], [ 32.710854841777568, -27.456678838457588 ], [ 32.711295178629648, -27.456141676097435 ], [ 32.711538391283774, -27.45619836126529 ], [ 32.711905302987432, -27.455824522983285 ], [ 32.711736172886134, -27.455616356909292 ], [ 32.711415310068553, -27.455967846139121 ], [ 32.711396945013092, -27.455807228121042 ], [ 32.712022658219183, -27.454621365883273 ], [ 32.712306775637231, -27.454677140937239 ], [ 32.712220080992019, -27.454986686686201 ], [ 32.712515309533984, -27.454690363669272 ], [ 32.712561371909835, -27.455080681128489 ], [ 32.712745532380453, -27.454970479104311 ], [ 32.712973816288631, -27.455383937018976 ], [ 32.712360494840986, -27.455197734188086 ], [ 32.712087974180669, -27.456244457815405 ], [ 32.711595360637489, -27.456270048024244 ], [ 32.711759602024095, -27.456553748156921 ], [ 32.711506324157632, -27.456565068822805 ], [ 32.711910072092252, -27.456796253044573 ], [ 32.711728893773497, -27.457087431939328 ], [ 32.712491894785174, -27.456512358658372 ], [ 32.712579521128077, -27.456779441118261 ], [ 32.712322377076084, -27.457137987328213 ], [ 32.712613275382438, -27.457387190366497 ], [ 32.712977766111052, -27.457000968419862 ], [ 32.712788696241418, -27.45694368430356 ], [ 32.712932490642018, -27.456671779678874 ], [ 32.712324852010347, -27.456192153245258 ], [ 32.713124038143903, -27.456237072582752 ], [ 32.713473246693034, -27.455402481039616 ], [ 32.713834744477943, -27.455125081557242 ], [ 32.714031530530761, -27.455156027228806 ], [ 32.713844402297362, -27.455245381169323 ], [ 32.714294825046196, -27.455568151448986 ], [ 32.713795150026272, -27.455502991969432 ], [ 32.713555407855871, -27.455760282610907 ], [ 32.714092734791897, -27.456043407177432 ], [ 32.713265658883124, -27.456072708888374 ], [ 32.713247273143175, -27.456368914094075 ], [ 32.713938241156981, -27.456482452603037 ], [ 32.713361088643346, -27.457831241418575 ], [ 32.712564497053997, -27.457917062822141 ], [ 32.712477771831786, -27.458094165413314 ], [ 32.712158922596231, -27.458388795006851 ], [ 32.712506688632807, -27.457823335478484 ], [ 32.7119960229981, -27.457719362158755 ], [ 32.711695502845259, -27.458076481144641 ], [ 32.711640532684498, -27.457876614913779 ], [ 32.711986965925817, -27.457477908578568 ], [ 32.712282895039635, -27.457516085698717 ], [ 32.712121891212391, -27.457371883905289 ], [ 32.711737779075278, -27.457646901982866 ], [ 32.711732270727722, -27.457391237315726 ], [ 32.711096608321903, -27.458096464979818 ], [ 32.710141138003209, -27.457296238330709 ], [ 32.709980389583357, -27.45688123178336 ], [ 32.710066510461203, -27.456092866292654 ], [ 32.709654200081339, -27.455913018970602 ], [ 32.710160433856963, -27.456035815100741 ], [ 32.710445151122912, -27.455850963950809 ], [ 32.710404688825413, -27.455541808507583 ], [ 32.709716665191991, -27.455486624308186 ], [ 32.708917726372064, -27.455762313280061 ], [ 32.708890006568602, -27.455435245140347 ], [ 32.708470692268698, -27.455472584092437 ], [ 32.707954889706464, -27.455142389909284 ], [ 32.708672386821306, -27.454948572518514 ], [ 32.709521626521919, -27.455252358109821 ], [ 32.71005011402162, -27.454971480049728 ], [ 32.710263923341458, -27.455365570164847 ], [ 32.710372015556153, -27.45474203691542 ], [ 32.710709871063713, -27.454514295298431 ], [ 32.710380729986767, -27.453986343794661 ], [ 32.708922174418881, -27.45431908036122 ], [ 32.708561267488555, -27.454152202162291 ], [ 32.709246370123928, -27.454183480583108 ], [ 32.709306874712546, -27.453922048563619 ], [ 32.708985564032609, -27.453834095766823 ], [ 32.709212275925829, -27.45365473317932 ], [ 32.709465460262855, -27.453780947632612 ], [ 32.709721186983252, -27.453589483767622 ], [ 32.709925440107092, -27.453909860051915 ], [ 32.710430132444706, -27.453553637690145 ], [ 32.710517502480805, -27.453362092886199 ], [ 32.710214465125517, -27.453139917173417 ], [ 32.710503643928064, -27.452604177540664 ], [ 32.710112531468212, -27.452944918073452 ], [ 32.709515253925886, -27.452937787348965 ], [ 32.710486901249638, -27.452427357336617 ], [ 32.710185077979006, -27.452438655519462 ], [ 32.709912810927527, -27.452350834023676 ], [ 32.709782219473922, -27.452213761156091 ], [ 32.710644886952082, -27.452464501135722 ], [ 32.71062685644435, -27.45219556697181 ], [ 32.710753541242966, -27.452154968876663 ], [ 32.710796299509681, -27.450897837165432 ], [ 32.710307804861387, -27.451024242274936 ], [ 32.710420117594467, -27.451511585791017 ] ], [ [ 32.712790010150918, -27.446782043956048 ], [ 32.712246037224901, -27.44699981389024 ], [ 32.712483891718321, -27.447175753658076 ], [ 32.712790010150918, -27.446782043956048 ] ], [ [ 32.711435382037315, -27.450009112730264 ], [ 32.711207690782373, -27.45009073250128 ], [ 32.71115838275324, -27.45030630808958 ], [ 32.711411276609155, -27.450250506955271 ], [ 32.711435382037315, -27.450009112730264 ] ], [ [ 32.710646782722904, -27.450678825267538 ], [ 32.710797197932372, -27.450548106110098 ], [ 32.710634536654617, -27.45053561632557 ], [ 32.710646782722904, -27.450678825267538 ] ], [ [ 32.711218047375077, -27.456479294184025 ], [ 32.711444662141524, -27.45654016119942 ], [ 32.711381455090169, -27.456387169432229 ], [ 32.711218047375077, -27.456479294184025 ] ], [ [ 32.711482796094252, -27.456905633987748 ], [ 32.711488507688578, -27.456775155848725 ], [ 32.711297227285286, -27.456888247394645 ], [ 32.711482796094252, -27.456905633987748 ] ], [ [ 32.711642390683849, -27.457162542417286 ], [ 32.711677935488403, -27.457239490210263 ], [ 32.711682620956296, -27.457243679252322 ], [ 32.711685413351169, -27.457247865596482 ], [ 32.711686000608523, -27.457253231851062 ], [ 32.711722432144626, -27.457268301790627 ], [ 32.711741243263802, -27.457261425574277 ], [ 32.711738120817678, -27.457185503008549 ], [ 32.711642390683849, -27.457162542417286 ] ], [ [ 32.711291030057055, -27.453610014390634 ], [ 32.711323964129683, -27.45372518876637 ], [ 32.711388119965846, -27.453637561524157 ], [ 32.711291030057055, -27.453610014390634 ] ], [ [ 32.710660116970864, -27.452526672168105 ], [ 32.710569112774436, -27.45268410208957 ], [ 32.710691758717786, -27.452527722576288 ], [ 32.710660116970864, -27.452526672168105 ] ], [ [ 32.710913014424179, -27.452266072920882 ], [ 32.710759079268186, -27.452293957300224 ], [ 32.710772052887997, -27.452336794707257 ], [ 32.710913014424179, -27.452266072920882 ] ], [ [ 32.713505561132813, -27.455819246660823 ], [ 32.713432499310443, -27.455848689565315 ], [ 32.713456769314561, -27.45587140913819 ], [ 32.713505561132813, -27.455819246660823 ] ], [ [ 32.710798832899883, -27.450364272992768 ], [ 32.710834634011213, -27.450314738334413 ], [ 32.710816949742522, -27.450254828197721 ], [ 32.710798832899883, -27.450364272992768 ] ], [ [ 32.709057008873913, -27.454198248350412 ], [ 32.709046870816493, -27.454259165727859 ], [ 32.709152306433843, -27.454241619055427 ], [ 32.709057008873913, -27.454198248350412 ] ], [ [ 32.710677049406343, -27.450739703074785 ], [ 32.710605785328788, -27.45069744932778 ], [ 32.710586879780791, -27.45070582381469 ], [ 32.710677049406343, -27.450739703074785 ] ], [ [ 32.711534837163079, -27.457100279654142 ], [ 32.71152153619002, -27.457117016936781 ], [ 32.711541445381464, -27.457112129121413 ], [ 32.711534837163079, -27.457100279654142 ] ], [ [ 32.7108722229748, -27.453928985933892 ], [ 32.71084943145619, -27.453914078771682 ], [ 32.710848534832074, -27.453920341650402 ], [ 32.7108722229748, -27.453928985933892 ] ] ] } },
{ "type": "Feature", "properties": { "geology": "Coarse Shelly Sediment" }, "geometry": { "type": "Polygon", "coordinates": [ [ [ 32.713698960338824, -27.451216168391383 ], [ 32.713587141333562, -27.451324283089129 ], [ 32.713521554676056, -27.451254046037377 ], [ 32.713698960338824, -27.451216168391383 ] ] ] } },
{ "type": "Feature", "properties": { "geology": "Coarse Shelly Sediment" }, "geometry": { "type": "Polygon", "coordinates": [ [ [ 32.713761179934622, -27.451476209159718 ], [ 32.713568423743858, -27.451493851160219 ], [ 32.713467024283808, -27.451607096490257 ], [ 32.713537531132246, -27.451481049310939 ], [ 32.713761179934622, -27.451476209159718 ] ] ] } },
{ "type": "Feature", "properties": { "geology": "Coarse Shelly Sediment" }, "geometry": { "type": "Polygon", "coordinates": [ [ [ 32.713986354886444, -27.451742792495846 ], [ 32.71403566831151, -27.45190014237761 ], [ 32.713920621639467, -27.451858856301133 ], [ 32.713986354886444, -27.451742792495846 ] ] ] } },
{ "type": "Feature", "properties": { "geology": "Coarse Shelly Sediment" }, "geometry": { "type": "Polygon", "coordinates": [ [ [ 32.71485789057926, -27.451466793257861 ], [ 32.714502769886998, -27.451662378715749 ], [ 32.714511997830478, -27.451403647360404 ], [ 32.71485789057926, -27.451466793257861 ] ] ] } },
{ "type": "Feature", "properties": { "geology": "Coarse Shelly Sediment" }, "geometry": { "type": "Polygon", "coordinates": [ [ [ 32.714110919083708, -27.452479883140015 ], [ 32.713950433265971, -27.452607551797051 ], [ 32.71414053555732, -27.452324473095956 ], [ 32.714234575865049, -27.452420191538547 ], [ 32.714125491698155, -27.452071624206035 ], [ 32.714441424432259, -27.451984375578451 ], [ 32.71439727671298, -27.452496918997554 ], [ 32.71401346944613, -27.452846885675147 ], [ 32.714110919083708, -27.452479883140015 ] ] ] } },
{ "type": "Feature", "properties": { "geology": "Coarse Shelly Sediment" }, "geometry": { "type": "Polygon", "coordinates": [ [ [ 32.712812763898022, -27.452872438112482 ], [ 32.712803068307025, -27.452607032888235 ], [ 32.713065106469557, -27.452632561943119 ], [ 32.712870988705241, -27.45269076246862 ], [ 32.712812763898022, -27.452872438112482 ] ] ] } },
{ "type": "Feature", "properties": { "geology": "Coarse Shelly Sediment" }, "geometry": { "type": "Polygon", "coordinates": [ [ [ 32.712472403778492, -27.451747550808747 ], [ 32.712318076518038, -27.451712827085228 ], [ 32.712625797542586, -27.451596170626704 ], [ 32.712472403778492, -27.451747550808747 ] ] ] } },
{ "type": "Feature", "properties": { "geology": "Coarse Shelly Sediment" }, "geometry": { "type": "Polygon", "coordinates": [ [ [ 32.7126712034134, -27.451974032475515 ], [ 32.712765451464499, -27.452277747020382 ], [ 32.712609223037255, -27.452210933687507 ], [ 32.7126712034134, -27.451974032475515 ] ] ] } },
{ "type": "Feature", "properties": { "geology": "Coarse Shelly Sediment" }, "geometry": { "type": "Polygon", "coordinates": [ [ [ 32.71267780983311, -27.453238596184239 ], [ 32.712616205373642, -27.453185600934709 ], [ 32.712693205327263, -27.453167162134779 ], [ 32.71267780983311, -27.453238596184239 ] ] ] } },
{ "type": "Feature", "properties": { "geology": "Coarse Shelly Sediment" }, "geometry": { "type": "Polygon", "coordinates": [ [ [ 32.712650088231086, -27.453123296802676 ], [ 32.712704613227395, -27.453111979734054 ], [ 32.712660464608845, -27.453137608613702 ], [ 32.712650088231086, -27.453123296802676 ] ] ] } },
{ "type": "Feature", "properties": { "geology": "Coarse Shelly Sediment" }, "geometry": { "type": "Polygon", "coordinates": [ [ [ 32.712763389319058, -27.453015617376792 ], [ 32.712692803330285, -27.453031207124486 ], [ 32.712753097477488, -27.452957013954986 ], [ 32.712763389319058, -27.453015617376792 ] ] ] } },
{ "type": "Feature", "properties": { "geology": "Coarse Shelly Sediment" }, "geometry": { "type": "Polygon", "coordinates": [ [ [ 32.712538391533641, -27.454330411818976 ], [ 32.71267340675238, -27.454325047362961 ], [ 32.712619421349245, -27.454401095833848 ], [ 32.712538391533641, -27.454330411818976 ] ] ] } },
{ "type": "Feature", "properties": { "geology": "Coarse Shelly Sediment" }, "geometry": { "type": "Polygon", "coordinates": [ [ [ 32.712790037130553, -27.45414607238332 ], [ 32.712866707032951, -27.453856604898348 ], [ 32.712831068698911, -27.453772824955863 ], [ 32.712881486491504, -27.453854739704422 ], [ 32.712790037130553, -27.45414607238332 ] ] ] } },
{ "type": "Feature", "properties": { "geology": "Coarse Shelly Sediment" }, "geometry": { "type": "Polygon", "coordinates": [ [ [ 32.719710364341928, -27.461007304243626 ], [ 32.717990854294577, -27.460932924015172 ], [ 32.717062930210169, -27.46160873395586 ], [ 32.714485395884367, -27.461266280214591 ], [ 32.714418623021068, -27.461049165886255 ], [ 32.715419380500109, -27.457998390313467 ], [ 32.716858456752433, -27.458005574997209 ], [ 32.717904431244612, -27.457518102878122 ], [ 32.720844860901657, -27.457785125982753 ], [ 32.720897282383731, -27.457962937239675 ], [ 32.720196533343355, -27.458574437560134 ], [ 32.71970541267472, -27.45987812357648 ], [ 32.719710364341928, -27.461007304243626 ] ] ] } },
{ "type": "Feature", "properties": { "geology": "Coarse Shelly Sediment" }, "geometry": { "type": "Polygon", "coordinates": [ [ [ 32.714861493263349, -27.455939189242134 ], [ 32.715059870216905, -27.45632426635175 ], [ 32.714951404783598, -27.457039653657006 ], [ 32.714695022457398, -27.457572742987665 ], [ 32.714453873747352, -27.457592931868213 ], [ 32.714372171238821, -27.456906107930447 ], [ 32.714861493263349, -27.455939189242134 ] ] ] } },
{ "type": "Feature", "properties": { "geology": "Coarse Shelly Sediment" }, "geometry": { "type": "Polygon", "coordinates": [ [ [ 32.713556324265078, -27.457958238281979 ], [ 32.713969218304825, -27.458011385517011 ], [ 32.714050186966624, -27.458252661031452 ], [ 32.713381930431808, -27.458353654897198 ], [ 32.713556324265078, -27.457958238281979 ] ] ] } },
{ "type": "Feature", "properties": { "geology": "Coarse Shelly Sediment" }, "geometry": { "type": "Polygon", "coordinates": [ [ [ 32.707929562099643, -27.457382518388432 ], [ 32.708481151384092, -27.456819527499103 ], [ 32.707709830744164, -27.456660752191915 ], [ 32.707728362174223, -27.456591141068213 ], [ 32.708050728658229, -27.456703871986051 ], [ 32.708665024971005, -27.456438914624155 ], [ 32.709138145708877, -27.456692992887263 ], [ 32.708916670567923, -27.458008776583704 ], [ 32.708050221440637, -27.457776290143588 ], [ 32.707929562099643, -27.457382518388432 ] ] ] } },
{ "type": "Feature", "properties": { "geology": "Coarse Shelly Sediment" }, "geometry": { "type": "Polygon", "coordinates": [ [ [ 32.714977492317509, -27.469432361814011 ], [ 32.714667978044801, -27.469916455180243 ], [ 32.713742492022519, -27.470175562452191 ], [ 32.712143663799118, -27.47017227543007 ], [ 32.711755850052491, -27.469405832712937 ], [ 32.711096310646326, -27.469017241052715 ], [ 32.711841193916023, -27.469246070849444 ], [ 32.71088940632108, -27.468743238309713 ], [ 32.713689668543438, -27.468761644734062 ], [ 32.71439426668212, -27.468148587687171 ], [ 32.715182624978183, -27.467990271933417 ], [ 32.714977492317509, -27.469432361814011 ] ] ] } },
{ "type": "Feature", "properties": { "geology": "Coarse Shelly Sediment" }, "geometry": { "type": "Polygon", "coordinates": [ [ [ 32.709830942044398, -27.456126191570455 ], [ 32.709607240182031, -27.456054937385431 ], [ 32.709469482930331, -27.45590883982106 ], [ 32.709536182049213, -27.455901901551478 ], [ 32.709830942044398, -27.456126191570455 ] ] ] } },
{ "type": "Feature", "properties": { "geology": "Coarse Shelly Sediment" }, "geometry": { "type": "Polygon", "coordinates": [ [ [ 32.709042172758153, -27.456188053236033 ], [ 32.708742356774415, -27.456078423180646 ], [ 32.708511079922467, -27.455867010554037 ], [ 32.708945859863633, -27.455979757659598 ], [ 32.709042172758153, -27.456188053236033 ] ] ] } },
{ "type": "Feature", "properties": { "geology": "Coarse Shelly Sediment" }, "geometry": { "type": "Polygon", "coordinates": [ [ [ 32.708206933703117, -27.45608903158347 ], [ 32.708178515126406, -27.456028097118914 ], [ 32.708348147049399, -27.456128959683703 ], [ 32.708206933703117, -27.45608903158347 ] ] ] } },
{ "type": "Feature", "properties": { "geology": "Coarse Shelly Sediment" }, "geometry": { "type": "Polygon", "coordinates": [ [ [ 32.709132577106814, -27.455877983182329 ], [ 32.70930555990374, -27.455920802602868 ], [ 32.70935619982879, -27.455983201163711 ], [ 32.70934030880823, -27.45599164489845 ], [ 32.709132577106814, -27.455877983182329 ] ] ] } },
{ "type": "Feature", "properties": { "geology": "Coarse Shelly Sediment" }, "geometry": { "type": "Polygon", "coordinates": [ [ [ 32.709165984222906, -27.455856800550851 ], [ 32.70917885172269, -27.455793134845241 ], [ 32.70921526886967, -27.455830017840974 ], [ 32.709165984222906, -27.455856800550851 ] ] ] } },
{ "type": "Feature", "properties": { "geology": "Coarse Shelly Sediment" }, "geometry": { "type": "Polygon", "coordinates": [ [ [ 32.708749328318916, -27.454717290270676 ], [ 32.708614269033347, -27.454554261170195 ], [ 32.708787663719782, -27.454628192636964 ], [ 32.708749328318916, -27.454717290270676 ] ] ] } },
{ "type": "Feature", "properties": { "geology": "Coarse Shelly Sediment" }, "geometry": { "type": "Polygon", "coordinates": [ [ [ 32.708829213297648, -27.454527780632553 ], [ 32.709032132726819, -27.454654180346079 ], [ 32.709233801198998, -27.454651784552173 ], [ 32.709319466120533, -27.454683091751207 ], [ 32.709047986875134, -27.454671195519197 ], [ 32.708948024531772, -27.454642692406278 ], [ 32.708829213297648, -27.454527780632553 ] ] ] } },
{ "type": "Feature", "properties": { "geology": "Coarse Shelly Sediment" }, "geometry": { "type": "Polygon", "coordinates": [ [ [ 32.712406899858586, -27.458357330426338 ], [ 32.712578680261956, -27.458085248635239 ], [ 32.713032979088837, -27.458454299825995 ], [ 32.712711251123409, -27.458560076286446 ], [ 32.712406899858586, -27.458357330426338 ] ] ] } },
{ "type": "Feature", "properties": { "geology": "Coarse Shelly Sediment" }, "geometry": { "type": "Polygon", "coordinates": [ [ [ 32.716023604405883, -27.447746990431206 ], [ 32.716280247535458, -27.448322820042062 ], [ 32.717414739598652, -27.448363043119887 ], [ 32.716631261023913, -27.448572326151861 ], [ 32.71710810045851, -27.449080549227876 ], [ 32.716953081619479, -27.449523786393538 ], [ 32.716040554827813, -27.449829457863093 ], [ 32.71651970641939, -27.450115012397848 ], [ 32.716861534232478, -27.449850863526464 ], [ 32.716783977598567, -27.450385720924235 ], [ 32.717314626169177, -27.450463544656806 ], [ 32.716534739486676, -27.450801817449864 ], [ 32.717131704964274, -27.450875390087166 ], [ 32.716615189239668, -27.451051955783097 ], [ 32.716553037093057, -27.451331939917054 ], [ 32.717247590703771, -27.45169074962833 ], [ 32.716264025564413, -27.451905826992281 ], [ 32.716075826238495, -27.452459651091985 ], [ 32.716245961781738, -27.453202754603378 ], [ 32.715938067188155, -27.453474021608706 ], [ 32.715186004630475, -27.453540700942522 ], [ 32.71474026105426, -27.453379552324463 ], [ 32.71589077274102, -27.452108854340128 ], [ 32.715937451152499, -27.451644524475157 ], [ 32.715705190442236, -27.451342213772037 ], [ 32.716241639640039, -27.450520094926368 ], [ 32.715908252863677, -27.450403261301382 ], [ 32.716227826952711, -27.450318174644011 ], [ 32.715711280651178, -27.450262637910381 ], [ 32.716187857483696, -27.450174503450455 ], [ 32.715845175314641, -27.450040579109395 ], [ 32.716001335393351, -27.44931211656084 ], [ 32.715449729921147, -27.449374710274643 ], [ 32.715245617990945, -27.449906581023889 ], [ 32.715334455720637, -27.449489608558565 ], [ 32.714963690422067, -27.449668704946745 ], [ 32.715129637822606, -27.449780214585171 ], [ 32.71492410586287, -27.449871869890835 ], [ 32.715185980348842, -27.449911704461567 ], [ 32.71501818664008, -27.450025899475641 ], [ 32.714856098230463, -27.449877364748524 ], [ 32.714783777449426, -27.449954396178356 ], [ 32.715190708984117, -27.450343945616545 ], [ 32.714666558914601, -27.450828702682454 ], [ 32.714906192267009, -27.450132380105199 ], [ 32.714522512703866, -27.450177095296656 ], [ 32.714248932642207, -27.450701609591594 ], [ 32.714413065210849, -27.451208133848215 ], [ 32.714056350919918, -27.451452727861071 ], [ 32.714320576233717, -27.45015828867405 ], [ 32.71401052956238, -27.450198143029816 ], [ 32.714616869572964, -27.449198737231843 ], [ 32.715259245417883, -27.449251258538677 ], [ 32.715049734857416, -27.449473820060682 ], [ 32.715599949078452, -27.449184488373408 ], [ 32.715532782312124, -27.449027960471909 ], [ 32.71567941587243, -27.449214960102278 ], [ 32.715886194292459, -27.449106350777395 ], [ 32.715687511569485, -27.448590275720573 ], [ 32.715959319067402, -27.44799829878237 ], [ 32.715619179281759, -27.447878074713319 ], [ 32.716023604405883, -27.447746990431206 ] ], [ [ 32.716301062344186, -27.449110658529968 ], [ 32.71604965057098, -27.449226100903775 ], [ 32.716126696390013, -27.449472685116309 ], [ 32.716567735612585, -27.449378563869551 ], [ 32.716301062344186, -27.449110658529968 ] ] ] } },
{ "type": "Feature", "properties": { "geology": "Coarse Shelly Sediment" }, "geometry": { "type": "Polygon", "coordinates": [ [ [ 32.714633594265067, -27.454924737786349 ], [ 32.715030374252464, -27.454798129430039 ], [ 32.714808636509467, -27.454395435500906 ], [ 32.715284964229795, -27.454305552758974 ], [ 32.7148536574704, -27.454168538347368 ], [ 32.714995985076719, -27.453786893050601 ], [ 32.715673201557074, -27.453803109625753 ], [ 32.715092393299386, -27.455375665054877 ], [ 32.714511403378651, -27.455251488465336 ], [ 32.714852030596759, -27.45519841497477 ], [ 32.714633594265067, -27.454924737786349 ] ] ] } },
{ "type": "Feature", "properties": { "geology": "Coarse Shelly Sediment" }, "geometry": { "type": "Polygon", "coordinates": [ [ [ 32.714492230731942, -27.450596825083377 ], [ 32.714671503387265, -27.450635316966256 ], [ 32.71446023735011, -27.450704995539066 ], [ 32.71457997488595, -27.450818415337569 ], [ 32.71435114059274, -27.450742905560613 ], [ 32.714492230731942, -27.450596825083377 ] ] ] } },
{ "type": "Feature", "properties": { "geology": "Coarse Shelly Sediment" }, "geometry": { "type": "Polygon", "coordinates": [ [ [ 32.698730992241607, -27.560215876361564 ], [ 32.698718961111268, -27.560441156534132 ], [ 32.692405054849473, -27.562971021395473 ], [ 32.692970739208349, -27.561810395933001 ], [ 32.698062446125043, -27.559962883580145 ], [ 32.698730992241607, -27.560215876361564 ] ] ] } },
{ "type": "Feature", "properties": { "geology": "Coarse Shelly Sediment" }, "geometry": { "type": "Polygon", "coordinates": [ [ [ 32.69911844536, -27.559501658174955 ], [ 32.69966819912819, -27.559550739574931 ], [ 32.700353458245544, -27.5599428340945 ], [ 32.699047532917348, -27.559737346201537 ], [ 32.69911844536, -27.559501658174955 ] ] ] } },
{ "type": "Feature", "properties": { "geology": "Coarse Shelly Sediment" }, "geometry": { "type": "Polygon", "coordinates": [ [ [ 32.700149918284112, -27.55877793235565 ], [ 32.700703682129308, -27.558860187047948 ], [ 32.700690923447389, -27.558996506283634 ], [ 32.700149918284112, -27.55877793235565 ] ] ] } },
{ "type": "Feature", "properties": { "geology": "Coarse Shelly Sediment" }, "geometry": { "type": "Polygon", "coordinates": [ [ [ 32.699369478518697, -27.558415111668037 ], [ 32.699927331581122, -27.558515803361598 ], [ 32.699282497889051, -27.558481250509278 ], [ 32.699369478518697, -27.558415111668037 ] ] ] } },
{ "type": "Feature", "properties": { "geology": "Coarse Shelly Sediment" }, "geometry": { "type": "Polygon", "coordinates": [ [ [ 32.699364552032527, -27.557725444973265 ], [ 32.700037622638192, -27.557483925742485 ], [ 32.70018425619849, -27.557577372497686 ], [ 32.699364552032527, -27.557725444973265 ] ] ] } },
{ "type": "Feature", "properties": { "geology": "Coarse Shelly Sediment" }, "geometry": { "type": "Polygon", "coordinates": [ [ [ 32.700755359872012, -27.556482950627668 ], [ 32.701473223010908, -27.556469607386429 ], [ 32.700721736019368, -27.556574292969167 ], [ 32.700755359872012, -27.556482950627668 ] ] ] } },
{ "type": "Feature", "properties": { "geology": "Coarse Shelly Sediment" }, "geometry": { "type": "Polygon", "coordinates": [ [ [ 32.693391961869622, -27.560824752460249 ], [ 32.697086982977908, -27.559865166843924 ], [ 32.697212426712177, -27.559921395156191 ], [ 32.696951874229718, -27.560056785392312 ], [ 32.697113030042409, -27.560181097779402 ], [ 32.693391961869622, -27.560824752460249 ] ] ] } },
{ "type": "Feature", "properties": { "geology": "Coarse Shelly Sediment" }, "geometry": { "type": "Polygon", "coordinates": [ [ [ 32.693602607374515, -27.560131731294277 ], [ 32.698838851531825, -27.558897874936886 ], [ 32.699264892760688, -27.559131570065841 ], [ 32.699858445311079, -27.558990693065962 ], [ 32.700604539967635, -27.559573422275534 ], [ 32.699519879338986, -27.559215674663601 ], [ 32.693602607374515, -27.560131731294277 ] ] ] } },
{ "type": "Feature", "properties": { "geology": "Coarse Shelly Sediment" }, "geometry": { "type": "Polygon", "coordinates": [ [ [ 32.693964481975364, -27.55922430275934 ], [ 32.700302153721445, -27.557892440983295 ], [ 32.703546359077272, -27.55804963168509 ], [ 32.704835386144268, -27.558690858196449 ], [ 32.70350275005196, -27.558189894448009 ], [ 32.700491207403331, -27.558106338436751 ], [ 32.695587887770877, -27.559233781613639 ], [ 32.693964481975364, -27.55922430275934 ] ] ] } },
{ "type": "Feature", "properties": { "geology": "Coarse Shelly Sediment" }, "geometry": { "type": "Polygon", "coordinates": [ [ [ 32.694175941366645, -27.558851521180703 ], [ 32.700196891673301, -27.557146579251196 ], [ 32.703376761328528, -27.5572293807313 ], [ 32.704739476145946, -27.557966758259212 ], [ 32.703221660651202, -27.557296767831531 ], [ 32.700385473211099, -27.557295149951148 ], [ 32.694175941366645, -27.558851521180703 ] ] ] } },
{ "type": "Feature", "properties": { "geology": "Coarse Shelly Sediment" }, "geometry": { "type": "Polygon", "coordinates": [ [ [ 32.6946064693132, -27.557810178197172 ], [ 32.699072324528274, -27.556821726141717 ], [ 32.700615422663695, -27.556748069867453 ], [ 32.703408580241849, -27.556921344944008 ], [ 32.704874796234883, -27.557571037673192 ], [ 32.70315250818178, -27.556959590412653 ], [ 32.69950016799838, -27.55693023564179 ], [ 32.695332598120984, -27.557851359052911 ], [ 32.6946064693132, -27.557810178197172 ] ] ] } },
{ "type": "Feature", "properties": { "geology": "Coarse Shelly Sediment" }, "geometry": { "type": "Polygon", "coordinates": [ [ [ 32.702816881194195, -27.56037428114805 ], [ 32.703384402867947, -27.560666866582608 ], [ 32.703386641280538, -27.560787527722159 ], [ 32.702816881194195, -27.56037428114805 ] ] ] } },
{ "type": "Feature", "properties": { "geology": "Coarse Shelly Sediment" }, "geometry": { "type": "Polygon", "coordinates": [ [ [ 32.702938601735127, -27.56001378520795 ], [ 32.703304123086888, -27.560201622107076 ], [ 32.703612074337798, -27.560534267842108 ], [ 32.703264630258595, -27.560419071882588 ], [ 32.702938601735127, -27.56001378520795 ] ] ] } },
{ "type": "Feature", "properties": { "geology": "Coarse Shelly Sediment" }, "geometry": { "type": "Polygon", "coordinates": [ [ [ 32.703092848056556, -27.559882921259781 ], [ 32.703659571132334, -27.560124893748814 ], [ 32.70367037648677, -27.560239254238091 ], [ 32.703092848056556, -27.559882921259781 ] ] ] } },
{ "type": "Feature", "properties": { "geology": "Coarse Shelly Sediment" }, "geometry": { "type": "Polygon", "coordinates": [ [ [ 32.703094360716292, -27.559541617751407 ], [ 32.703462633094105, -27.559583237476339 ], [ 32.703729644507497, -27.559921591208383 ], [ 32.703094360716292, -27.559541617751407 ] ] ] } },
{ "type": "Feature", "properties": { "geology": "Coarse Shelly Sediment" }, "geometry": { "type": "Polygon", "coordinates": [ [ [ 32.703151761744444, -27.559167832529429 ], [ 32.703598815632887, -27.559415435673746 ], [ 32.703711126567264, -27.559602632255615 ], [ 32.703237462638853, -27.559422518734188 ], [ 32.703151761744444, -27.559167832529429 ] ] ] } },
{ "type": "Feature", "properties": { "geology": "Coarse Shelly Sediment" }, "geometry": { "type": "Polygon", "coordinates": [ [ [ 32.702891907135864, -27.5586528330617 ], [ 32.703236078582265, -27.558743349825679 ], [ 32.704536259940525, -27.559681689858063 ], [ 32.703595471054207, -27.559280819754019 ], [ 32.702891907135864, -27.5586528330617 ] ] ] } },
{ "type": "Feature", "properties": { "geology": "Coarse Shelly Sediment" }, "geometry": { "type": "Polygon", "coordinates": [ [ [ 32.702787400518211, -27.558438712576454 ], [ 32.703519106921334, -27.558597260355182 ], [ 32.704530023142148, -27.559340298216135 ], [ 32.70329339237621, -27.558611502918485 ], [ 32.702787400518211, -27.558438712576454 ] ] ] } },
{ "type": "Feature", "properties": { "geology": "Coarse Shelly Sediment" }, "geometry": { "type": "Polygon", "coordinates": [ [ [ 32.702864824951753, -27.558306396223156 ], [ 32.703668412367435, -27.558347355845694 ], [ 32.704569526762313, -27.558974847011537 ], [ 32.703426090941377, -27.558393458691096 ], [ 32.702864824951753, -27.558306396223156 ] ] ] } },
{ "type": "Feature", "properties": { "geology": "Coarse Shelly Sediment" }, "geometry": { "type": "Polygon", "coordinates": [ [ [ 32.702834024970358, -27.55764620750643 ], [ 32.703722242187794, -27.557882114068263 ], [ 32.704164873210395, -27.558149693853245 ], [ 32.702665762714844, -27.55779354253789 ], [ 32.702834024970358, -27.55764620750643 ] ] ] } },
{ "type": "Feature", "properties": { "geology": "Coarse Shelly Sediment" }, "geometry": { "type": "Polygon", "coordinates": [ [ [ 32.70289881302989, -27.557565769444604 ], [ 32.703396206469783, -27.557472825410521 ], [ 32.70409022048733, -27.557894414095887 ], [ 32.70289881302989, -27.557565769444604 ] ] ] } },
{ "type": "Feature", "properties": { "geology": "Coarse Shelly Sediment" }, "geometry": { "type": "Polygon", "coordinates": [ [ [ 32.702250380250909, -27.556555069061119 ], [ 32.703937215230326, -27.55667905859158 ], [ 32.706162798074736, -27.557388321513791 ], [ 32.703994124329462, -27.556919987867072 ], [ 32.704870659353539, -27.557455259852262 ], [ 32.702250380250909, -27.556555069061119 ] ] ] } },
{ "type": "Feature", "properties": { "geology": "Coarse Shelly Sediment" }, "geometry": { "type": "Polygon", "coordinates": [ [ [ 32.702191619447767, -27.556273477838708 ], [ 32.704116322410457, -27.556312382510413 ], [ 32.705972409798918, -27.556873058544767 ], [ 32.704019383587699, -27.556479154589294 ], [ 32.702191619447767, -27.556273477838708 ] ] ] } },
{ "type": "Feature", "properties": { "geology": "Coarse Shelly Sediment" }, "geometry": { "type": "Polygon", "coordinates": [ [ [ 32.702565262576911, -27.555703456049606 ], [ 32.704330778342822, -27.555601101509591 ], [ 32.705499602025078, -27.556039021883311 ], [ 32.705868013797861, -27.556431319649612 ], [ 32.705245279146361, -27.555961655905637 ], [ 32.702565262576911, -27.555703456049606 ] ] ] } },
{ "type": "Feature", "properties": { "geology": "Coarse Shelly Sediment" }, "geometry": { "type": "Polygon", "coordinates": [ [ [ 32.703085697546939, -27.555205836879875 ], [ 32.704623890780042, -27.555161637899214 ], [ 32.705411993668633, -27.555337421185005 ], [ 32.703085697546939, -27.555205836879875 ] ] ] } },
{ "type": "Feature", "properties": { "geology": "Coarse Shelly Sediment" }, "geometry": { "type": "Polygon", "coordinates": [ [ [ 32.705748106290116, -27.556142979914576 ], [ 32.705835363910985, -27.556130183461168 ], [ 32.705849748567118, -27.556190681754529 ], [ 32.705748106290116, -27.556142979914576 ] ] ] } },
{ "type": "Feature", "properties": { "geology": "Coarse Shelly Sediment" }, "geometry": { "type": "Polygon", "coordinates": [ [ [ 32.705919931659579, -27.555967635497979 ], [ 32.705970609356243, -27.555952088018355 ], [ 32.705973916163387, -27.555984595812404 ], [ 32.705919931659579, -27.555967635497979 ] ] ] } },
{ "type": "Feature", "properties": { "geology": "Coarse Shelly Sediment" }, "geometry": { "type": "Polygon", "coordinates": [ [ [ 32.706064001252706, -27.555806745884546 ], [ 32.706267564596509, -27.555789888092804 ], [ 32.706291656534773, -27.555837443343286 ], [ 32.706064001252706, -27.555806745884546 ] ] ] } },
{ "type": "Feature", "properties": { "geology": "Coarse Shelly Sediment" }, "geometry": { "type": "Polygon", "coordinates": [ [ [ 32.706355748519066, -27.555431576605955 ], [ 32.706530161237993, -27.555440566229063 ], [ 32.70653492224897, -27.55547081942273 ], [ 32.706355748519066, -27.555431576605955 ] ] ] } },
{ "type": "Feature", "properties": { "geology": "Coarse Shelly Sediment" }, "geometry": { "type": "Polygon", "coordinates": [ [ [ 32.706409618808905, -27.555211402783979 ], [ 32.706569230485648, -27.5553326574761 ], [ 32.706409435347254, -27.555289140181664 ], [ 32.706409618808905, -27.555211402783979 ] ] ] } },
{ "type": "Feature", "properties": { "geology": "Coarse Shelly Sediment" }, "geometry": { "type": "Polygon", "coordinates": [ [ [ 32.706088284746635, -27.554678844053328 ], [ 32.706244200209717, -27.55470648291784 ], [ 32.706249629416916, -27.554763595263626 ], [ 32.706088284746635, -27.554678844053328 ] ] ] } },
{ "type": "Feature", "properties": { "geology": "Coarse Shelly Sediment" }, "geometry": { "type": "Polygon", "coordinates": [ [ [ 32.702572964370901, -27.554185308704994 ], [ 32.70420660714931, -27.554131162323262 ], [ 32.705934186813288, -27.554403757627256 ], [ 32.706304371149912, -27.5545850879314 ], [ 32.702572964370901, -27.554185308704994 ] ] ] } },
{ "type": "Feature", "properties": { "geology": "Coarse Shelly Sediment" }, "geometry": { "type": "Polygon", "coordinates": [ [ [ 32.70604225564562, -27.553816369030184 ], [ 32.706329313846815, -27.553797422113284 ], [ 32.706644827496859, -27.554075106680788 ], [ 32.70604225564562, -27.553816369030184 ] ] ] } },
{ "type": "Feature", "properties": { "geology": "Coarse Shelly Sediment" }, "geometry": { "type": "Polygon", "coordinates": [ [ [ 32.706358619155061, -27.553774679158067 ], [ 32.706704131490532, -27.553775390521842 ], [ 32.706740605294748, -27.553806433320172 ], [ 32.706358619155061, -27.553774679158067 ] ] ] } },
{ "type": "Feature", "properties": { "geology": "Coarse Shelly Sediment" }, "geometry": { "type": "Polygon", "coordinates": [ [ [ 32.706216610808013, -27.553557659258487 ], [ 32.706196823025053, -27.55343049691983 ], [ 32.706337141545916, -27.553601897809273 ], [ 32.706216610808013, -27.553557659258487 ] ] ] } },
{ "type": "Feature", "properties": { "geology": "Coarse Shelly Sediment" }, "geometry": { "type": "Polygon", "coordinates": [ [ [ 32.706619882101911, -27.55352235547225 ], [ 32.706802459765782, -27.553514381183696 ], [ 32.706804632527863, -27.553581136959803 ], [ 32.706619882101911, -27.55352235547225 ] ] ] } },
{ "type": "Feature", "properties": { "geology": "Coarse Shelly Sediment" }, "geometry": { "type": "Polygon", "coordinates": [ [ [ 32.706573747780311, -27.55326982404311 ], [ 32.706646330263986, -27.553255370139201 ], [ 32.706662618784911, -27.553297122064421 ], [ 32.706573747780311, -27.55326982404311 ] ] ] } },
{ "type": "Feature", "properties": { "geology": "Coarse Shelly Sediment" }, "geometry": { "type": "Polygon", "coordinates": [ [ [ 32.706450068515913, -27.553138148007044 ], [ 32.706637299272032, -27.553132268239544 ], [ 32.706653561712557, -27.553176114685947 ], [ 32.706450068515913, -27.553138148007044 ] ] ] } },
{ "type": "Feature", "properties": { "geology": "Coarse Shelly Sediment" }, "geometry": { "type": "Polygon", "coordinates": [ [ [ 32.706471942726019, -27.552827345005934 ], [ 32.706745781792449, -27.552819563172235 ], [ 32.706913870478829, -27.55298055890561 ], [ 32.706471942726019, -27.552827345005934 ] ] ] } },
{ "type": "Feature", "properties": { "geology": "Coarse Shelly Sediment" }, "geometry": { "type": "Polygon", "coordinates": [ [ [ 32.706540179685668, -27.552392382502422 ], [ 32.706660699631655, -27.552283355892172 ], [ 32.706866799962889, -27.552491050721368 ], [ 32.706540179685668, -27.552392382502422 ] ] ] } },
{ "type": "Feature", "properties": { "geology": "Coarse Shelly Sediment" }, "geometry": { "type": "Polygon", "coordinates": [ [ [ 32.706826047184393, -27.552174421912014 ], [ 32.707099461770831, -27.552200204575758 ], [ 32.707106357772275, -27.552269571083762 ], [ 32.706826047184393, -27.552174421912014 ] ] ] } },
{ "type": "Feature", "properties": { "geology": "Coarse Shelly Sediment" }, "geometry": { "type": "Polygon", "coordinates": [ [ [ 32.706544705973435, -27.551585387555498 ], [ 32.707202033946785, -27.551752786461861 ], [ 32.707406703456677, -27.551919248274629 ], [ 32.706544705973435, -27.551585387555498 ] ] ] } },
{ "type": "Feature", "properties": { "geology": "Coarse Shelly Sediment" }, "geometry": { "type": "Polygon", "coordinates": [ [ [ 32.707277805426465, -27.551558543691797 ], [ 32.706649591205739, -27.551329266932076 ], [ 32.706376026432501, -27.551144115408523 ], [ 32.706948708416228, -27.551336497481277 ], [ 32.707277805426465, -27.551558543691797 ] ] ] } },
{ "type": "Feature", "properties": { "geology": "Coarse Shelly Sediment" }, "geometry": { "type": "Polygon", "coordinates": [ [ [ 32.706514652429277, -27.550989710806448 ], [ 32.706942099298516, -27.551192330761399 ], [ 32.707618137667026, -27.551407614070108 ], [ 32.706968209315455, -27.551303608374774 ], [ 32.706514652429277, -27.550989710806448 ] ] ] } },
{ "type": "Feature", "properties": { "geology": "Coarse Shelly Sediment" }, "geometry": { "type": "Polygon", "coordinates": [ [ [ 32.706909221883116, -27.55092709101238 ], [ 32.707271163033845, -27.551058287709797 ], [ 32.707731014274934, -27.551356532577859 ], [ 32.707373717223376, -27.55129162850578 ], [ 32.706909221883116, -27.55092709101238 ] ] ] } },
{ "type": "Feature", "properties": { "geology": "Coarse Shelly Sediment" }, "geometry": { "type": "Polygon", "coordinates": [ [ [ 32.707114037083208, -27.550596033480129 ], [ 32.707564604622881, -27.550780888227393 ], [ 32.707588422267932, -27.550851509289647 ], [ 32.707314814327269, -27.550885166417235 ], [ 32.707114037083208, -27.550596033480129 ] ] ] } },
{ "type": "Feature", "properties": { "geology": "Coarse Shelly Sediment" }, "geometry": { "type": "Polygon", "coordinates": [ [ [ 32.70769188837, -27.549930161947376 ], [ 32.708014341189013, -27.549917289051603 ], [ 32.708036638979749, -27.550103317414159 ], [ 32.70769188837, -27.549930161947376 ] ] ] } },
{ "type": "Feature", "properties": { "geology": "Coarse Shelly Sediment" }, "geometry": { "type": "Polygon", "coordinates": [ [ [ 32.703866032991094, -27.549830968524326 ], [ 32.704480614388906, -27.550096259534726 ], [ 32.702878691598443, -27.549884112161944 ], [ 32.702938529789378, -27.54982079269536 ], [ 32.703866032991094, -27.549830968524326 ] ] ] } },
{ "type": "Feature", "properties": { "geology": "Coarse Shelly Sediment" }, "geometry": { "type": "Polygon", "coordinates": [ [ [ 32.703018841946083, -27.549623045267257 ], [ 32.704711181675748, -27.549759116290115 ], [ 32.706317107348738, -27.54978829299526 ], [ 32.704888264481909, -27.549925116750682 ], [ 32.703018841946083, -27.549623045267257 ] ] ] } },
{ "type": "Feature", "properties": { "geology": "Coarse Shelly Sediment" }, "geometry": { "type": "Polygon", "coordinates": [ [ [ 32.703123679514292, -27.549286620581043 ], [ 32.705767537941625, -27.549349515567645 ], [ 32.705872070639614, -27.549458214824725 ], [ 32.703850078118663, -27.549487089357605 ], [ 32.703123679514292, -27.549286620581043 ] ] ] } },
{ "type": "Feature", "properties": { "geology": "Coarse Shelly Sediment" }, "geometry": { "type": "Polygon", "coordinates": [ [ [ 32.70320304828212, -27.548912069136623 ], [ 32.704900326189176, -27.549083573448083 ], [ 32.704979506099384, -27.54913897348478 ], [ 32.703569343950115, -27.549107264288747 ], [ 32.70320304828212, -27.548912069136623 ] ] ] } },
{ "type": "Feature", "properties": { "geology": "Coarse Shelly Sediment" }, "geometry": { "type": "Polygon", "coordinates": [ [ [ 32.703354472530897, -27.548651411433475 ], [ 32.704753644065491, -27.548874354268008 ], [ 32.704798052588103, -27.548910505215595 ], [ 32.703459203079852, -27.548828327864999 ], [ 32.703354472530897, -27.548651411433475 ] ] ] } },
{ "type": "Feature", "properties": { "geology": "Coarse Shelly Sediment" }, "geometry": { "type": "Polygon", "coordinates": [ [ [ 32.708053182008776, -27.545860184699702 ], [ 32.708641963655744, -27.545853294993524 ], [ 32.70894598127208, -27.546224560315135 ], [ 32.708053182008776, -27.545860184699702 ] ] ] } },
{ "type": "Feature", "properties": { "geology": "Coarse Shelly Sediment" }, "geometry": { "type": "Polygon", "coordinates": [ [ [ 32.708095321541926, -27.542131557725142 ], [ 32.709146549873431, -27.5424821359417 ], [ 32.710070569101561, -27.543202257278256 ], [ 32.709213933376411, -27.543154913368507 ], [ 32.708992010373024, -27.542945436982244 ], [ 32.709707392282418, -27.5429871151632 ], [ 32.708076117418955, -27.542576373200994 ], [ 32.707662181064883, -27.542232481443833 ], [ 32.708095321541926, -27.542131557725142 ] ] ] } },
{ "type": "Feature", "properties": { "geology": "Coarse Shelly Sediment" }, "geometry": { "type": "Polygon", "coordinates": [ [ [ 32.709357993076992, -27.538104569870008 ], [ 32.711372153402237, -27.538454234375365 ], [ 32.711623324157124, -27.538790572726722 ], [ 32.711056513847112, -27.538941704695834 ], [ 32.709357993076992, -27.538104569870008 ] ] ] } },
{ "type": "Feature", "properties": { "geology": "Coarse Shelly Sediment" }, "geometry": { "type": "Polygon", "coordinates": [ [ [ 32.710443590799109, -27.538958156893372 ], [ 32.711199837902264, -27.539276922491901 ], [ 32.71131287099228, -27.539479625184502 ], [ 32.71052116272157, -27.539215900793099 ], [ 32.710443590799109, -27.538958156893372 ] ] ] } },
{ "type": "Feature", "properties": { "geology": "Coarse Shelly Sediment" }, "geometry": { "type": "Polygon", "coordinates": [ [ [ 32.70882204929822, -27.539223344481755 ], [ 32.710576715642979, -27.539831007395001 ], [ 32.710846318902547, -27.540144165720616 ], [ 32.709640592439463, -27.539852897792947 ], [ 32.708744378450383, -27.539384770990345 ], [ 32.70882204929822, -27.539223344481755 ] ] ] } },
{ "type": "Feature", "properties": { "geology": "Coarse Shelly Sediment" }, "geometry": { "type": "Polygon", "coordinates": [ [ [ 32.696572492526585, -27.55171416417728 ], [ 32.697648748990616, -27.551315765410177 ], [ 32.70008616804229, -27.550866578329856 ], [ 32.701388461008762, -27.550890290754324 ], [ 32.696572492526585, -27.55171416417728 ] ] ] } },
{ "type": "Feature", "properties": { "geology": "Coarse Shelly Sediment" }, "geometry": { "type": "Polygon", "coordinates": [ [ [ 32.696490758541714, -27.551959286991451 ], [ 32.697991216221688, -27.551675434873371 ], [ 32.69817231989672, -27.551757575351722 ], [ 32.696490758541714, -27.551959286991451 ] ] ] } },
{ "type": "Feature", "properties": { "geology": "Coarse Shelly Sediment" }, "geometry": { "type": "Polygon", "coordinates": [ [ [ 32.696296542751313, -27.552580857020853 ], [ 32.702075492689957, -27.55109795320794 ], [ 32.706051015042355, -27.55136708792071 ], [ 32.700910541488327, -27.551684831889379 ], [ 32.696296542751313, -27.552580857020853 ] ] ] } },
{ "type": "Feature", "properties": { "geology": "Coarse Shelly Sediment" }, "geometry": { "type": "Polygon", "coordinates": [ [ [ 32.696311918460331, -27.552981613810385 ], [ 32.700654009874718, -27.551832441214163 ], [ 32.705042647500257, -27.552054818375062 ], [ 32.705502397117989, -27.552257574127658 ], [ 32.7036361051222, -27.552237915847087 ], [ 32.704945594463631, -27.552603358957811 ], [ 32.704528068015996, -27.552603040597774 ], [ 32.700525325883156, -27.551980147665631 ], [ 32.699405986497155, -27.552452468006958 ], [ 32.6985329957012, -27.552513365599243 ], [ 32.697707811066678, -27.553029489219519 ], [ 32.696311918460331, -27.552981613810385 ] ] ] } },
{ "type": "Feature", "properties": { "geology": "Coarse Shelly Sediment" }, "geometry": { "type": "Polygon", "coordinates": [ [ [ 32.696799554256089, -27.553480613439493 ], [ 32.698814010458271, -27.552951622319473 ], [ 32.700123860427865, -27.552342712046489 ], [ 32.701767584606422, -27.552510013826016 ], [ 32.700210381503986, -27.552592707387433 ], [ 32.696900656939825, -27.553567438486432 ], [ 32.696398221900488, -27.553954943765586 ], [ 32.695651384403902, -27.553770108803455 ], [ 32.696283469306756, -27.553785366701259 ], [ 32.696799554256089, -27.553480613439493 ] ] ] } },
{ "type": "Feature", "properties": { "geology": "Coarse Shelly Sediment" }, "geometry": { "type": "Polygon", "coordinates": [ [ [ 32.695656048288065, -27.554282649524609 ], [ 32.697011452516584, -27.55409364440612 ], [ 32.6975860248752, -27.553714075643967 ], [ 32.700590622059622, -27.552880797111051 ], [ 32.705090538197894, -27.552906443077838 ], [ 32.705691307807712, -27.553139523969804 ], [ 32.704054690071949, -27.553436150957538 ], [ 32.70158411301648, -27.553002452900813 ], [ 32.700363831026067, -27.553030864282874 ], [ 32.697007576438608, -27.554240066625688 ], [ 32.695808764862662, -27.554477524518081 ], [ 32.695578935919279, -27.554458405830722 ], [ 32.695656048288065, -27.554282649524609 ] ] ] } },
{ "type": "Feature", "properties": { "geology": "Coarse Shelly Sediment" }, "geometry": { "type": "Polygon", "coordinates": [ [ [ 32.69556329491018, -27.554872763067554 ], [ 32.698308550998931, -27.554206692784586 ], [ 32.700796910349212, -27.553126089897038 ], [ 32.703284094285571, -27.553723240634969 ], [ 32.704576881418042, -27.553719973397985 ], [ 32.705423644385789, -27.55404255661864 ], [ 32.703586444558859, -27.553996435786793 ], [ 32.700609157087015, -27.553514901891155 ], [ 32.699285440470767, -27.554194329804396 ], [ 32.696487602820653, -27.554888624410445 ], [ 32.69556329491018, -27.554872763067554 ] ] ] } },
{ "type": "Feature", "properties": { "geology": "Coarse Shelly Sediment" }, "geometry": { "type": "Polygon", "coordinates": [ [ [ 32.695070523086208, -27.555618034844368 ], [ 32.698714417736248, -27.55465011341192 ], [ 32.70048518824094, -27.553901256038031 ], [ 32.701498498457035, -27.553960302825676 ], [ 32.699064838571502, -27.554779581612316 ], [ 32.695070523086208, -27.555618034844368 ] ] ] } },
{ "type": "Feature", "properties": { "geology": "Coarse Shelly Sediment" }, "geometry": { "type": "Polygon", "coordinates": [ [ [ 32.695081518197597, -27.556124037494243 ], [ 32.69960527086657, -27.554893252321619 ], [ 32.700567586824718, -27.554281059523237 ], [ 32.701046852630235, -27.554331644589677 ], [ 32.698749618999834, -27.555352567566885 ], [ 32.695900754716114, -27.556110403772131 ], [ 32.695081518197597, -27.556124037494243 ] ] ] } },
{ "type": "Feature", "properties": { "geology": "Coarse Shelly Sediment" }, "geometry": { "type": "Polygon", "coordinates": [ [ [ 32.695040959672625, -27.556567147855542 ], [ 32.701436798669349, -27.554692870779302 ], [ 32.703902075120702, -27.554590127732194 ], [ 32.705801792219042, -27.555027858348932 ], [ 32.701985223239518, -27.554895801899672 ], [ 32.696021230595392, -27.556585166672004 ], [ 32.695040959672625, -27.556567147855542 ] ] ] } },
{ "type": "Feature", "properties": { "geology": "Coarse Shelly Sediment" }, "geometry": { "type": "Polygon", "coordinates": [ [ [ 32.694823161859446, -27.55704992191632 ], [ 32.700766432325054, -27.555682017111323 ], [ 32.701510614123599, -27.555901783540399 ], [ 32.704340103413081, -27.555989200341291 ], [ 32.705795997887087, -27.556545180115872 ], [ 32.704553295797993, -27.556178281002811 ], [ 32.702429252707859, -27.55605541202759 ], [ 32.700925956767563, -27.55615017269227 ], [ 32.699854419945567, -27.556539416360913 ], [ 32.69740596441379, -27.556700533502752 ], [ 32.695395401376793, -27.557182450509611 ], [ 32.694823161859446, -27.55704992191632 ] ], [ [ 32.700754780708664, -27.556065748835191 ], [ 32.699094631312256, -27.556276942926551 ], [ 32.698611743037603, -27.556502081905492 ], [ 32.700754780708664, -27.556065748835191 ] ] ] } },
{ "type": "Feature", "properties": { "geology": "Coarse Shelly Sediment" }, "geometry": { "type": "Polygon", "coordinates": [ [ [ 32.707496566413504, -27.548156190755577 ], [ 32.708244083797496, -27.548437209109888 ], [ 32.708352444010131, -27.548566001919422 ], [ 32.707855285293256, -27.548456903363295 ], [ 32.707496566413504, -27.548156190755577 ] ] ] } },
{ "type": "Feature", "properties": { "geology": "Coarse Shelly Sediment" }, "geometry": { "type": "Polygon", "coordinates": [ [ [ 32.708021509684947, -27.54787780561615 ], [ 32.708359642183773, -27.547908659556931 ], [ 32.708422236796871, -27.547992785738415 ], [ 32.708021509684947, -27.54787780561615 ] ] ] } },
{ "type": "Feature", "properties": { "geology": "Coarse Shelly Sediment" }, "geometry": { "type": "Polygon", "coordinates": [ [ [ 32.681944438485139, -27.523639006235115 ], [ 32.681624495674001, -27.523424793119649 ], [ 32.682644016608172, -27.523413211650293 ], [ 32.683045151112907, -27.523660188866589 ], [ 32.681944438485139, -27.523639006235115 ] ] ] } },
{ "type": "Feature", "properties": { "geology": "Coarse Shelly Sediment" }, "geometry": { "type": "Polygon", "coordinates": [ [ [ 32.682512287512139, -27.522713762130323 ], [ 32.682694537822755, -27.52272154486338 ], [ 32.68290976897076, -27.522786007368293 ], [ 32.68266529636638, -27.522808831262523 ], [ 32.682512287512139, -27.522713762130323 ] ] ] } },
{ "type": "Feature", "properties": { "geology": "Coarse Shelly Sediment" }, "geometry": { "type": "Polygon", "coordinates": [ [ [ 32.683023871354628, -27.522492925508054 ], [ 32.68238113847886, -27.522200744768469 ], [ 32.682674076447604, -27.522212517793399 ], [ 32.683010857265309, -27.522405569861114 ], [ 32.683266394228788, -27.522376640469517 ], [ 32.683500835794973, -27.522486654535431 ], [ 32.683023871354628, -27.522492925508054 ] ] ] } },
{ "type": "Feature", "properties": { "geology": "Coarse Shelly Sediment" }, "geometry": { "type": "Polygon", "coordinates": [ [ [ 32.68427052596406, -27.523007746010652 ], [ 32.684123868122093, -27.522916501695093 ], [ 32.684269585273185, -27.522813751453391 ], [ 32.68427052596406, -27.523007746010652 ] ] ] } },
{ "type": "Feature", "properties": { "geology": "Coarse Shelly Sediment" }, "geometry": { "type": "Polygon", "coordinates": [ [ [ 32.683708824702528, -27.523476157898276 ], [ 32.68384242438848, -27.523736951399151 ], [ 32.68364178384131, -27.523838509139811 ], [ 32.683906903980521, -27.524273459952116 ], [ 32.683678499563143, -27.524522207933455 ], [ 32.684304642645273, -27.525158360469902 ], [ 32.684042469584419, -27.525289676777142 ], [ 32.683196195847806, -27.524384258226892 ], [ 32.683769104460708, -27.524381787789235 ], [ 32.683413836279605, -27.523781856347586 ], [ 32.683667922636587, -27.523804435626118 ], [ 32.683708824702528, -27.523476157898276 ] ] ] } },
{ "type": "Feature", "properties": { "geology": "Coarse Shelly Sediment" }, "geometry": { "type": "Polygon", "coordinates": [ [ [ 32.685707213617079, -27.524083755161111 ], [ 32.685663048810717, -27.524387902279837 ], [ 32.685258156039176, -27.523996198965339 ], [ 32.685707213617079, -27.524083755161111 ] ] ] } },
{ "type": "Feature", "properties": { "geology": "Coarse Shelly Sediment" }, "geometry": { "type": "Polygon", "coordinates": [ [ [ 32.686401326560045, -27.521788375932772 ], [ 32.686126148403176, -27.522230724568249 ], [ 32.686063413495781, -27.521800171440713 ], [ 32.686401326560045, -27.521788375932772 ] ] ] } },
{ "type": "Feature", "properties": { "geology": "Coarse Shelly Sediment" }, "geometry": { "type": "Polygon", "coordinates": [ [ [ 32.687346573385689, -27.521649891129488 ], [ 32.687492594507674, -27.521921415340984 ], [ 32.68739006190193, -27.521955418707517 ], [ 32.687346573385689, -27.521649891129488 ] ] ] } },
{ "type": "Feature", "properties": { "geology": "Coarse Shelly Sediment" }, "geometry": { "type": "Polygon", "coordinates": [ [ [ 32.687224131588444, -27.521603290059787 ], [ 32.687249922346105, -27.521474710389501 ], [ 32.687290609474097, -27.521535478479496 ], [ 32.687224131588444, -27.521603290059787 ] ] ] } },
{ "type": "Feature", "properties": { "geology": "Coarse Shelly Sediment" }, "geometry": { "type": "Polygon", "coordinates": [ [ [ 32.687715695622899, -27.521471918893909 ], [ 32.687378189951616, -27.521508139089295 ], [ 32.687385030195095, -27.521219885689117 ], [ 32.687460215316719, -27.521173642549499 ], [ 32.687715695622899, -27.521471918893909 ] ] ] } },
{ "type": "Feature", "properties": { "geology": "Coarse Shelly Sediment" }, "geometry": { "type": "Polygon", "coordinates": [ [ [ 32.687659168735742, -27.521677406786818 ], [ 32.687494610787773, -27.521740935795471 ], [ 32.687412370484608, -27.521610479240149 ], [ 32.687659168735742, -27.521677406786818 ] ] ] } },
{ "type": "Feature", "properties": { "geology": "Coarse Shelly Sediment" }, "geometry": { "type": "Polygon", "coordinates": [ [ [ 32.688530969728539, -27.522269459268085 ], [ 32.688542985570386, -27.522404091375691 ], [ 32.688472074027075, -27.522363758580507 ], [ 32.688530969728539, -27.522269459268085 ] ] ] } },
{ "type": "Feature", "properties": { "geology": "Coarse Shelly Sediment" }, "geometry": { "type": "Polygon", "coordinates": [ [ [ 32.687564839745612, -27.522532514563881 ], [ 32.687317610719241, -27.522234121307598 ], [ 32.687638478932726, -27.522098404617616 ], [ 32.687768390498896, -27.522314559369402 ], [ 32.687564839745612, -27.522532514563881 ] ] ] } },
{ "type": "Feature", "properties": { "geology": "Coarse Shelly Sediment" }, "geometry": { "type": "Polygon", "coordinates": [ [ [ 32.689367781697854, -27.52055582629027 ], [ 32.689629380991242, -27.520681192682826 ], [ 32.690000836069785, -27.52001640753117 ], [ 32.689740939193065, -27.520580429043566 ], [ 32.689922260503991, -27.520788266864979 ], [ 32.689778957133221, -27.520643726926423 ], [ 32.68962567308639, -27.520815167386012 ], [ 32.689367781697854, -27.52055582629027 ] ] ] } },
{ "type": "Feature", "properties": { "geology": "Coarse Shelly Sediment" }, "geometry": { "type": "Polygon", "coordinates": [ [ [ 32.690578756604395, -27.519537138128353 ], [ 32.690686163535652, -27.520517765182628 ], [ 32.690590165403869, -27.520601907551942 ], [ 32.690217736359543, -27.520317603974178 ], [ 32.690352611284027, -27.519642919085371 ], [ 32.690578756604395, -27.519537138128353 ] ] ] } },
{ "type": "Feature", "properties": { "geology": "Coarse Shelly Sediment" }, "geometry": { "type": "Polygon", "coordinates": [ [ [ 32.690606932364048, -27.519311210443934 ], [ 32.690477804107474, -27.51943158919644 ], [ 32.690531248118639, -27.519211004384307 ], [ 32.690606932364048, -27.519311210443934 ] ] ] } },
{ "type": "Feature", "properties": { "geology": "Coarse Shelly Sediment" }, "geometry": { "type": "Polygon", "coordinates": [ [ [ 32.686242515279901, -27.519205705578834 ], [ 32.686341493764978, -27.51908523599478 ], [ 32.68644088953544, -27.519238987689103 ], [ 32.686242515279901, -27.519205705578834 ] ] ] } },
{ "type": "Feature", "properties": { "geology": "Coarse Shelly Sediment" }, "geometry": { "type": "Polygon", "coordinates": [ [ [ 32.684214396577197, -27.521039885482278 ], [ 32.683964014527696, -27.521069774450456 ], [ 32.683852511184504, -27.521082096961166 ], [ 32.684214396577197, -27.521039885482278 ] ] ] } },
{ "type": "Feature", "properties": { "geology": "Coarse Shelly Sediment" }, "geometry": { "type": "Polygon", "coordinates": [ [ [ 32.689288402138146, -27.522925869033624 ], [ 32.689330832152244, -27.524031739273298 ], [ 32.688893643826688, -27.524345671015841 ], [ 32.68878659662419, -27.524165976578448 ], [ 32.689074531664374, -27.52406483162661 ], [ 32.688726433778037, -27.523954743816329 ], [ 32.688970595216851, -27.523848689465421 ], [ 32.688500288457611, -27.523790472752015 ], [ 32.688840487598483, -27.523324927903019 ], [ 32.688659871356023, -27.523167836126653 ], [ 32.68885538756615, -27.523121852891123 ], [ 32.688559790302151, -27.523089855012731 ], [ 32.688915462278835, -27.523062313275084 ], [ 32.688711747848927, -27.522783312100074 ], [ 32.688969936913111, -27.522747435445737 ], [ 32.688931422547171, -27.522554694543491 ], [ 32.688677062796273, -27.522543472802962 ], [ 32.68885733279977, -27.522488373139886 ], [ 32.689034177285507, -27.522603666226164 ], [ 32.68901504510832, -27.521586519502264 ], [ 32.689246434375526, -27.521393244402603 ], [ 32.689609639972971, -27.52185073852068 ], [ 32.689093575708029, -27.522366827067327 ], [ 32.689041674933399, -27.522692101958889 ], [ 32.689288402138146, -27.522925869033624 ] ] ] } },
{ "type": "Feature", "properties": { "geology": "Coarse Shelly Sediment" }, "geometry": { "type": "Polygon", "coordinates": [ [ [ 32.689037053317413, -27.524648032080957 ], [ 32.688771656187043, -27.525472555713794 ], [ 32.68850177413762, -27.525465749644599 ], [ 32.688593651575843, -27.5250307862417 ], [ 32.68882015302772, -27.524983193219743 ], [ 32.688612395245912, -27.524571067200924 ], [ 32.688733848688258, -27.524726464654591 ], [ 32.688905512179701, -27.524366963364599 ], [ 32.689037053317413, -27.524648032080957 ] ] ] } },
{ "type": "Feature", "properties": { "geology": "Coarse Shelly Sediment" }, "geometry": { "type": "Polygon", "coordinates": [ [ [ 32.693116677592663, -27.523507754679105 ], [ 32.692998738700958, -27.523670835040942 ], [ 32.692828137308801, -27.52356262051849 ], [ 32.692862349318062, -27.52341837645681 ], [ 32.693116677592663, -27.523507754679105 ] ] ] } },
{ "type": "Feature", "properties": { "geology": "Coarse Shelly Sediment" }, "geometry": { "type": "Polygon", "coordinates": [ [ [ 32.686967466875174, -27.523264648144956 ], [ 32.687376394904746, -27.522932486245217 ], [ 32.687331739068568, -27.523150723826799 ], [ 32.687611385057437, -27.523197818624407 ], [ 32.687279037897362, -27.523255924721099 ], [ 32.687398864466076, -27.523505633178399 ], [ 32.686983457720416, -27.524458643851272 ], [ 32.686698014701683, -27.524354884570254 ], [ 32.686018572399256, -27.524676071143723 ], [ 32.686043866731097, -27.524245165481904 ], [ 32.686817487836819, -27.524286217734687 ], [ 32.686399306682674, -27.523972541399615 ], [ 32.686873950872197, -27.524040146135789 ], [ 32.686968396774198, -27.523819439015885 ], [ 32.686746578991475, -27.523798184438583 ], [ 32.687201160205454, -27.523572888078238 ], [ 32.686967466875174, -27.523264648144956 ] ] ] } },
{ "type": "Feature", "properties": { "geology": "Coarse Shelly Sediment" }, "geometry": { "type": "Polygon", "coordinates": [ [ [ 32.686555795913293, -27.524862005077367 ], [ 32.687060073663552, -27.524811880463801 ], [ 32.68673725302191, -27.525526032100636 ], [ 32.685989088125993, -27.525568193217499 ], [ 32.686029369659735, -27.526552779087478 ], [ 32.685804081393314, -27.526734930472625 ], [ 32.685570521162667, -27.526535627217349 ], [ 32.685599361521405, -27.526717124795411 ], [ 32.685500781435991, -27.526452973226078 ], [ 32.685836930929653, -27.526318459828985 ], [ 32.685956139664142, -27.525481432921747 ], [ 32.686770437106006, -27.525376136699329 ], [ 32.686555795913293, -27.524862005077367 ] ] ] } },
{ "type": "Feature", "properties": { "geology": "Coarse Shelly Sediment" }, "geometry": { "type": "Polygon", "coordinates": [ [ [ 32.684654099407304, -27.525723574483315 ], [ 32.684623651060683, -27.525967744915473 ], [ 32.684425163490602, -27.525799827999599 ], [ 32.684654099407304, -27.525723574483315 ] ] ] } },
{ "type": "Feature", "properties": { "geology": "Coarse Shelly Sediment" }, "geometry": { "type": "Polygon", "coordinates": [ [ [ 32.684034536664548, -27.52600603984683 ], [ 32.68437034171798, -27.526489133166951 ], [ 32.684261592098814, -27.527120697362239 ], [ 32.684101896785172, -27.526664197894348 ], [ 32.684263418621953, -27.526429462249826 ], [ 32.684034536664548, -27.52600603984683 ] ] ] } },
{ "type": "Feature", "properties": { "geology": "Coarse Shelly Sediment" }, "geometry": { "type": "Polygon", "coordinates": [ [ [ 32.68672175950168, -27.526979396781684 ], [ 32.687030616369888, -27.526494999444626 ], [ 32.686856491434, -27.526305068024445 ], [ 32.687012345743206, -27.52636367594279 ], [ 32.686941879364284, -27.526179565834237 ], [ 32.687190916927307, -27.526010127265511 ], [ 32.687266777439923, -27.526019948761576 ], [ 32.686972923961342, -27.527042908703201 ], [ 32.68672175950168, -27.526979396781684 ] ] ] } },
{ "type": "Feature", "properties": { "geology": "Coarse Shelly Sediment" }, "geometry": { "type": "Polygon", "coordinates": [ [ [ 32.687559799944879, -27.527269727615781 ], [ 32.687611068496068, -27.52718110842136 ], [ 32.687699631932539, -27.527214854581807 ], [ 32.687559799944879, -27.527269727615781 ] ] ] } },
{ "type": "Feature", "properties": { "geology": "Coarse Shelly Sediment" }, "geometry": { "type": "Polygon", "coordinates": [ [ [ 32.684128356638382, -27.527332146861021 ], [ 32.684311193306982, -27.527353788146726 ], [ 32.684246291033581, -27.527424806709412 ], [ 32.684128356638382, -27.527332146861021 ] ] ] } },
{ "type": "Feature", "properties": { "geology": "Coarse Shelly Sediment" }, "geometry": { "type": "Polygon", "coordinates": [ [ [ 32.684257277151694, -27.527493504121889 ], [ 32.684725508275633, -27.527447519987 ], [ 32.684832383707601, -27.527513719082808 ], [ 32.684622229232581, -27.527721254732036 ], [ 32.684425728264799, -27.527505792458303 ], [ 32.684196175413213, -27.527894673700192 ], [ 32.684257277151694, -27.527493504121889 ] ] ] } },
{ "type": "Feature", "properties": { "geology": "Coarse Shelly Sediment" }, "geometry": { "type": "Polygon", "coordinates": [ [ [ 32.686037646120511, -27.528838540965843 ], [ 32.686382759157077, -27.528702607539302 ], [ 32.686242553950748, -27.529601109403618 ], [ 32.685779989455042, -27.529218720367624 ], [ 32.685601767207849, -27.528798603872449 ], [ 32.685425559442152, -27.528731571105094 ], [ 32.684492658509448, -27.529253418010825 ], [ 32.684556181222867, -27.528964632211977 ], [ 32.684264138079634, -27.528897370117441 ], [ 32.684643616909447, -27.528288034465142 ], [ 32.684133273232014, -27.528095088517475 ], [ 32.684458656941523, -27.528058479814941 ], [ 32.684895946890506, -27.528437782377694 ], [ 32.685523987542084, -27.528429758626427 ], [ 32.685910160025948, -27.529309292889501 ], [ 32.686037646120511, -27.528838540965843 ] ] ] } },
{ "type": "Feature", "properties": { "geology": "Coarse Shelly Sediment" }, "geometry": { "type": "Polygon", "coordinates": [ [ [ 32.685841710826388, -27.527847439507674 ], [ 32.685734749059485, -27.527951509954164 ], [ 32.686190541660217, -27.527907490837993 ], [ 32.685580545905545, -27.528335214698355 ], [ 32.685144398095545, -27.528231061514187 ], [ 32.685225337079707, -27.527677761719303 ], [ 32.68543357330082, -27.527652557319609 ], [ 32.685231718668959, -27.527541925419445 ], [ 32.685486021762522, -27.527502272511796 ], [ 32.685178494092305, -27.527267755402551 ], [ 32.685469035367781, -27.527001929295576 ], [ 32.685356571548631, -27.527225033108721 ], [ 32.68554108095622, -27.527224583447726 ], [ 32.685628254040765, -27.527284238176971 ], [ 32.685367140381317, -27.527301134639579 ], [ 32.68565954685068, -27.527337013092584 ], [ 32.68544349372231, -27.527390736793052 ], [ 32.685841710826388, -27.527847439507674 ] ] ] } },
{ "type": "Feature", "properties": { "geology": "Coarse Shelly Sediment" }, "geometry": { "type": "Polygon", "coordinates": [ [ [ 32.687125589274608, -27.527812267022416 ], [ 32.687241871615136, -27.527977701809473 ], [ 32.687107979649603, -27.528055220671831 ], [ 32.687299832920971, -27.52829738291787 ], [ 32.686974415936653, -27.528277831656549 ], [ 32.687125589274608, -27.527812267022416 ] ] ] } },
{ "type": "Feature", "properties": { "geology": "Coarse Shelly Sediment" }, "geometry": { "type": "Polygon", "coordinates": [ [ [ 32.686704265889219, -27.53164859590597 ], [ 32.68652364065354, -27.531465908524819 ], [ 32.686343466877524, -27.53114254918923 ], [ 32.686261469391383, -27.530567778979794 ], [ 32.688079878783419, -27.528329373601668 ], [ 32.688026807091582, -27.528059412411892 ], [ 32.687519413190437, -27.528024725560616 ], [ 32.688974105270795, -27.527885850451568 ], [ 32.688095508101242, -27.528835726087827 ], [ 32.688265699402557, -27.528925339033126 ], [ 32.688191889344338, -27.529544645468889 ], [ 32.687713820536437, -27.530164218104098 ], [ 32.687547527796191, -27.530908568975224 ], [ 32.68704879166846, -27.530998601004526 ], [ 32.686882333452957, -27.53136658020345 ], [ 32.686595494686387, -27.531277514945316 ], [ 32.686704265889219, -27.53164859590597 ] ] ] } },
{ "type": "Feature", "properties": { "geology": "Coarse Shelly Sediment" }, "geometry": { "type": "Polygon", "coordinates": [ [ [ 32.690317391134748, -27.529260059504075 ], [ 32.690778497829477, -27.529161476720727 ], [ 32.69140414718369, -27.529349146345986 ], [ 32.690317391134748, -27.529260059504075 ] ] ] } },
{ "type": "Feature", "properties": { "geology": "Coarse Shelly Sediment" }, "geometry": { "type": "Polygon", "coordinates": [ [ [ 32.690368111099495, -27.529358714233219 ], [ 32.690208730548555, -27.529346558097146 ], [ 32.690204161093234, -27.529318281613378 ], [ 32.690368111099495, -27.529358714233219 ] ] ] } },
{ "type": "Feature", "properties": { "geology": "Coarse Shelly Sediment" }, "geometry": { "type": "Polygon", "coordinates": [ [ [ 32.690694600075844, -27.529861019770202 ], [ 32.691079714057594, -27.52986908039372 ], [ 32.690911764766177, -27.530008367392206 ], [ 32.691433879669873, -27.530316537178379 ], [ 32.690853421248462, -27.53009251245939 ], [ 32.690723921571802, -27.530007968093209 ], [ 32.690694600075844, -27.529861019770202 ] ] ] } },
{ "type": "Feature", "properties": { "geology": "Coarse Shelly Sediment" }, "geometry": { "type": "Polygon", "coordinates": [ [ [ 32.690158989945523, -27.529854803656196 ], [ 32.690662568922491, -27.530032907192886 ], [ 32.690890451733061, -27.530207966524408 ], [ 32.690289663237415, -27.53000075912766 ], [ 32.690158989945523, -27.529854803656196 ] ] ] } },
{ "type": "Feature", "properties": { "geology": "Coarse Shelly Sediment" }, "geometry": { "type": "Polygon", "coordinates": [ [ [ 32.689842427685981, -27.530260137095574 ], [ 32.689732724785465, -27.530209105066092 ], [ 32.689779488632581, -27.530165990667882 ], [ 32.689842427685981, -27.530260137095574 ] ] ] } },
{ "type": "Feature", "properties": { "geology": "Coarse Shelly Sediment" }, "geometry": { "type": "Polygon", "coordinates": [ [ [ 32.689407067682033, -27.530955080112808 ], [ 32.689050390263347, -27.530924174910695 ], [ 32.688549483172203, -27.530760525277962 ], [ 32.688950813729171, -27.530772265927286 ], [ 32.689407067682033, -27.530955080112808 ] ] ] } },
{ "type": "Feature", "properties": { "geology": "Coarse Shelly Sediment" }, "geometry": { "type": "Polygon", "coordinates": [ [ [ 32.689785253286907, -27.530475109238861 ], [ 32.690780719154944, -27.530889528528796 ], [ 32.69100239124743, -27.531091531548885 ], [ 32.69127514483209, -27.531174011071716 ], [ 32.691024069405373, -27.531071113341181 ], [ 32.690900300208739, -27.530870989904209 ], [ 32.691667011823192, -27.53118812413258 ], [ 32.691220621634479, -27.531199239753061 ], [ 32.690939779547278, -27.531111939864068 ], [ 32.689785253286907, -27.530475109238861 ] ] ] } },
{ "type": "Feature", "properties": { "geology": "Coarse Shelly Sediment" }, "geometry": { "type": "Polygon", "coordinates": [ [ [ 32.691284778369877, -27.531282424344337 ], [ 32.690950854698286, -27.531251322190673 ], [ 32.690782899111603, -27.531182147238294 ], [ 32.69096930788735, -27.531142081541741 ], [ 32.691284778369877, -27.531282424344337 ] ] ] } },
{ "type": "Feature", "properties": { "geology": "Coarse Shelly Sediment" }, "geometry": { "type": "Polygon", "coordinates": [ [ [ 32.692777197010095, -27.526174901050815 ], [ 32.692921711767646, -27.52602612530541 ], [ 32.693245120565912, -27.526204693791563 ], [ 32.692963494269918, -27.526330949613563 ], [ 32.692777197010095, -27.526174901050815 ] ] ] } },
{ "type": "Feature", "properties": { "geology": "Coarse Shelly Sediment" }, "geometry": { "type": "Polygon", "coordinates": [ [ [ 32.691870976264561, -27.526028556172818 ], [ 32.692220466301556, -27.525995593321898 ], [ 32.692343436000854, -27.525950843956249 ], [ 32.692277568754818, -27.526153564635219 ], [ 32.692106460145062, -27.526155866899646 ], [ 32.691957294993266, -27.526108508600764 ], [ 32.691870976264561, -27.526028556172818 ] ] ] } },
{ "type": "Feature", "properties": { "geology": "Coarse Shelly Sediment" }, "geometry": { "type": "Polygon", "coordinates": [ [ [ 32.691696881905607, -27.526247198449397 ], [ 32.692995024500803, -27.526828450972189 ], [ 32.692892289547586, -27.52694879105383 ], [ 32.69309743210087, -27.526822385044916 ], [ 32.693189242089879, -27.526821521695791 ], [ 32.693281792220994, -27.526973773320936 ], [ 32.692973436275103, -27.526977281576258 ], [ 32.693248590150347, -27.527388457910916 ], [ 32.692906166086757, -27.527061418549572 ], [ 32.692863199177332, -27.527258102979022 ], [ 32.692469993995125, -27.527186700405835 ], [ 32.69160281281961, -27.526731898857999 ], [ 32.689614870429963, -27.52697512680059 ], [ 32.689398510632842, -27.526934963977329 ], [ 32.691736869361073, -27.526518392609646 ], [ 32.69249879118631, -27.526942131574064 ], [ 32.692558239071523, -27.526787615456016 ], [ 32.691849257637195, -27.52650657192072 ], [ 32.691696881905607, -27.526247198449397 ] ] ] } },
{ "type": "Feature", "properties": { "geology": "Coarse Shelly Sediment" }, "geometry": { "type": "Polygon", "coordinates": [ [ [ 32.691322111026636, -27.528731497360649 ], [ 32.692940356512267, -27.529944430990653 ], [ 32.694289661538704, -27.530656847835161 ], [ 32.693669372143873, -27.530587873431557 ], [ 32.692513781985483, -27.529908339398247 ], [ 32.691295673656448, -27.528949041564974 ], [ 32.691322111026636, -27.528731497360649 ] ] ] } },
{ "type": "Feature", "properties": { "geology": "Coarse Shelly Sediment" }, "geometry": { "type": "Polygon", "coordinates": [ [ [ 32.692189234645518, -27.529056284819639 ], [ 32.692612045509556, -27.529083491110164 ], [ 32.69282083841108, -27.529441455458759 ], [ 32.69347013633778, -27.529305078666408 ], [ 32.693768776907611, -27.529608728460015 ], [ 32.693441858055337, -27.529314070987514 ], [ 32.693306913882999, -27.529468654554694 ], [ 32.693773644038558, -27.529672403158809 ], [ 32.692707347566156, -27.52947396685007 ], [ 32.692189234645518, -27.529056284819639 ] ] ] } },
{ "type": "Feature", "properties": { "geology": "Coarse Shelly Sediment" }, "geometry": { "type": "Polygon", "coordinates": [ [ [ 32.693631282257925, -27.529870745938123 ], [ 32.694227902395852, -27.530191897438041 ], [ 32.693230827640654, -27.529927722486363 ], [ 32.693631282257925, -27.529870745938123 ] ] ] } },
{ "type": "Feature", "properties": { "geology": "Coarse Shelly Sediment" }, "geometry": { "type": "Polygon", "coordinates": [ [ [ 32.693743215477049, -27.529267055330322 ], [ 32.69411516338414, -27.529025074747366 ], [ 32.694375122314106, -27.529263572256014 ], [ 32.693982064620677, -27.529166263812002 ], [ 32.694172412426944, -27.529545625730012 ], [ 32.693743215477049, -27.529267055330322 ] ] ] } },
{ "type": "Feature", "properties": { "geology": "Coarse Shelly Sediment" }, "geometry": { "type": "Polygon", "coordinates": [ [ [ 32.693383930024403, -27.528775600113832 ], [ 32.693778393358222, -27.528896611989026 ], [ 32.693666222718079, -27.529208263050894 ], [ 32.693383930024403, -27.528775600113832 ] ] ] } },
{ "type": "Feature", "properties": { "geology": "Coarse Shelly Sediment" }, "geometry": { "type": "Polygon", "coordinates": [ [ [ 32.692365213983479, -27.528139926016703 ], [ 32.693035308732625, -27.528232118217655 ], [ 32.693074760192069, -27.528578430050477 ], [ 32.692814080905222, -27.528872291622882 ], [ 32.692805251361342, -27.528307836637239 ], [ 32.692365213983479, -27.528139926016703 ] ] ] } },
{ "type": "Feature", "properties": { "geology": "Coarse Shelly Sediment" }, "geometry": { "type": "Polygon", "coordinates": [ [ [ 32.692871357827023, -27.528043589739788 ], [ 32.693399133962963, -27.528014420229287 ], [ 32.693235606637991, -27.527777467755861 ], [ 32.693074292544615, -27.527870640217788 ], [ 32.693147302206292, -27.527675068249803 ], [ 32.693966084567215, -27.528370015763553 ], [ 32.693776326716169, -27.528677691821994 ], [ 32.693568195715748, -27.528335015948141 ], [ 32.692871357827023, -27.528043589739788 ] ] ] } },
{ "type": "Feature", "properties": { "geology": "Coarse Shelly Sediment" }, "geometry": { "type": "Polygon", "coordinates": [ [ [ 32.690761431395003, -27.527991468631335 ], [ 32.69092217262024, -27.527868668004583 ], [ 32.691184712604461, -27.52823308229085 ], [ 32.690761431395003, -27.527991468631335 ] ] ] } },
{ "type": "Feature", "properties": { "geology": "Coarse Shelly Sediment" }, "geometry": { "type": "Polygon", "coordinates": [ [ [ 32.690768554924986, -27.527806352181361 ], [ 32.690811738570908, -27.527664667590276 ], [ 32.690828612550483, -27.527855328360676 ], [ 32.690768554924986, -27.527806352181361 ] ] ] } },
{ "type": "Feature", "properties": { "geology": "Coarse Shelly Sediment" }, "geometry": { "type": "Polygon", "coordinates": [ [ [ 32.717493577766447, -27.4629760362151 ], [ 32.717209841660953, -27.463842235330841 ], [ 32.71757177022107, -27.464666100660001 ], [ 32.717244766832593, -27.464763245427349 ], [ 32.717140631634905, -27.465179745748618 ], [ 32.716782001788026, -27.465089396258556 ], [ 32.716732521089092, -27.463972630732187 ], [ 32.716314767112848, -27.464602552765545 ], [ 32.715994478062811, -27.464129197304551 ], [ 32.715519422883098, -27.464598538191922 ], [ 32.714785187586443, -27.46484251526979 ], [ 32.713426067359237, -27.464832557076843 ], [ 32.713708833096227, -27.464489454025081 ], [ 32.715557839223031, -27.464268411457954 ], [ 32.71557506753539, -27.463837344817598 ], [ 32.716151171439471, -27.463480760928309 ], [ 32.716905881601221, -27.463362550441328 ], [ 32.717493577766447, -27.4629760362151 ] ] ] } },
{ "type": "Feature", "properties": { "geology": "Coarse Shelly Sediment" }, "geometry": { "type": "Polygon", "coordinates": [ [ [ 32.714381730132828, -27.463419149274273 ], [ 32.714999770323224, -27.46325383139909 ], [ 32.715419264487537, -27.463491717368775 ], [ 32.71444258096038, -27.463496137536652 ], [ 32.714311592006418, -27.464165353648141 ], [ 32.714144072590969, -27.463678124345858 ], [ 32.714381730132828, -27.463419149274273 ] ] ] } },
{ "type": "Feature", "properties": { "geology": "Coarse Shelly Sediment" }, "geometry": { "type": "Polygon", "coordinates": [ [ [ 32.711780600294503, -27.463351664147922 ], [ 32.71238369285318, -27.46342111699089 ], [ 32.711737778176015, -27.463484223318201 ], [ 32.711780600294503, -27.463351664147922 ] ] ] } },
{ "type": "Feature", "properties": { "geology": "Coarse Shelly Sediment" }, "geometry": { "type": "Polygon", "coordinates": [ [ [ 32.711711826439696, -27.465754470092701 ], [ 32.714115419291218, -27.465458939378479 ], [ 32.712174156212384, -27.465809214523592 ], [ 32.711711826439696, -27.465754470092701 ] ] ] } },
{ "type": "Feature", "properties": { "geology": "Coarse Shelly Sediment" }, "geometry": { "type": "Polygon", "coordinates": [ [ [ 32.709179058566804, -27.467499430953893 ], [ 32.70976354685024, -27.467642921383675 ], [ 32.70991092864648, -27.467756538133699 ], [ 32.70917859091935, -27.467681234301477 ], [ 32.709179058566804, -27.467499430953893 ] ] ] } },
{ "type": "Feature", "properties": { "geology": "Coarse Shelly Sediment" }, "geometry": { "type": "Polygon", "coordinates": [ [ [ 32.711287265494967, -27.467723540209146 ], [ 32.712175793877904, -27.467701933997045 ], [ 32.711210412130896, -27.467891698143308 ], [ 32.711287265494967, -27.467723540209146 ] ] ] } },
{ "type": "Feature", "properties": { "geology": "Coarse Shelly Sediment" }, "geometry": { "type": "Polygon", "coordinates": [ [ [ 32.708319250033391, -27.465054436013368 ], [ 32.706790956537461, -27.467515118727679 ], [ 32.70655226747327, -27.467664398992742 ], [ 32.707553822650809, -27.46574368362403 ], [ 32.708319250033391, -27.465054436013368 ] ] ] } },
{ "type": "Feature", "properties": { "geology": "Coarse Shelly Sediment" }, "geometry": { "type": "Polygon", "coordinates": [ [ [ 32.705802852519717, -27.472628053242033 ], [ 32.708338795898769, -27.47300148862773 ], [ 32.708036760388225, -27.473240916934738 ], [ 32.707372900638958, -27.473242737162543 ], [ 32.705802852519717, -27.472628053242033 ] ] ] } },
{ "type": "Feature", "properties": { "geology": "Coarse Shelly Sediment" }, "geometry": { "type": "Polygon", "coordinates": [ [ [ 32.706350236574231, -27.471880219296622 ], [ 32.707142878341216, -27.472022724069404 ], [ 32.707325495575219, -27.472167139002213 ], [ 32.706622173574466, -27.472178478553872 ], [ 32.706350236574231, -27.471880219296622 ] ] ] } },
{ "type": "Feature", "properties": { "geology": "Coarse Shelly Sediment" }, "geometry": { "type": "Polygon", "coordinates": [ [ [ 32.708017324240174, -27.47061333173977 ], [ 32.708205379674595, -27.471348102133167 ], [ 32.708962053955716, -27.471291690359148 ], [ 32.709837978340147, -27.471556880645455 ], [ 32.708576579345738, -27.471613099964568 ], [ 32.709625925396232, -27.472504966630868 ], [ 32.712074389921256, -27.472925370909071 ], [ 32.709757282172866, -27.472733728079056 ], [ 32.708823512495172, -27.472157124151909 ], [ 32.707626763064738, -27.47190169960372 ], [ 32.708017324240174, -27.47061333173977 ] ] ] } },
{ "type": "Feature", "properties": { "geology": "Coarse Shelly Sediment" }, "geometry": { "type": "Polygon", "coordinates": [ [ [ 32.709642811966255, -27.471850522783328 ], [ 32.709912927839426, -27.471985502928575 ], [ 32.709506823680996, -27.471894648019546 ], [ 32.709642811966255, -27.471850522783328 ] ] ] } },
{ "type": "Feature", "properties": { "geology": "Coarse Shelly Sediment" }, "geometry": { "type": "Polygon", "coordinates": [ [ [ 32.706873004385663, -27.46993386155841 ], [ 32.706974682635547, -27.470286652107301 ], [ 32.706635798303545, -27.470587525693734 ], [ 32.706676926998647, -27.470295035587295 ], [ 32.706873004385663, -27.46993386155841 ] ] ] } },
{ "type": "Feature", "properties": { "geology": "Coarse Shelly Sediment" }, "geometry": { "type": "Polygon", "coordinates": [ [ [ 32.70831243137367, -27.469455148836019 ], [ 32.708569343400526, -27.469683674661844 ], [ 32.708849840148055, -27.469848641801335 ], [ 32.708312943087904, -27.469846056250422 ], [ 32.70831243137367, -27.469455148836019 ] ] ] } },
{ "type": "Feature", "properties": { "geology": "Coarse Shelly Sediment" }, "geometry": { "type": "Polygon", "coordinates": [ [ [ 32.708204412004058, -27.469254109889206 ], [ 32.709319431046929, -27.468745939873166 ], [ 32.709354992039337, -27.468767175564615 ], [ 32.708631965892558, -27.469216852775485 ], [ 32.708204412004058, -27.469254109889206 ] ] ] } },
{ "type": "Feature", "properties": { "geology": "Coarse Shelly Sediment" }, "geometry": { "type": "Polygon", "coordinates": [ [ [ 32.710394754914034, -27.477381772450777 ], [ 32.710445205981536, -27.477582405803336 ], [ 32.71013652178317, -27.477555032238939 ], [ 32.709334625992234, -27.476991850693299 ], [ 32.710394754914034, -27.477381772450777 ] ] ] } },
{ "type": "Feature", "properties": { "geology": "Coarse Shelly Sediment" }, "geometry": { "type": "Polygon", "coordinates": [ [ [ 32.709989817176378, -27.476708104695216 ], [ 32.710098521829359, -27.476826379933453 ], [ 32.709999171024982, -27.476858285181649 ], [ 32.709989817176378, -27.476708104695216 ] ] ] } },
{ "type": "Feature", "properties": { "geology": "Coarse Shelly Sediment" }, "geometry": { "type": "Polygon", "coordinates": [ [ [ 32.710227272370837, -27.476479955685328 ], [ 32.710304837098576, -27.476456743284029 ], [ 32.710270132260867, -27.476517401656743 ], [ 32.710227272370837, -27.476479955685328 ] ] ] } },
{ "type": "Feature", "properties": { "geology": "Coarse Shelly Sediment" }, "geometry": { "type": "Polygon", "coordinates": [ [ [ 32.710085309889209, -27.475864096350911 ], [ 32.71033165757995, -27.475980617911119 ], [ 32.710157452604399, -27.47606013416782 ], [ 32.710085309889209, -27.475864096350911 ] ] ] } },
{ "type": "Feature", "properties": { "geology": "Coarse Shelly Sediment" }, "geometry": { "type": "Polygon", "coordinates": [ [ [ 32.708243424594386, -27.475833626420684 ], [ 32.710227250787106, -27.475644436041804 ], [ 32.70936771294965, -27.475941748313019 ], [ 32.708243424594386, -27.475833626420684 ] ] ] } },
{ "type": "Feature", "properties": { "geology": "Coarse Shelly Sediment" }, "geometry": { "type": "Polygon", "coordinates": [ [ [ 32.708899464738593, -27.475382651488133 ], [ 32.709150450233203, -27.47537051873438 ], [ 32.709268994368649, -27.475479923059925 ], [ 32.708899464738593, -27.475382651488133 ] ] ] } },
{ "type": "Feature", "properties": { "geology": "Coarse Shelly Sediment" }, "geometry": { "type": "Polygon", "coordinates": [ [ [ 32.71170047789483, -27.475970662416124 ], [ 32.711789169035015, -27.476615521289165 ], [ 32.711487006720048, -27.476999908618836 ], [ 32.711165934360494, -27.476945535607879 ], [ 32.711037313321405, -27.476219993158129 ], [ 32.711188540618757, -27.475969602115423 ], [ 32.71170047789483, -27.475970662416124 ] ] ] } },
{ "type": "Feature", "properties": { "geology": "Coarse Shelly Sediment" }, "geometry": { "type": "Polygon", "coordinates": [ [ [ 32.70598633130421, -27.477039638868163 ], [ 32.7073561040011, -27.477096430156116 ], [ 32.707995192823937, -27.476666499359393 ], [ 32.710020681009688, -27.476371105342206 ], [ 32.707575456742035, -27.477251259238173 ], [ 32.706340780202886, -27.477336014945042 ], [ 32.705968072368705, -27.477266312090578 ], [ 32.70598633130421, -27.477039638868163 ] ] ] } },
{ "type": "Feature", "properties": { "geology": "Coarse Shelly Sediment" }, "geometry": { "type": "Polygon", "coordinates": [ [ [ 32.705810030908296, -27.477687509570821 ], [ 32.707414638175074, -27.478433266981646 ], [ 32.710445522542905, -27.47902964070536 ], [ 32.707296799108057, -27.478730679077543 ], [ 32.705810030908296, -27.477687509570821 ] ] ] } },
{ "type": "Feature", "properties": { "geology": "Coarse Shelly Sediment" }, "geometry": { "type": "Polygon", "coordinates": [ [ [ 32.704748675311201, -27.480450278157743 ], [ 32.705384853028619, -27.480124842287569 ], [ 32.706151436039995, -27.480595778572262 ], [ 32.7076752491135, -27.480651131844194 ], [ 32.707938606581479, -27.481294832390571 ], [ 32.707704087673569, -27.481544647867175 ], [ 32.707138941109299, -27.481539993875554 ], [ 32.706251405577966, -27.481110517236516 ], [ 32.705633724217051, -27.480340909805086 ], [ 32.705206675747583, -27.480361908075558 ], [ 32.704947610743766, -27.480652573457448 ], [ 32.704748675311201, -27.480450278157743 ] ] ] } },
{ "type": "Feature", "properties": { "geology": "Coarse Shelly Sediment" }, "geometry": { "type": "Polygon", "coordinates": [ [ [ 32.707879138911245, -27.480508722399581 ], [ 32.708305848336288, -27.480639618723355 ], [ 32.70786883987514, -27.480545191707158 ], [ 32.707879138911245, -27.480508722399581 ] ] ] } },
{ "type": "Feature", "properties": { "geology": "Coarse Shelly Sediment" }, "geometry": { "type": "Polygon", "coordinates": [ [ [ 32.707601589242032, -27.479767190003756 ], [ 32.708165027993701, -27.480036474004027 ], [ 32.707287072040792, -27.479807777307052 ], [ 32.707601589242032, -27.479767190003756 ] ] ] } },
{ "type": "Feature", "properties": { "geology": "Coarse Shelly Sediment" }, "geometry": { "type": "Polygon", "coordinates": [ [ [ 32.706598701269158, -27.479567121425475 ], [ 32.707166751744225, -27.479836373949475 ], [ 32.707656022507535, -27.480167354140075 ], [ 32.706519051013466, -27.479971141854655 ], [ 32.706884564271277, -27.479881171878581 ], [ 32.706598701269158, -27.479567121425475 ] ] ] } },
{ "type": "Feature", "properties": { "geology": "Coarse Shelly Sediment" }, "geometry": { "type": "Polygon", "coordinates": [ [ [ 32.703465326563631, -27.484625919450561 ], [ 32.704276943126551, -27.484780388803845 ], [ 32.704699485992577, -27.485013122557479 ], [ 32.703465326563631, -27.484625919450561 ] ] ] } },
{ "type": "Feature", "properties": { "geology": "Coarse Shelly Sediment" }, "geometry": { "type": "Polygon", "coordinates": [ [ [ 32.704978630159729, -27.485752846416659 ], [ 32.705521989748092, -27.485785919884268 ], [ 32.705540380883946, -27.485847646651482 ], [ 32.705221656654238, -27.485864621355073 ], [ 32.704978630159729, -27.485752846416659 ] ] ] } },
{ "type": "Feature", "properties": { "geology": "Coarse Shelly Sediment" }, "geometry": { "type": "Polygon", "coordinates": [ [ [ 32.693500844588407, -27.484468578562034 ], [ 32.692012467501399, -27.483874499008898 ], [ 32.692918158546213, -27.483771225361682 ], [ 32.693880788367736, -27.483854858714718 ], [ 32.694313630269832, -27.484006963750339 ], [ 32.693688689581407, -27.484008631992719 ], [ 32.693801777530062, -27.484375801801772 ], [ 32.693500844588407, -27.484468578562034 ] ] ] } },
{ "type": "Feature", "properties": { "geology": "Coarse Shelly Sediment" }, "geometry": { "type": "Polygon", "coordinates": [ [ [ 32.695215259076988, -27.487456371913975 ], [ 32.695031745218891, -27.487391573961915 ], [ 32.695222869140174, -27.487424186077295 ], [ 32.695215259076988, -27.487456371913975 ] ] ] } },
{ "type": "Feature", "properties": { "geology": "Coarse Shelly Sediment" }, "geometry": { "type": "Polygon", "coordinates": [ [ [ 32.69522464260325, -27.48730021813051 ], [ 32.694934067153604, -27.487330989333667 ], [ 32.694855349494837, -27.486930971786848 ], [ 32.69522464260325, -27.48730021813051 ] ] ] } },
{ "type": "Feature", "properties": { "geology": "Coarse Shelly Sediment" }, "geometry": { "type": "Polygon", "coordinates": [ [ [ 32.695836572799621, -27.48934633766331 ], [ 32.695763662063435, -27.489277502654591 ], [ 32.695848639902898, -27.489272407095875 ], [ 32.695836572799621, -27.48934633766331 ] ] ] } },
{ "type": "Feature", "properties": { "geology": "Coarse Shelly Sediment" }, "geometry": { "type": "Polygon", "coordinates": [ [ [ 32.698437840234241, -27.491322728261256 ], [ 32.698843315766496, -27.491433033707505 ], [ 32.698218950644147, -27.491315915896728 ], [ 32.698437840234241, -27.491322728261256 ] ] ] } },
{ "type": "Feature", "properties": { "geology": "Coarse Shelly Sediment" }, "geometry": { "type": "Polygon", "coordinates": [ [ [ 32.699783482321912, -27.490982162196925 ], [ 32.69950536697921, -27.491156026329481 ], [ 32.69947545732655, -27.491027494323319 ], [ 32.699783482321912, -27.490982162196925 ] ] ] } },
{ "type": "Feature", "properties": { "geology": "Coarse Shelly Sediment" }, "geometry": { "type": "Polygon", "coordinates": [ [ [ 32.697184682627054, -27.491924406186342 ], [ 32.696660591013575, -27.490513604619107 ], [ 32.696837471472193, -27.490282514826173 ], [ 32.697424111833357, -27.490454518261345 ], [ 32.697197317202502, -27.490899189845642 ], [ 32.69761482746236, -27.491094649398498 ], [ 32.697490238084129, -27.491532095829523 ], [ 32.697836899753149, -27.491967586235042 ], [ 32.697184682627054, -27.491924406186342 ] ] ] } },
{ "type": "Feature", "properties": { "geology": "Coarse Shelly Sediment" }, "geometry": { "type": "Polygon", "coordinates": [ [ [ 32.697419918294678, -27.492713616140371 ], [ 32.696747983532674, -27.492632977529837 ], [ 32.696403479337157, -27.492302876876192 ], [ 32.696491906976, -27.491808549225123 ], [ 32.697011930056647, -27.492332730770812 ], [ 32.697137719130481, -27.492106565665416 ], [ 32.69731978058347, -27.492106296768117 ], [ 32.697169634271255, -27.492154768427799 ], [ 32.697393517796733, -27.492524076824619 ], [ 32.697725382020806, -27.492540696296 ], [ 32.697633561239918, -27.492751857112445 ], [ 32.697848590040486, -27.492864928873306 ], [ 32.697391264095657, -27.492922892877164 ], [ 32.697419918294678, -27.492713616140371 ] ], [ [ 32.697190685601726, -27.492435993626128 ], [ 32.696840613703415, -27.492456991896649 ], [ 32.697136793728063, -27.492533712161013 ], [ 32.697190685601726, -27.492435993626128 ] ] ] } },
{ "type": "Feature", "properties": { "geology": "Coarse Shelly Sediment" }, "geometry": { "type": "Polygon", "coordinates": [ [ [ 32.69693383562808, -27.489700788360658 ], [ 32.697331437595864, -27.489848166559572 ], [ 32.69722573667844, -27.490234474841092 ], [ 32.696847605932341, -27.490018418115504 ], [ 32.69693383562808, -27.489700788360658 ] ] ] } },
{ "type": "Feature", "properties": { "geology": "Coarse Shelly Sediment" }, "geometry": { "type": "Polygon", "coordinates": [ [ [ 32.697036520219299, -27.488932765534699 ], [ 32.697443155877011, -27.489274218330447 ], [ 32.6971382497305, -27.489505481692561 ], [ 32.697348339454408, -27.489708416410188 ], [ 32.697034849278943, -27.489550667229505 ], [ 32.697036520219299, -27.488932765534699 ] ] ] } },
{ "type": "Feature", "properties": { "geology": "Coarse Shelly Sediment" }, "geometry": { "type": "Polygon", "coordinates": [ [ [ 32.696984882046706, -27.488733277019083 ], [ 32.697376218437824, -27.48861632378425 ], [ 32.697329843097805, -27.488964735534026 ], [ 32.696984882046706, -27.488733277019083 ] ] ] } },
{ "type": "Feature", "properties": { "geology": "Coarse Shelly Sediment" }, "geometry": { "type": "Polygon", "coordinates": [ [ [ 32.700636171821948, -27.487935400298451 ], [ 32.70070428737305, -27.487996413004016 ], [ 32.700627119246263, -27.487970300289074 ], [ 32.700636171821948, -27.487935400298451 ] ] ] } },
{ "type": "Feature", "properties": { "geology": "Coarse Shelly Sediment" }, "geometry": { "type": "Polygon", "coordinates": [ [ [ 32.69976435913793, -27.487939257490698 ], [ 32.700149033351238, -27.487929298398342 ], [ 32.699939536280624, -27.488022619248486 ], [ 32.700163129324991, -27.48808454476589 ], [ 32.699882538148685, -27.488073161147469 ], [ 32.69976435913793, -27.487939257490698 ] ] ] } },
{ "type": "Feature", "properties": { "geology": "Coarse Shelly Sediment" }, "geometry": { "type": "Polygon", "coordinates": [ [ [ 32.695542727415003, -27.495086451278677 ], [ 32.695260364574224, -27.495340609581412 ], [ 32.694284006601677, -27.495279506943575 ], [ 32.694803016146373, -27.495075460663969 ], [ 32.695050908872417, -27.494666544325518 ], [ 32.695663718605786, -27.494897608937443 ], [ 32.695559916157251, -27.495038867249878 ], [ 32.695280486905006, -27.494853021449686 ], [ 32.695243757693319, -27.495099528320491 ], [ 32.695542727415003, -27.495086451278677 ] ] ] } },
{ "type": "Feature", "properties": { "geology": "Coarse Shelly Sediment" }, "geometry": { "type": "Polygon", "coordinates": [ [ [ 32.694439860011585, -27.494452237680576 ], [ 32.693803239827773, -27.494686156740684 ], [ 32.693960759681403, -27.494355026363326 ], [ 32.694439860011585, -27.494452237680576 ] ] ] } },
{ "type": "Feature", "properties": { "geology": "Coarse Shelly Sediment" }, "geometry": { "type": "Polygon", "coordinates": [ [ [ 32.694281882403018, -27.494082928384373 ], [ 32.694121169056778, -27.494280818804665 ], [ 32.694011089340329, -27.494183852103035 ], [ 32.694281882403018, -27.494082928384373 ] ] ] } },
{ "type": "Feature", "properties": { "geology": "Coarse Shelly Sediment" }, "geometry": { "type": "Polygon", "coordinates": [ [ [ 32.695492398655389, -27.494008047233493 ], [ 32.695383951208477, -27.494148771348641 ], [ 32.695219290737747, -27.493997816545988 ], [ 32.695263745125779, -27.49390159538223 ], [ 32.695492398655389, -27.494008047233493 ] ] ] } },
{ "type": "Feature", "properties": { "geology": "Coarse Shelly Sediment" }, "geometry": { "type": "Polygon", "coordinates": [ [ [ 32.697112448180995, -27.493572389554078 ], [ 32.697106314804607, -27.493797549217515 ], [ 32.696878169392093, -27.493734832296607 ], [ 32.696633155395823, -27.494086341311576 ], [ 32.69665406733143, -27.493729378807707 ], [ 32.696883642666045, -27.493665672632616 ], [ 32.696703091174761, -27.493627750919938 ], [ 32.697115960033578, -27.493513724978349 ], [ 32.69742364958185, -27.493675370022242 ], [ 32.697112448180995, -27.493572389554078 ] ] ] } },
{ "type": "Feature", "properties": { "geology": "Coarse Shelly Sediment" }, "geometry": { "type": "Polygon", "coordinates": [ [ [ 32.697958640978541, -27.493605429746779 ], [ 32.697616194431895, -27.493641104952975 ], [ 32.697496044107197, -27.493557182018247 ], [ 32.697688454958289, -27.493460162256618 ], [ 32.697958640978541, -27.493605429746779 ] ] ] } },
{ "type": "Feature", "properties": { "geology": "Coarse Shelly Sediment" }, "geometry": { "type": "Polygon", "coordinates": [ [ [ 32.697914314294216, -27.494241899743802 ], [ 32.697354388294507, -27.49424068296106 ], [ 32.69744142648068, -27.494027534642935 ], [ 32.697914314294216, -27.494241899743802 ] ] ] } },
{ "type": "Feature", "properties": { "geology": "Coarse Shelly Sediment" }, "geometry": { "type": "Polygon", "coordinates": [ [ [ 32.698577221661502, -27.494091799297042 ], [ 32.699116545092572, -27.494469266343497 ], [ 32.698808107308395, -27.494532372670783 ], [ 32.699026330500871, -27.494648870848646 ], [ 32.698527403716746, -27.494448419159195 ], [ 32.698364570668424, -27.494007649733163 ], [ 32.698635451864725, -27.493906330312786 ], [ 32.698577221661502, -27.494091799297042 ] ] ] } },
{ "type": "Feature", "properties": { "geology": "Coarse Shelly Sediment" }, "geometry": { "type": "Polygon", "coordinates": [ [ [ 32.698294132168563, -27.495390333097337 ], [ 32.698276960513411, -27.495171875181843 ], [ 32.697713538848788, -27.495181133702296 ], [ 32.698244396961442, -27.494750753244606 ], [ 32.698459415869493, -27.494906210053504 ], [ 32.698294132168563, -27.495390333097337 ] ] ] } },
{ "type": "Feature", "properties": { "geology": "Coarse Shelly Sediment" }, "geometry": { "type": "Polygon", "coordinates": [ [ [ 32.697795820520767, -27.495269549649965 ], [ 32.697471383797399, -27.495462330122379 ], [ 32.697241953253588, -27.495401588112781 ], [ 32.697347600211678, -27.495159157868777 ], [ 32.697795820520767, -27.495269549649965 ] ] ] } },
{ "type": "Feature", "properties": { "geology": "Coarse Shelly Sediment" }, "geometry": { "type": "Polygon", "coordinates": [ [ [ 32.699166170582373, -27.493068163964555 ], [ 32.699353773657862, -27.493216138413963 ], [ 32.698949837764879, -27.493292733672654 ], [ 32.699187000679622, -27.493609900276628 ], [ 32.699109191336184, -27.493680437701947 ], [ 32.698924608184235, -27.493687739297638 ], [ 32.69908354177209, -27.49358970689941 ], [ 32.69879917793979, -27.493512237499715 ], [ 32.698794896267472, -27.49318481322846 ], [ 32.698339666642404, -27.493044951563206 ], [ 32.698619649876996, -27.492325051459876 ], [ 32.699143817033573, -27.49239072535163 ], [ 32.699317438349205, -27.492613060244459 ], [ 32.699166170582373, -27.493068163964555 ] ] ] } },
{ "type": "Feature", "properties": { "geology": "Coarse Shelly Sediment" }, "geometry": { "type": "Polygon", "coordinates": [ [ [ 32.695713059010522, -27.492438151999057 ], [ 32.696052141193483, -27.492620146002878 ], [ 32.695543714870638, -27.492606901687118 ], [ 32.695713059010522, -27.492438151999057 ] ] ] } },
{ "type": "Feature", "properties": { "geology": "Coarse Shelly Sediment" }, "geometry": { "type": "Polygon", "coordinates": [ [ [ 32.69567629022869, -27.495530632732454 ], [ 32.695484711250444, -27.495433867478912 ], [ 32.695809063437615, -27.495445970555089 ], [ 32.69567629022869, -27.495530632732454 ] ] ] } },
{ "type": "Feature", "properties": { "geology": "Coarse Shelly Sediment" }, "geometry": { "type": "Polygon", "coordinates": [ [ [ 32.693437705885501, -27.49575202603512 ], [ 32.693189321230278, -27.495700100978809 ], [ 32.693362599004807, -27.495576034106623 ], [ 32.693245444321889, -27.495321162641496 ], [ 32.693606389923012, -27.495448684709007 ], [ 32.693437705885501, -27.49575202603512 ] ] ] } },
{ "type": "Feature", "properties": { "geology": "Coarse Shelly Sediment" }, "geometry": { "type": "Polygon", "coordinates": [ [ [ 32.69485235295376, -27.499249917549623 ], [ 32.694543310825175, -27.498345603366886 ], [ 32.694107948123353, -27.498242541959662 ], [ 32.694548630315069, -27.498241262224404 ], [ 32.694554577531775, -27.497561168812869 ], [ 32.694343375346527, -27.497449625899456 ], [ 32.694649685334753, -27.497321253972647 ], [ 32.694956301991795, -27.497680152716807 ], [ 32.695418569711251, -27.497699536704154 ], [ 32.695322511324896, -27.497832848607022 ], [ 32.695733344118594, -27.498225945870651 ], [ 32.695752581516544, -27.498549529137364 ], [ 32.695360953745123, -27.498424160046905 ], [ 32.695235431769795, -27.498690334191522 ], [ 32.694987525553927, -27.49863817800944 ], [ 32.695047987874368, -27.499078664148989 ], [ 32.69485235295376, -27.499249917549623 ] ] ] } },
{ "type": "Feature", "properties": { "geology": "Coarse Shelly Sediment" }, "geometry": { "type": "Polygon", "coordinates": [ [ [ 32.696941935821741, -27.497606507234472 ], [ 32.696694756258054, -27.497570778068916 ], [ 32.696564183690143, -27.496992519389245 ], [ 32.697069243850585, -27.495835414772536 ], [ 32.697898232617369, -27.496776802607293 ], [ 32.697528487149995, -27.496799453831677 ], [ 32.697443538988225, -27.497091564424103 ], [ 32.696877264674072, -27.496937301015553 ], [ 32.697215952054613, -27.49741768018173 ], [ 32.696965302007122, -27.497395720535984 ], [ 32.696941935821741, -27.497606507234472 ] ] ] } },
{ "type": "Feature", "properties": { "geology": "Coarse Shelly Sediment" }, "geometry": { "type": "Polygon", "coordinates": [ [ [ 32.702940908496231, -27.492404565917884 ], [ 32.703054779754339, -27.492419857990011 ], [ 32.703104627376725, -27.492419965009315 ], [ 32.703038564078497, -27.492434250740022 ], [ 32.702940908496231, -27.492404565917884 ] ] ] } },
{ "type": "Feature", "properties": { "geology": "Coarse Shelly Sediment" }, "geometry": { "type": "Polygon", "coordinates": [ [ [ 32.701198497212971, -27.491243328017116 ], [ 32.701421559657355, -27.490745928281893 ], [ 32.701580167690658, -27.490830227133227 ], [ 32.701268541809767, -27.491088686893349 ], [ 32.701382595630385, -27.49121849054087 ], [ 32.701653701657079, -27.491018752013758 ], [ 32.703460477419114, -27.491348150296812 ], [ 32.704236263193039, -27.491189041341169 ], [ 32.704898137239347, -27.49071936140929 ], [ 32.704007142915415, -27.491373914974087 ], [ 32.703771300205396, -27.491864648035076 ], [ 32.703461851583292, -27.491919483297448 ], [ 32.703498152717607, -27.492109127833935 ], [ 32.704502701738392, -27.491340183202851 ], [ 32.703749497941075, -27.491980465426099 ], [ 32.704030511798749, -27.492208746636305 ], [ 32.703711772280549, -27.49226999946082 ], [ 32.703521717653196, -27.492246312217468 ], [ 32.703089667154458, -27.492287867191266 ], [ 32.702981588429644, -27.492265410220455 ], [ 32.702819967667445, -27.49178787381128 ], [ 32.702389184313461, -27.49165248267585 ], [ 32.702713102128023, -27.491653121194517 ], [ 32.703140441078503, -27.491925203884954 ], [ 32.703264509749417, -27.491651065344328 ], [ 32.702616078769104, -27.491344321882863 ], [ 32.701898471937042, -27.491336576022125 ], [ 32.701746985634983, -27.491246559281265 ], [ 32.701682935019505, -27.491115102679831 ], [ 32.701411792120574, -27.49126822035203 ], [ 32.701198497212971, -27.491243328017116 ] ], [ [ 32.702079957823891, -27.491235998542436 ], [ 32.701838476364614, -27.491209191550933 ], [ 32.701824239197329, -27.491277998680612 ], [ 32.702079957823891, -27.491235998542436 ] ], [ [ 32.703610867447715, -27.491758460584393 ], [ 32.703805165076346, -27.491573640011445 ], [ 32.703483029718079, -27.491769455695771 ], [ 32.703610867447715, -27.491758460584393 ] ], [ [ 32.703798943566426, -27.49140529232033 ], [ 32.703748581531869, -27.491332601018673 ], [ 32.703718840951836, -27.49143016487016 ], [ 32.703798943566426, -27.49140529232033 ] ] ] } },
{ "type": "Feature", "properties": { "geology": "Coarse Shelly Sediment" }, "geometry": { "type": "Polygon", "coordinates": [ [ [ 32.701310191212421, -27.490345754253081 ], [ 32.701725573676349, -27.490280759349499 ], [ 32.701811832150391, -27.490462016808561 ], [ 32.702368427061337, -27.490354430912177 ], [ 32.703122040949502, -27.49050756477223 ], [ 32.702183919452374, -27.490403599546372 ], [ 32.701753220634657, -27.49047210180597 ], [ 32.701562632709432, -27.490782433562408 ], [ 32.701133203734408, -27.490758103303794 ], [ 32.7014611864846, -27.490543725612387 ], [ 32.701310191212421, -27.490345754253081 ] ] ] } },
{ "type": "Feature", "properties": { "geology": "Coarse Shelly Sediment" }, "geometry": { "type": "Polygon", "coordinates": [ [ [ 32.70319068620126, -27.49266833887269 ], [ 32.703731484520461, -27.492698397812788 ], [ 32.704261224775756, -27.492354993488124 ], [ 32.70380137803128, -27.492925110605324 ], [ 32.704105617780108, -27.492982931616911 ], [ 32.704013653107687, -27.493843355286533 ], [ 32.704094525541976, -27.494409332824436 ], [ 32.704368489614183, -27.494387723914258 ], [ 32.704166515372421, -27.494632844929836 ], [ 32.704328493165505, -27.494849108499491 ], [ 32.704332058078087, -27.49514434603466 ], [ 32.703949094375318, -27.493979702401308 ], [ 32.703944493443693, -27.493576452691109 ], [ 32.703829694085208, -27.493729181856235 ], [ 32.703639714101598, -27.493511579195939 ], [ 32.703923630970841, -27.493511289614272 ], [ 32.70372217923525, -27.493391367717379 ], [ 32.703836984889016, -27.493132232566396 ], [ 32.703498577197671, -27.493420817816439 ], [ 32.70319068620126, -27.49266833887269 ] ], [ [ 32.703376846764129, -27.493002822821893 ], [ 32.703593985374198, -27.492958010503756 ], [ 32.703638950577165, -27.49288749915873 ], [ 32.70344349731964, -27.492879399864325 ], [ 32.703376846764129, -27.493002822821893 ] ], [ [ 32.703411146007625, -27.492707901848071 ], [ 32.703579662771347, -27.492813399518759 ], [ 32.703636666299225, -27.49274598364018 ], [ 32.703411146007625, -27.492707901848071 ] ], [ [ 32.703804882689255, -27.492991469780435 ], [ 32.703714877639527, -27.493001731944283 ], [ 32.70375780228084, -27.493039307418016 ], [ 32.703804882689255, -27.492991469780435 ] ] ] } },
{ "type": "Feature", "properties": { "geology": "Coarse Shelly Sediment" }, "geometry": { "type": "Polygon", "coordinates": [ [ [ 32.703982048233044, -27.495209501916904 ], [ 32.704096147918939, -27.4955425811251 ], [ 32.703843277445387, -27.495360500786443 ], [ 32.703982048233044, -27.495209501916904 ] ] ] } },
{ "type": "Feature", "properties": { "geology": "Coarse Shelly Sediment" }, "geometry": { "type": "Polygon", "coordinates": [ [ [ 32.703934979515743, -27.495515757046483 ], [ 32.704023494388856, -27.495586642509522 ], [ 32.703913532483568, -27.495562836555575 ], [ 32.703934979515743, -27.495515757046483 ] ] ] } },
{ "type": "Feature", "properties": { "geology": "Coarse Shelly Sediment" }, "geometry": { "type": "Polygon", "coordinates": [ [ [ 32.70386393577207, -27.496189492251229 ], [ 32.704037159587308, -27.496160971151866 ], [ 32.704002894518041, -27.496220193307202 ], [ 32.70386393577207, -27.496189492251229 ] ] ] } },
{ "type": "Feature", "properties": { "geology": "Coarse Shelly Sediment" }, "geometry": { "type": "Polygon", "coordinates": [ [ [ 32.704133304308598, -27.496254681408413 ], [ 32.703946476448813, -27.495987077341677 ], [ 32.704137256829029, -27.495772357008605 ], [ 32.703861162262854, -27.495677139488315 ], [ 32.703869100578594, -27.495582137805322 ], [ 32.704196094973817, -27.495780454504292 ], [ 32.704347148702041, -27.495611185907435 ], [ 32.704133304308598, -27.496254681408413 ] ] ] } },
{ "type": "Feature", "properties": { "geology": "Coarse Shelly Sediment" }, "geometry": { "type": "Polygon", "coordinates": [ [ [ 32.703871117757956, -27.504629486661408 ], [ 32.703990239258211, -27.504858244512281 ], [ 32.703818594652525, -27.505025518412872 ], [ 32.703755402889591, -27.504799876712941 ], [ 32.703871117757956, -27.504629486661408 ] ] ] } },
{ "type": "Feature", "properties": { "geology": "Coarse Shelly Sediment" }, "geometry": { "type": "Polygon", "coordinates": [ [ [ 32.704185031514058, -27.503330419563156 ], [ 32.704420566655891, -27.503637760174474 ], [ 32.704304028907899, -27.504328713799072 ], [ 32.704094181101674, -27.503513104246334 ], [ 32.704185031514058, -27.503330419563156 ] ] ] } },
{ "type": "Feature", "properties": { "geology": "Coarse Shelly Sediment" }, "geometry": { "type": "Polygon", "coordinates": [ [ [ 32.704583260309313, -27.502625236865111 ], [ 32.704683357550934, -27.502762799863245 ], [ 32.704661619138491, -27.502880991464572 ], [ 32.704562612774446, -27.502839000319529 ], [ 32.704583260309313, -27.502625236865111 ] ] ] } },
{ "type": "Feature", "properties": { "geology": "Coarse Shelly Sediment" }, "geometry": { "type": "Polygon", "coordinates": [ [ [ 32.69259582353844, -27.499778897877793 ], [ 32.692897098222566, -27.500041452251217 ], [ 32.692617307442895, -27.500317792332201 ], [ 32.692724437382957, -27.500527321778414 ], [ 32.692577668924329, -27.500599382655356 ], [ 32.69259582353844, -27.499778897877793 ] ] ] } },
{ "type": "Feature", "properties": { "geology": "Coarse Shelly Sediment" }, "geometry": { "type": "Polygon", "coordinates": [ [ [ 32.693718192740491, -27.500482485178519 ], [ 32.6938320109386, -27.500719627408849 ], [ 32.693560031670174, -27.500924701613631 ], [ 32.693718192740491, -27.500482485178519 ] ] ] } },
{ "type": "Feature", "properties": { "geology": "Coarse Shelly Sediment" }, "geometry": { "type": "Polygon", "coordinates": [ [ [ 32.693953046196157, -27.501370240144389 ], [ 32.694041646504843, -27.500736110183297 ], [ 32.694350864900571, -27.50056602680062 ], [ 32.694310235329183, -27.500932948396766 ], [ 32.693953046196157, -27.501370240144389 ] ] ] } },
{ "type": "Feature", "properties": { "geology": "Coarse Shelly Sediment" }, "geometry": { "type": "Polygon", "coordinates": [ [ [ 32.695872909007612, -27.500041311956924 ], [ 32.696013444265098, -27.499661129857163 ], [ 32.696210074735262, -27.499938065289413 ], [ 32.696576242699514, -27.49976932999056 ], [ 32.696951071135075, -27.500068183699661 ], [ 32.695872909007612, -27.500041311956924 ] ] ] } },
{ "type": "Feature", "properties": { "geology": "Coarse Shelly Sediment" }, "geometry": { "type": "Polygon", "coordinates": [ [ [ 32.697124420855395, -27.499641513844715 ], [ 32.696521801340104, -27.499361086344948 ], [ 32.69679781226931, -27.499314093170817 ], [ 32.697124420855395, -27.499641513844715 ] ] ] } },
{ "type": "Feature", "properties": { "geology": "Coarse Shelly Sediment" }, "geometry": { "type": "Polygon", "coordinates": [ [ [ 32.695973705921887, -27.500137947708073 ], [ 32.695732944819596, -27.500228900643194 ], [ 32.695754470992092, -27.500084564850706 ], [ 32.695973705921887, -27.500137947708073 ] ] ] } },
{ "type": "Feature", "properties": { "geology": "Coarse Shelly Sediment" }, "geometry": { "type": "Polygon", "coordinates": [ [ [ 32.697534492822669, -27.500982068467632 ], [ 32.697358141165331, -27.501040357126733 ], [ 32.697442458003124, -27.500791542595572 ], [ 32.697230929363997, -27.500692751169467 ], [ 32.697467659704799, -27.500686919066016 ], [ 32.697534492822669, -27.500982068467632 ] ] ] } },
{ "type": "Feature", "properties": { "geology": "Coarse Shelly Sediment" }, "geometry": { "type": "Polygon", "coordinates": [ [ [ 32.692066981705956, -27.501903292602826 ], [ 32.692332445386135, -27.501818431675218 ], [ 32.692169460352403, -27.502216443733818 ], [ 32.692066981705956, -27.501903292602826 ] ] ] } },
{ "type": "Feature", "properties": { "geology": "Coarse Shelly Sediment" }, "geometry": { "type": "Polygon", "coordinates": [ [ [ 32.689719956211036, -27.503817477994161 ], [ 32.689827627543032, -27.504031461782549 ], [ 32.689616335425583, -27.503931530016072 ], [ 32.68976074316388, -27.504118883079958 ], [ 32.689430522001025, -27.504251749818369 ], [ 32.689451540955929, -27.503883667197453 ], [ 32.689719956211036, -27.503817477994161 ] ] ] } },
{ "type": "Feature", "properties": { "geology": "Coarse Shelly Sediment" }, "geometry": { "type": "Polygon", "coordinates": [ [ [ 32.689219084193475, -27.50356315241746 ], [ 32.689286030625837, -27.503450489848216 ], [ 32.689358955751274, -27.503584246915359 ], [ 32.689219084193475, -27.50356315241746 ] ] ] } },
{ "type": "Feature", "properties": { "geology": "Coarse Shelly Sediment" }, "geometry": { "type": "Polygon", "coordinates": [ [ [ 32.689412898886239, -27.503306467019787 ], [ 32.689059968942438, -27.503216637337879 ], [ 32.689106728292913, -27.503175176792915 ], [ 32.689412898886239, -27.503306467019787 ] ] ] } },
{ "type": "Feature", "properties": { "geology": "Coarse Shelly Sediment" }, "geometry": { "type": "Polygon", "coordinates": [ [ [ 32.68910770135939, -27.502843402500964 ], [ 32.689445676476893, -27.502915413915165 ], [ 32.689228482108817, -27.503140544800281 ], [ 32.68910770135939, -27.502843402500964 ] ] ] } },
{ "type": "Feature", "properties": { "geology": "Coarse Shelly Sediment" }, "geometry": { "type": "Polygon", "coordinates": [ [ [ 32.688151830842386, -27.504223089324022 ], [ 32.68831939162672, -27.504015112107673 ], [ 32.688437667764248, -27.504251680570544 ], [ 32.688151830842386, -27.504223089324022 ] ] ] } },
{ "type": "Feature", "properties": { "geology": "Coarse Shelly Sediment" }, "geometry": { "type": "Polygon", "coordinates": [ [ [ 32.687467411691756, -27.504177399267519 ], [ 32.687811282764564, -27.504189305392071 ], [ 32.688036334509285, -27.504827913976989 ], [ 32.68750067851358, -27.504513689954777 ], [ 32.687467411691756, -27.504177399267519 ] ] ] } },
{ "type": "Feature", "properties": { "geology": "Coarse Shelly Sediment" }, "geometry": { "type": "Polygon", "coordinates": [ [ [ 32.686454788557668, -27.507523755916548 ], [ 32.685870468447462, -27.506669395476202 ], [ 32.685933037879501, -27.506513327128264 ], [ 32.686393042904697, -27.506517994609741 ], [ 32.686745801077898, -27.506818162228296 ], [ 32.686454788557668, -27.507523755916548 ] ] ] } },
{ "type": "Feature", "properties": { "geology": "Coarse Shelly Sediment" }, "geometry": { "type": "Polygon", "coordinates": [ [ [ 32.686074404110556, -27.505953139425767 ], [ 32.686473405423392, -27.506172386946051 ], [ 32.686549983594979, -27.506199425962656 ], [ 32.686588952118484, -27.506196174014143 ], [ 32.686641678470757, -27.506215305292045 ], [ 32.686710773383574, -27.506221076241623 ], [ 32.686743398089412, -27.506234574166211 ], [ 32.686074404110556, -27.505953139425767 ] ] ] } },
{ "type": "Feature", "properties": { "geology": "Coarse Shelly Sediment" }, "geometry": { "type": "Polygon", "coordinates": [ [ [ 32.690292986232414, -27.507399760090831 ], [ 32.690478975924108, -27.507357851683462 ], [ 32.690317310195795, -27.507485181296015 ], [ 32.690292986232414, -27.507399760090831 ] ] ] } },
{ "type": "Feature", "properties": { "geology": "Coarse Shelly Sediment" }, "geometry": { "type": "Polygon", "coordinates": [ [ [ 32.691223994092134, -27.505773033098937 ], [ 32.690974798248426, -27.505778808545106 ], [ 32.69080719879328, -27.505878366193574 ], [ 32.690996481802237, -27.505656755254989 ], [ 32.691223994092134, -27.505773033098937 ] ] ] } },
{ "type": "Feature", "properties": { "geology": "Coarse Shelly Sediment" }, "geometry": { "type": "Polygon", "coordinates": [ [ [ 32.685585011938848, -27.514834573256863 ], [ 32.685222528496915, -27.516031781341599 ], [ 32.685449402268233, -27.516323947691998 ], [ 32.685259622833364, -27.516325468445569 ], [ 32.685505171026897, -27.516382177895153 ], [ 32.685058151312681, -27.516485880518918 ], [ 32.685465935404643, -27.516595299233597 ], [ 32.684606914677431, -27.517066353329444 ], [ 32.684194070100375, -27.517936295423606 ], [ 32.683329070680216, -27.517925858791294 ], [ 32.683831377116434, -27.518348926861442 ], [ 32.684062383272426, -27.518278366953037 ], [ 32.683892602062031, -27.518562186695537 ], [ 32.684129652561474, -27.518709563095811 ], [ 32.683907448969691, -27.51868872760264 ], [ 32.684155604297757, -27.518756079629291 ], [ 32.683827312180803, -27.519156386757778 ], [ 32.684033295600202, -27.519240678414516 ], [ 32.683756975304227, -27.519228006966909 ], [ 32.684434625257794, -27.51992249672584 ], [ 32.684024855462773, -27.519866144307031 ], [ 32.684181740395054, -27.519978707950948 ], [ 32.683998170779063, -27.520034765392037 ], [ 32.683882225684265, -27.519864193677524 ], [ 32.683654411222179, -27.520210642207253 ], [ 32.683901434303849, -27.520495658947489 ], [ 32.683681959255104, -27.520523701607488 ], [ 32.682128954187945, -27.519542201311491 ], [ 32.68191872147186, -27.519192740952175 ], [ 32.681974874241149, -27.518610456007721 ], [ 32.682752352539083, -27.517232938349395 ], [ 32.684170319005133, -27.51579499614212 ], [ 32.685585011938848, -27.514834573256863 ] ] ] } },
{ "type": "Feature", "properties": { "geology": "Coarse Shelly Sediment" }, "geometry": { "type": "Polygon", "coordinates": [ [ [ 32.687910003144175, -27.519431465989307 ], [ 32.688205966432271, -27.51980040296614 ], [ 32.688650254006049, -27.519976836461812 ], [ 32.687926140578959, -27.519791424134912 ], [ 32.687910003144175, -27.519431465989307 ] ] ] } },
{ "type": "Feature", "properties": { "geology": "Coarse Shelly Sediment" }, "geometry": { "type": "Polygon", "coordinates": [ [ [ 32.688692180399862, -27.51931044512088 ], [ 32.688273602644749, -27.518966051542009 ], [ 32.688326092475236, -27.518949179361055 ], [ 32.688425186073516, -27.518981089105896 ], [ 32.688692180399862, -27.51931044512088 ] ] ] } },
{ "type": "Feature", "properties": { "geology": "Coarse Shelly Sediment" }, "geometry": { "type": "Polygon", "coordinates": [ [ [ 32.688001612584387, -27.518805934446252 ], [ 32.688038092683911, -27.518918394668173 ], [ 32.68796921091041, -27.518852012110646 ], [ 32.688001612584387, -27.518805934446252 ] ] ] } },
{ "type": "Feature", "properties": { "geology": "Coarse Shelly Sediment" }, "geometry": { "type": "Polygon", "coordinates": [ [ [ 32.687972697581991, -27.518682779486674 ], [ 32.688068578801939, -27.518754566969623 ], [ 32.687967159556869, -27.518779085186551 ], [ 32.687972697581991, -27.518682779486674 ] ] ] } },
{ "type": "Feature", "properties": { "geology": "Coarse Shelly Sediment" }, "geometry": { "type": "Polygon", "coordinates": [ [ [ 32.687966994980911, -27.518544420588473 ], [ 32.688069825262303, -27.518593997514898 ], [ 32.687985226936782, -27.518628618715731 ], [ 32.687966994980911, -27.518544420588473 ] ] ] } },
{ "type": "Feature", "properties": { "geology": "Coarse Shelly Sediment" }, "geometry": { "type": "Polygon", "coordinates": [ [ [ 32.688118506464029, -27.518522668686103 ], [ 32.68824188535477, -27.518596360033943 ], [ 32.68825811272179, -27.518633734958868 ], [ 32.688118506464029, -27.518522668686103 ] ] ] } },
{ "type": "Feature", "properties": { "geology": "Coarse Shelly Sediment" }, "geometry": { "type": "Polygon", "coordinates": [ [ [ 32.688103042621364, -27.518447891856678 ], [ 32.688182574166518, -27.518457567662523 ], [ 32.688260440167255, -27.518555216050352 ], [ 32.688103042621364, -27.518447891856678 ] ] ] } },
{ "type": "Feature", "properties": { "geology": "Coarse Shelly Sediment" }, "geometry": { "type": "Polygon", "coordinates": [ [ [ 32.687907753040406, -27.51790980679209 ], [ 32.688070937723637, -27.517943232793908 ], [ 32.687999538747754, -27.517739155937235 ], [ 32.688252731178686, -27.518013203646387 ], [ 32.687907753040406, -27.51790980679209 ] ] ] } },
{ "type": "Feature", "properties": { "geology": "Coarse Shelly Sediment" }, "geometry": { "type": "Polygon", "coordinates": [ [ [ 32.688218488592447, -27.518056778497513 ], [ 32.688435402371958, -27.518032284562238 ], [ 32.688518990758936, -27.518125711532303 ], [ 32.688218488592447, -27.518056778497513 ] ] ] } },
{ "type": "Feature", "properties": { "geology": "Coarse Shelly Sediment" }, "geometry": { "type": "Polygon", "coordinates": [ [ [ 32.689033760000086, -27.517765324410174 ], [ 32.688673038330087, -27.517682797223245 ], [ 32.688604317535273, -27.517570156237703 ], [ 32.688949473739335, -27.517574431614648 ], [ 32.689033760000086, -27.517765324410174 ] ] ] } },
{ "type": "Feature", "properties": { "geology": "Coarse Shelly Sediment" }, "geometry": { "type": "Polygon", "coordinates": [ [ [ 32.688407787789224, -27.517158311706702 ], [ 32.689282366787843, -27.517447343919763 ], [ 32.688793754328344, -27.517455704017515 ], [ 32.688407787789224, -27.517158311706702 ] ] ] } },
{ "type": "Feature", "properties": { "geology": "Coarse Shelly Sediment" }, "geometry": { "type": "Polygon", "coordinates": [ [ [ 32.687711983221547, -27.514811289809124 ], [ 32.687868580370726, -27.514960031380358 ], [ 32.687559796347536, -27.514994312637402 ], [ 32.687711983221547, -27.514811289809124 ] ] ] } },
{ "type": "Feature", "properties": { "geology": "Coarse Shelly Sediment" }, "geometry": { "type": "Polygon", "coordinates": [ [ [ 32.68983077157295, -27.513618637689916 ], [ 32.689935913111924, -27.513315788292967 ], [ 32.69052990633017, -27.513074918372705 ], [ 32.690804941494932, -27.513165717523762 ], [ 32.690526703844377, -27.51320246562123 ], [ 32.690614456991639, -27.513580322973471 ], [ 32.690255770487497, -27.513462063023702 ], [ 32.689507003945174, -27.513874294263232 ], [ 32.689786739866179, -27.513946184268892 ], [ 32.689188899348288, -27.514033972489795 ], [ 32.688962608337789, -27.51449715571913 ], [ 32.68818199230514, -27.514386279203372 ], [ 32.68983077157295, -27.513618637689916 ] ] ] } },
{ "type": "Feature", "properties": { "geology": "Coarse Shelly Sediment" }, "geometry": { "type": "Polygon", "coordinates": [ [ [ 32.686642690208103, -27.514232341349402 ], [ 32.68687947450821, -27.513849498155746 ], [ 32.687020765196209, -27.514093071438026 ], [ 32.686642690208103, -27.514232341349402 ] ] ] } },
{ "type": "Feature", "properties": { "geology": "Coarse Shelly Sediment" }, "geometry": { "type": "Polygon", "coordinates": [ [ [ 32.685116023585721, -27.514049896785227 ], [ 32.685349982215939, -27.513850622308297 ], [ 32.685598746385111, -27.514002879329393 ], [ 32.685116023585721, -27.514049896785227 ] ] ] } },
{ "type": "Feature", "properties": { "geology": "Coarse Shelly Sediment" }, "geometry": { "type": "Polygon", "coordinates": [ [ [ 32.685458289368654, -27.513829756238241 ], [ 32.685514578834791, -27.513861030162388 ], [ 32.685442401046032, -27.513865895494618 ], [ 32.685458289368654, -27.513829756238241 ] ] ] } },
{ "type": "Feature", "properties": { "geology": "Coarse Shelly Sediment" }, "geometry": { "type": "Polygon", "coordinates": [ [ [ 32.6862274975011, -27.513588106605738 ], [ 32.686529676003779, -27.513593410807239 ], [ 32.686652731138679, -27.513650292027332 ], [ 32.686512690508302, -27.513645354749276 ], [ 32.6862274975011, -27.513588106605738 ] ] ] } },
{ "type": "Feature", "properties": { "geology": "Coarse Shelly Sediment" }, "geometry": { "type": "Polygon", "coordinates": [ [ [ 32.684950741683458, -27.514665108607844 ], [ 32.685156742189974, -27.51473721175288 ], [ 32.685274665793266, -27.514772145018416 ], [ 32.685137242190059, -27.514757967206346 ], [ 32.684950741683458, -27.514665108607844 ] ] ] } },
{ "type": "Feature", "properties": { "geology": "Coarse Shelly Sediment" }, "geometry": { "type": "Polygon", "coordinates": [ [ [ 32.69067089574532, -27.512579027699896 ], [ 32.691192726463221, -27.512255779880306 ], [ 32.691506224732599, -27.512194318413005 ], [ 32.690935157931229, -27.512473501251016 ], [ 32.690939981894715, -27.512667601928197 ], [ 32.69067089574532, -27.512579027699896 ] ] ] } },
{ "type": "Feature", "properties": { "geology": "Coarse Shelly Sediment" }, "geometry": { "type": "Polygon", "coordinates": [ [ [ 32.692321587871042, -27.510878511334194 ], [ 32.692523515348029, -27.510874371754824 ], [ 32.692383666273273, -27.511398815902552 ], [ 32.692664978705899, -27.511696399768962 ], [ 32.69245661388171, -27.512368984740814 ], [ 32.691783261788146, -27.511950433965257 ], [ 32.691835440453275, -27.51100827631085 ], [ 32.692090769673307, -27.511367572555393 ], [ 32.692100525518903, -27.511118443261552 ], [ 32.692293291602212, -27.511150015760549 ], [ 32.691951930537243, -27.510924900163953 ], [ 32.69184840328127, -27.510066274239129 ], [ 32.691498648843655, -27.509646262964591 ], [ 32.691632441883741, -27.509440481892678 ], [ 32.692169309266262, -27.509657220304387 ], [ 32.692321587871042, -27.510878511334194 ] ] ] } },
{ "type": "Feature", "properties": { "geology": "Coarse Shelly Sediment" }, "geometry": { "type": "Polygon", "coordinates": [ [ [ 32.69370501137724, -27.511619966388292 ], [ 32.69326973051372, -27.511771921237127 ], [ 32.69331009118779, -27.511541339561088 ], [ 32.69370501137724, -27.511619966388292 ] ] ] } },
{ "type": "Feature", "properties": { "geology": "Coarse Shelly Sediment" }, "geometry": { "type": "Polygon", "coordinates": [ [ [ 32.693212751267474, -27.509811568249205 ], [ 32.693506113716253, -27.509859665790902 ], [ 32.693258688637606, -27.509775233839921 ], [ 32.693182402745734, -27.509568435634762 ], [ 32.693022832437833, -27.509506287984749 ], [ 32.69299323754791, -27.50945105342333 ], [ 32.693596365180198, -27.509568454520437 ], [ 32.693744674177466, -27.510099707435515 ], [ 32.693323829231396, -27.510066878583473 ], [ 32.693212751267474, -27.509811568249205 ] ] ] } },
{ "type": "Feature", "properties": { "geology": "Coarse Shelly Sediment" }, "geometry": { "type": "Polygon", "coordinates": [ [ [ 32.692766688431945, -27.509975901366751 ], [ 32.692608223390877, -27.510084133875623 ], [ 32.692377429474831, -27.509801160395163 ], [ 32.692766688431945, -27.509975901366751 ] ] ] } },
{ "type": "Feature", "properties": { "geology": "Coarse Shelly Sediment" }, "geometry": { "type": "Polygon", "coordinates": [ [ [ 32.692456251454921, -27.513736327469459 ], [ 32.692353854646768, -27.513415449363407 ], [ 32.692565531674035, -27.513482822973863 ], [ 32.692456251454921, -27.513736327469459 ] ] ] } },
{ "type": "Feature", "properties": { "geology": "Coarse Shelly Sediment" }, "geometry": { "type": "Polygon", "coordinates": [ [ [ 32.692901759408691, -27.50974348687236 ], [ 32.69297462517887, -27.509814254524215 ], [ 32.6927950656398, -27.509814977579072 ], [ 32.692901759408691, -27.50974348687236 ] ] ] } },
{ "type": "Feature", "properties": { "geology": "Coarse Shelly Sediment" }, "geometry": { "type": "Polygon", "coordinates": [ [ [ 32.69241337357839, -27.509291505598441 ], [ 32.692575844199887, -27.509359041086789 ], [ 32.692404041313523, -27.509297514868358 ], [ 32.69241337357839, -27.509291505598441 ] ] ] } },
{ "type": "Feature", "properties": { "geology": "Coarse Shelly Sediment" }, "geometry": { "type": "Polygon", "coordinates": [ [ [ 32.692015098018445, -27.509013415436758 ], [ 32.691911387300756, -27.509017339178779 ], [ 32.69188584025941, -27.508977831061987 ], [ 32.692015098018445, -27.509013415436758 ] ] ] } },
{ "type": "Feature", "properties": { "geology": "Coarse Shelly Sediment" }, "geometry": { "type": "Polygon", "coordinates": [ [ [ 32.692624340141229, -27.508889878265244 ], [ 32.692624210638883, -27.508936588152938 ], [ 32.692589310648209, -27.508917822899146 ], [ 32.692624340141229, -27.508889878265244 ] ] ] } },
{ "type": "Feature", "properties": { "geology": "Coarse Shelly Sediment" }, "geometry": { "type": "Polygon", "coordinates": [ [ [ 32.692840958043831, -27.508936035969207 ], [ 32.692805879987446, -27.508981648684035 ], [ 32.692769966460887, -27.508908886335963 ], [ 32.692840958043831, -27.508936035969207 ] ] ] } },
{ "type": "Feature", "properties": { "geology": "Coarse Shelly Sediment" }, "geometry": { "type": "Polygon", "coordinates": [ [ [ 32.69269835164765, -27.509072033247673 ], [ 32.692600655595839, -27.5090064106173 ], [ 32.692601848096835, -27.508988764120158 ], [ 32.69269835164765, -27.509072033247673 ] ] ] } },
{ "type": "Feature", "properties": { "geology": "Coarse Shelly Sediment" }, "geometry": { "type": "Polygon", "coordinates": [ [ [ 32.692430304215236, -27.509081830462037 ], [ 32.692644574887282, -27.509138393322118 ], [ 32.692680635003349, -27.509158190098315 ], [ 32.692458122044741, -27.509134858087194 ], [ 32.692430304215236, -27.509081830462037 ] ] ] } },
{ "type": "Feature", "properties": { "geology": "Coarse Shelly Sediment" }, "geometry": { "type": "Polygon", "coordinates": [ [ [ 32.691213766102479, -27.509255250329449 ], [ 32.69132342763411, -27.509234750283401 ], [ 32.691387697684178, -27.509272620734777 ], [ 32.691213766102479, -27.509255250329449 ] ] ] } },
{ "type": "Feature", "properties": { "geology": "Coarse Shelly Sediment" }, "geometry": { "type": "Polygon", "coordinates": [ [ [ 32.691265040948949, -27.509211973153963 ], [ 32.691258321214605, -27.509181760429847 ], [ 32.691342110150273, -27.50921287607331 ], [ 32.691265040948949, -27.509211973153963 ] ] ] } },
{ "type": "Feature", "properties": { "geology": "Coarse Shelly Sediment" }, "geometry": { "type": "Polygon", "coordinates": [ [ [ 32.691338153133337, -27.509113231190625 ], [ 32.691212811921865, -27.509100115477921 ], [ 32.691277949817575, -27.509134981294327 ], [ 32.691338153133337, -27.509113231190625 ] ] ] } },
{ "type": "Feature", "properties": { "geology": "Coarse Shelly Sediment" }, "geometry": { "type": "Polygon", "coordinates": [ [ [ 32.69091068917708, -27.508945891639517 ], [ 32.691300109112817, -27.509053952377929 ], [ 32.691244170382213, -27.509060617253624 ], [ 32.690975812683639, -27.508986038275001 ], [ 32.69091068917708, -27.508945891639517 ] ] ] } },
{ "type": "Feature", "properties": { "geology": "Coarse Shelly Sediment" }, "geometry": { "type": "Polygon", "coordinates": [ [ [ 32.691068469834086, -27.508868481595108 ], [ 32.691199731282595, -27.508889889057095 ], [ 32.691265668675747, -27.508950432316528 ], [ 32.691083674671901, -27.50889494054897 ], [ 32.691068469834086, -27.508868481595108 ] ] ] } },
{ "type": "Feature", "properties": { "geology": "Coarse Shelly Sediment" }, "geometry": { "type": "Polygon", "coordinates": [ [ [ 32.691674650664645, -27.509190076460811 ], [ 32.691301635262342, -27.508910342338375 ], [ 32.691221655854832, -27.508729743183043 ], [ 32.691435782635374, -27.508801159246033 ], [ 32.691674650664645, -27.509190076460811 ] ] ] } },
{ "type": "Feature", "properties": { "geology": "Coarse Shelly Sediment" }, "geometry": { "type": "Polygon", "coordinates": [ [ [ 32.690852390625381, -27.508449761747062 ], [ 32.691181912115646, -27.50866202603164 ], [ 32.691048553448006, -27.508630448136614 ], [ 32.690852390625381, -27.508449761747062 ] ] ] } },
{ "type": "Feature", "properties": { "geology": "Coarse Shelly Sediment" }, "geometry": { "type": "Polygon", "coordinates": [ [ [ 32.691277720490476, -27.508562101459702 ], [ 32.691213355112367, -27.508468096225613 ], [ 32.691415211542861, -27.508618731768994 ], [ 32.691277720490476, -27.508562101459702 ] ] ] } },
{ "type": "Feature", "properties": { "geology": "Coarse Shelly Sediment" }, "geometry": { "type": "Polygon", "coordinates": [ [ [ 32.691292829100853, -27.508687328457402 ], [ 32.691318145915822, -27.50867108939924 ], [ 32.691448633947367, -27.508726457060256 ], [ 32.691292829100853, -27.508687328457402 ] ] ] } },
{ "type": "Feature", "properties": { "geology": "Coarse Shelly Sediment" }, "geometry": { "type": "Polygon", "coordinates": [ [ [ 32.690860163465793, -27.508985951940065 ], [ 32.690621614695822, -27.508896551234784 ], [ 32.69054890990428, -27.508776219247022 ], [ 32.690648346144329, -27.508881588314548 ], [ 32.690860163465793, -27.508985951940065 ] ] ] } },
{ "type": "Feature", "properties": { "geology": "Coarse Shelly Sediment" }, "geometry": { "type": "Polygon", "coordinates": [ [ [ 32.692416484333407, -27.508958938104445 ], [ 32.691989010484534, -27.508888414168954 ], [ 32.692028243408792, -27.508565276965875 ], [ 32.69219078957331, -27.508783686317994 ], [ 32.692416484333407, -27.508958938104445 ] ] ] } },
{ "type": "Feature", "properties": { "geology": "Coarse Shelly Sediment" }, "geometry": { "type": "Polygon", "coordinates": [ [ [ 32.690670096248013, -27.507888181894003 ], [ 32.690737836781814, -27.508041904809978 ], [ 32.690869470549671, -27.507980582737662 ], [ 32.690953822460969, -27.508121351818907 ], [ 32.690730839157013, -27.508111322579417 ], [ 32.690670096248013, -27.507888181894003 ] ] ] } },
{ "type": "Feature", "properties": { "geology": "Coarse Shelly Sediment" }, "geometry": { "type": "Polygon", "coordinates": [ [ [ 32.692625868089422, -27.504980737570925 ], [ 32.693134490464374, -27.503640706353419 ], [ 32.69306124787839, -27.503148716040336 ], [ 32.693421030656154, -27.50309769840004 ], [ 32.69368014332403, -27.503775061469877 ], [ 32.693358906388475, -27.503707809267912 ], [ 32.69357144856356, -27.503935246914047 ], [ 32.693291534576709, -27.504567186126657 ], [ 32.693565332274396, -27.505393902306668 ], [ 32.693263565661091, -27.50602233596198 ], [ 32.693577054937165, -27.506147430759263 ], [ 32.69329663013545, -27.506191175582213 ], [ 32.69339450964894, -27.506412764037812 ], [ 32.692952670029726, -27.507191571533774 ], [ 32.693021389025937, -27.507752805147785 ], [ 32.693600823119553, -27.507961338145197 ], [ 32.693420066582895, -27.508488163697699 ], [ 32.692935099075605, -27.507877235346108 ], [ 32.692864015761749, -27.507412721120104 ], [ 32.692322351395475, -27.507127110827451 ], [ 32.692712860410253, -27.507241959648713 ], [ 32.69329028272044, -27.50513147293907 ], [ 32.693150773589359, -27.504624620429869 ], [ 32.692625868089422, -27.504980737570925 ] ] ] } },
{ "type": "Feature", "properties": { "geology": "Coarse Shelly Sediment" }, "geometry": { "type": "Polygon", "coordinates": [ [ [ 32.69039259244429, -27.505405839008258 ], [ 32.691438270160056, -27.503507681334398 ], [ 32.691394678221862, -27.503136078766975 ], [ 32.691895476495105, -27.503109852737417 ], [ 32.691522488971728, -27.503379357071658 ], [ 32.69179090152894, -27.5036002494519 ], [ 32.691455572216896, -27.50456080273883 ], [ 32.690947357234791, -27.50510458770648 ], [ 32.690802042080641, -27.50500170886172 ], [ 32.690474378589755, -27.50573817267848 ], [ 32.69039259244429, -27.505405839008258 ] ] ] } },
{ "type": "Feature", "properties": { "geology": "Coarse Shelly Sediment" }, "geometry": { "type": "Polygon", "coordinates": [ [ [ 32.695062930110204, -27.508805493079002 ], [ 32.695916803117996, -27.508510935431289 ], [ 32.695641796731593, -27.50940957219392 ], [ 32.69579525344826, -27.509806682232583 ], [ 32.695020363399152, -27.509412173932638 ], [ 32.695062930110204, -27.508805493079002 ] ] ] } },
{ "type": "Feature", "properties": { "geology": "Coarse Shelly Sediment" }, "geometry": { "type": "Polygon", "coordinates": [ [ [ 32.694076028486037, -27.508270543950417 ], [ 32.694587855145478, -27.508178671908119 ], [ 32.694357199725097, -27.508413125165518 ], [ 32.694523825214397, -27.508453574872519 ], [ 32.694530957737626, -27.508499559906717 ], [ 32.694328437607354, -27.508510797834997 ], [ 32.694697438436123, -27.508750395214491 ], [ 32.694543551843523, -27.509478748945046 ], [ 32.693319345211634, -27.509156595600352 ], [ 32.69346554080213, -27.508991852392011 ], [ 32.694459630707456, -27.509341287570265 ], [ 32.693885615029188, -27.508929970042036 ], [ 32.694076028486037, -27.508270543950417 ] ] ] } },
{ "type": "Feature", "properties": { "geology": "Coarse Shelly Sediment" }, "geometry": { "type": "Polygon", "coordinates": [ [ [ 32.696186222915905, -27.50912004175651 ], [ 32.696542087347517, -27.507953059885764 ], [ 32.69682055342583, -27.507993732624634 ], [ 32.696608400657269, -27.507489929716424 ], [ 32.697153187469674, -27.506880345851247 ], [ 32.697351867494746, -27.506180513220031 ], [ 32.697873486871963, -27.506024056365025 ], [ 32.697718134384445, -27.50640138221798 ], [ 32.697900231810316, -27.50638906600253 ], [ 32.698406143628688, -27.505684599164876 ], [ 32.698977589044567, -27.505450967887842 ], [ 32.699085504092828, -27.505690648004936 ], [ 32.698484056394143, -27.50583557015533 ], [ 32.698381292662624, -27.506402812140024 ], [ 32.697963877730878, -27.506914887911663 ], [ 32.697426415896494, -27.507091343890369 ], [ 32.697447299053636, -27.507463075060798 ], [ 32.697836674922655, -27.507550508049466 ], [ 32.697215200221365, -27.508064756583195 ], [ 32.697531224686337, -27.509228856126743 ], [ 32.697337764326413, -27.509725328660913 ], [ 32.696965984592559, -27.509690800090326 ], [ 32.696877659476471, -27.510165284200458 ], [ 32.696661612643375, -27.51015308579624 ], [ 32.696750351447655, -27.510873687370726 ], [ 32.695925493266977, -27.510654952464002 ], [ 32.696506680139279, -27.509175071272452 ], [ 32.696186222915905, -27.50912004175651 ] ] ] } },
{ "type": "Feature", "properties": { "geology": "Coarse Shelly Sediment" }, "geometry": { "type": "Polygon", "coordinates": [ [ [ 32.699405716700575, -27.510014169318403 ], [ 32.699187113094851, -27.509989195145145 ], [ 32.699430412983254, -27.509752946841008 ], [ 32.699405716700575, -27.510014169318403 ] ] ] } },
{ "type": "Feature", "properties": { "geology": "Coarse Shelly Sediment" }, "geometry": { "type": "Polygon", "coordinates": [ [ [ 32.691112304589225, -27.503963405586664 ], [ 32.690959298432958, -27.503910587503597 ], [ 32.691050832330113, -27.503824168050865 ], [ 32.691112304589225, -27.503963405586664 ] ] ] } },
{ "type": "Feature", "properties": { "geology": "Coarse Shelly Sediment" }, "geometry": { "type": "Polygon", "coordinates": [ [ [ 32.690169533597185, -27.501852543859727 ], [ 32.690072717981607, -27.502606606509634 ], [ 32.689937897016378, -27.502712763383229 ], [ 32.689846618526694, -27.502560025224941 ], [ 32.689291187338519, -27.502771266080991 ], [ 32.689583561432272, -27.502608477998795 ], [ 32.689330099204753, -27.502513932272084 ], [ 32.689650935942041, -27.50256640501556 ], [ 32.68944869729966, -27.502113385923952 ], [ 32.68971495777911, -27.502008678757488 ], [ 32.689146199537511, -27.501468788753538 ], [ 32.689372829592443, -27.501293035145402 ], [ 32.689102231682675, -27.501309718468654 ], [ 32.688869586961957, -27.500873360217369 ], [ 32.689349999403049, -27.501246255110519 ], [ 32.689502177283714, -27.500946959834224 ], [ 32.689334129066879, -27.500916621205079 ], [ 32.689280960248162, -27.500792558829431 ], [ 32.689850126782005, -27.501131597844907 ], [ 32.68965902174655, -27.501152964837338 ], [ 32.689736133215995, -27.501447337224739 ], [ 32.690169533597185, -27.501852543859727 ] ] ] } },
{ "type": "Feature", "properties": { "geology": "Coarse Shelly Sediment" }, "geometry": { "type": "Polygon", "coordinates": [ [ [ 32.697992827806807, -27.505809380998045 ], [ 32.698137410013473, -27.505764257514436 ], [ 32.698140419145098, -27.505908132853978 ], [ 32.697992827806807, -27.505809380998045 ] ] ] } },
{ "type": "Feature", "properties": { "geology": "Coarse Shelly Sediment" }, "geometry": { "type": "Polygon", "coordinates": [ [ [ 32.697481079388368, -27.505373779076606 ], [ 32.697286964322004, -27.505416157829313 ], [ 32.697701235223867, -27.505586764617451 ], [ 32.697087150251839, -27.505583858008578 ], [ 32.697277230060195, -27.505062478750332 ], [ 32.697481079388368, -27.505373779076606 ] ] ] } },
{ "type": "Feature", "properties": { "geology": "Coarse Shelly Sediment" }, "geometry": { "type": "Polygon", "coordinates": [ [ [ 32.698506613189743, -27.504681073572645 ], [ 32.698631969689735, -27.505537999778795 ], [ 32.698516489544424, -27.505232697930634 ], [ 32.698297084642824, -27.505441785809779 ], [ 32.698506613189743, -27.504681073572645 ] ] ] } },
{ "type": "Feature", "properties": { "geology": "Coarse Shelly Sediment" }, "geometry": { "type": "Polygon", "coordinates": [ [ [ 32.691481770367538, -27.506218295537828 ], [ 32.691667168305244, -27.506533011489257 ], [ 32.692523913747657, -27.50741189284448 ], [ 32.690871547983605, -27.506190227696816 ], [ 32.691000008943305, -27.506069196036538 ], [ 32.691312690628195, -27.506424974133189 ], [ 32.691481770367538, -27.506218295537828 ] ] ] } },
{ "type": "Feature", "properties": { "geology": "Coarse Shelly Sediment" }, "geometry": { "type": "Polygon", "coordinates": [ [ [ 32.693916551707552, -27.507590873220199 ], [ 32.694138712131945, -27.507162285111299 ], [ 32.69410668097867, -27.506659263713999 ], [ 32.694527916230463, -27.507112755848947 ], [ 32.6941344070773, -27.507280161949875 ], [ 32.694374321917429, -27.507406058942411 ], [ 32.69405252380502, -27.507519545290737 ], [ 32.694123604420838, -27.507983092745416 ], [ 32.693899576104656, -27.508200098255884 ], [ 32.693916551707552, -27.507590873220199 ] ] ] } },
{ "type": "Feature", "properties": { "geology": "Coarse Shelly Sediment" }, "geometry": { "type": "Polygon", "coordinates": [ [ [ 32.698074970083894, -27.51501770130583 ], [ 32.698187978892179, -27.51496285884884 ], [ 32.698261473288419, -27.515110262228792 ], [ 32.698074970083894, -27.51501770130583 ] ] ] } },
{ "type": "Feature", "properties": { "geology": "Coarse Shelly Sediment" }, "geometry": { "type": "Polygon", "coordinates": [ [ [ 32.692435102098358, -27.51445851994465 ], [ 32.692535601336992, -27.515178316625985 ], [ 32.69232619779585, -27.515166099335936 ], [ 32.692280853978268, -27.514610063803328 ], [ 32.692435102098358, -27.51445851994465 ] ] ] } },
{ "type": "Feature", "properties": { "geology": "Coarse Shelly Sediment" }, "geometry": { "type": "Polygon", "coordinates": [ [ [ 32.701835327838197, -27.518761340663289 ], [ 32.702099426347537, -27.518815865659622 ], [ 32.702112522275158, -27.519141817740614 ], [ 32.701835327838197, -27.518761340663289 ] ] ] } },
{ "type": "Feature", "properties": { "geology": "Coarse Shelly Sediment" }, "geometry": { "type": "Polygon", "coordinates": [ [ [ 32.701839104990789, -27.517284773473484 ], [ 32.702145711755264, -27.517988385055915 ], [ 32.702388800302977, -27.517977791941508 ], [ 32.702694756857589, -27.518928699999428 ], [ 32.701949063298706, -27.51811023689789 ], [ 32.701728972214397, -27.517684643531446 ], [ 32.701839104990789, -27.517284773473484 ] ] ] } },
{ "type": "Feature", "properties": { "geology": "Coarse Shelly Sediment" }, "geometry": { "type": "Polygon", "coordinates": [ [ [ 32.702588471380913, -27.515457946427041 ], [ 32.70294793489937, -27.516556493487322 ], [ 32.702723375983069, -27.516824520235371 ], [ 32.702512389635139, -27.516006677665978 ], [ 32.702588471380913, -27.515457946427041 ] ] ] } },
{ "type": "Feature", "properties": { "geology": "Coarse Shelly Sediment" }, "geometry": { "type": "Polygon", "coordinates": [ [ [ 32.701506342343862, -27.514410697595562 ], [ 32.702200359958674, -27.514513947860333 ], [ 32.702633271108652, -27.515039248162697 ], [ 32.702051880989586, -27.514907984915506 ], [ 32.701761287553474, -27.515099591772685 ], [ 32.701506342343862, -27.514410697595562 ] ] ] } },
{ "type": "Feature", "properties": { "geology": "Coarse Shelly Sediment" }, "geometry": { "type": "Polygon", "coordinates": [ [ [ 32.703089623987005, -27.513783423166405 ], [ 32.703224317248548, -27.514140148249194 ], [ 32.70289881392916, -27.514207984111135 ], [ 32.70280026082348, -27.513805274893432 ], [ 32.703089623987005, -27.513783423166405 ] ] ] } },
{ "type": "Feature", "properties": { "geology": "Coarse Shelly Sediment" }, "geometry": { "type": "Polygon", "coordinates": [ [ [ 32.702111781233825, -27.51328625185895 ], [ 32.702630024556022, -27.513502666514771 ], [ 32.702687536200855, -27.5136762689446 ], [ 32.702221303370528, -27.51361130911457 ], [ 32.702111781233825, -27.51328625185895 ] ] ] } },
{ "type": "Feature", "properties": { "geology": "Coarse Shelly Sediment" }, "geometry": { "type": "Polygon", "coordinates": [ [ [ 32.700803953839461, -27.51758361549135 ], [ 32.70100508721508, -27.517757987740879 ], [ 32.701103160982193, -27.51804812881802 ], [ 32.700700781815705, -27.517744586043715 ], [ 32.700803953839461, -27.51758361549135 ] ] ] } },
{ "type": "Feature", "properties": { "geology": "Coarse Shelly Sediment" }, "geometry": { "type": "Polygon", "coordinates": [ [ [ 32.700654970350683, -27.516929284059142 ], [ 32.700697407559382, -27.517217282951208 ], [ 32.700567475308823, -27.517321283250517 ], [ 32.700557902924942, -27.517094573155955 ], [ 32.700654970350683, -27.516929284059142 ] ] ] } },
{ "type": "Feature", "properties": { "geology": "Coarse Shelly Sediment" }, "geometry": { "type": "Polygon", "coordinates": [ [ [ 32.700060947454794, -27.516581141206611 ], [ 32.700339810134217, -27.516883254058875 ], [ 32.700425237634676, -27.517262039511451 ], [ 32.700277869328247, -27.517227732174014 ], [ 32.700060947454794, -27.516581141206611 ] ] ] } },
{ "type": "Feature", "properties": { "geology": "Coarse Shelly Sediment" }, "geometry": { "type": "Polygon", "coordinates": [ [ [ 32.700591551958645, -27.5190815856466 ], [ 32.700705368358115, -27.519316852790485 ], [ 32.700685834183986, -27.519493088435244 ], [ 32.700582021842912, -27.519400103931634 ], [ 32.700591551958645, -27.5190815856466 ] ] ] } },
{ "type": "Feature", "properties": { "geology": "Coarse Shelly Sediment" }, "geometry": { "type": "Polygon", "coordinates": [ [ [ 32.700448237796003, -27.518622702975293 ], [ 32.700580805959518, -27.518574147678756 ], [ 32.700525631652617, -27.518734137970043 ], [ 32.700448237796003, -27.518622702975293 ] ] ] } },
{ "type": "Feature", "properties": { "geology": "Coarse Shelly Sediment" }, "geometry": { "type": "Polygon", "coordinates": [ [ [ 32.700737326666335, -27.518626727441461 ], [ 32.700911810431784, -27.518624819080102 ], [ 32.700850132227892, -27.518831360978481 ], [ 32.700737326666335, -27.518626727441461 ] ] ] } },
{ "type": "Feature", "properties": { "geology": "Coarse Shelly Sediment" }, "geometry": { "type": "Polygon", "coordinates": [ [ [ 32.70095948079549, -27.514294891895698 ], [ 32.701045416412917, -27.5147479505574 ], [ 32.701323079396658, -27.514886465038238 ], [ 32.70126372324232, -27.515501207414722 ], [ 32.70219122464534, -27.515927613768348 ], [ 32.702356571298807, -27.51652751733101 ], [ 32.701808681825263, -27.516444252700058 ], [ 32.701045518935601, -27.515620060017703 ], [ 32.7007250041557, -27.514762861316974 ], [ 32.70095948079549, -27.514294891895698 ] ] ] } },
{ "type": "Feature", "properties": { "geology": "Coarse Shelly Sediment" }, "geometry": { "type": "Polygon", "coordinates": [ [ [ 32.700191757443719, -27.519035347003598 ], [ 32.700685970880947, -27.520652298364809 ], [ 32.700685624641942, -27.520783725288634 ], [ 32.700262854247384, -27.520001932043456 ], [ 32.700191757443719, -27.519035347003598 ] ] ] } },
{ "type": "Feature", "properties": { "geology": "Coarse Shelly Sediment" }, "geometry": { "type": "Polygon", "coordinates": [ [ [ 32.700022505933973, -27.521154977120393 ], [ 32.701197930640078, -27.523539496250716 ], [ 32.702560819026665, -27.525626497165071 ], [ 32.70252518698787, -27.525828364387404 ], [ 32.702076162684811, -27.525540155054042 ], [ 32.701109161258827, -27.523929687804802 ], [ 32.700022505933973, -27.521154977120393 ] ] ] } },
{ "type": "Feature", "properties": { "geology": "Coarse Shelly Sediment" }, "geometry": { "type": "Polygon", "coordinates": [ [ [ 32.694641110299067, -27.524982730068846 ], [ 32.694878866766338, -27.524818818733436 ], [ 32.695038292283435, -27.525169557029422 ], [ 32.695560744432825, -27.525369133678534 ], [ 32.695178460617555, -27.525100476505745 ], [ 32.695024290738516, -27.524336512320122 ], [ 32.694982332868442, -27.52453627872627 ], [ 32.694855683143366, -27.524423376937229 ], [ 32.69514204257127, -27.523402763326796 ], [ 32.695337525506424, -27.524606353000717 ], [ 32.695885033667423, -27.524911085578061 ], [ 32.695620626690676, -27.524221210240636 ], [ 32.6959868845871, -27.524160909798077 ], [ 32.695577142671041, -27.523523857939669 ], [ 32.695585872390147, -27.522928048090897 ], [ 32.695811861228528, -27.523431934636015 ], [ 32.696708520381954, -27.523655924281446 ], [ 32.696505650415475, -27.523220267501266 ], [ 32.695555214501645, -27.522452041428526 ], [ 32.696422244590948, -27.522871773013865 ], [ 32.696775986622534, -27.522601953017638 ], [ 32.696593372086525, -27.521498527135272 ], [ 32.697016506706476, -27.520113704283943 ], [ 32.696475202069017, -27.520113002812764 ], [ 32.696476073512073, -27.519795802034619 ], [ 32.696743140683431, -27.519775774132651 ], [ 32.696490642529213, -27.519678471084564 ], [ 32.697125152004247, -27.519868816192879 ], [ 32.697955818006626, -27.517693077373586 ], [ 32.698200833801479, -27.516305251686006 ], [ 32.697811834748471, -27.516327671784595 ], [ 32.697713698028814, -27.515853053675404 ], [ 32.698318689056315, -27.515691892466776 ], [ 32.698925218823852, -27.513730017825999 ], [ 32.699254963346007, -27.513346948003193 ], [ 32.699329685316826, -27.512238279972614 ], [ 32.699082921239935, -27.511825398523282 ], [ 32.699532271996809, -27.511888219765467 ], [ 32.699845550831597, -27.510943128522481 ], [ 32.699419879224074, -27.510734198024789 ], [ 32.699510372605708, -27.510330071475561 ], [ 32.6997255129222, -27.510116764876702 ], [ 32.700049403757063, -27.510430730793569 ], [ 32.699712710173529, -27.509991593637078 ], [ 32.700104287582896, -27.509932159241675 ], [ 32.700850915537409, -27.508197761817158 ], [ 32.704135843094768, -27.496504798157819 ], [ 32.70484266255886, -27.497825291603831 ], [ 32.705096547467804, -27.499050064808614 ], [ 32.704361652968004, -27.501223692019714 ], [ 32.704466273799532, -27.501603988333294 ], [ 32.704098576088491, -27.502130912811275 ], [ 32.704337392856473, -27.502395269426057 ], [ 32.703988437916131, -27.502488751254788 ], [ 32.703952313948228, -27.503555535159727 ], [ 32.703454308969256, -27.504130019384807 ], [ 32.703627984244143, -27.50487877333665 ], [ 32.703123067075971, -27.505177395020723 ], [ 32.70326319673925, -27.505613613877127 ], [ 32.702884482333062, -27.505851195875909 ], [ 32.702775947651915, -27.507866255523222 ], [ 32.701948967071289, -27.509334864612221 ], [ 32.70237862627269, -27.510029684422346 ], [ 32.701645876656002, -27.509844217236783 ], [ 32.701697679404496, -27.510443715205291 ], [ 32.702056740925947, -27.510427449167398 ], [ 32.7024602271578, -27.511075023993079 ], [ 32.702405607732651, -27.511498070479526 ], [ 32.702163605566, -27.511317103501494 ], [ 32.701827799613369, -27.511802544052117 ], [ 32.702825036246487, -27.511618261273664 ], [ 32.702946378172875, -27.511892931313707 ], [ 32.703448799722395, -27.511947718912005 ], [ 32.706201193730209, -27.507080714803099 ], [ 32.704483734137092, -27.511232965628821 ], [ 32.704501180085515, -27.51216122965695 ], [ 32.704001037417996, -27.512650785505294 ], [ 32.702260036271724, -27.512544893032302 ], [ 32.703582956987937, -27.513173845596409 ], [ 32.703777752841091, -27.513690437763458 ], [ 32.703529472507249, -27.514549388343529 ], [ 32.703274710759374, -27.514486552712157 ], [ 32.703376353935681, -27.513790721164838 ], [ 32.703109956759143, -27.513401070103274 ], [ 32.700900978997026, -27.512292285160822 ], [ 32.700867664511208, -27.512764496684152 ], [ 32.701631179035743, -27.513033956951503 ], [ 32.701057035653761, -27.513076708023625 ], [ 32.700979271276452, -27.513556723863644 ], [ 32.701560781904604, -27.513437532216308 ], [ 32.701882413642551, -27.513802721718175 ], [ 32.700881347696111, -27.51363539925423 ], [ 32.7003872637613, -27.513262838908844 ], [ 32.699995313133236, -27.51377663688222 ], [ 32.700332623651725, -27.514239346168811 ], [ 32.700489101191131, -27.513993277267861 ], [ 32.700379910004919, -27.515323080495691 ], [ 32.700714768072132, -27.51536247619725 ], [ 32.700698961587875, -27.515721669919081 ], [ 32.70144705004143, -27.516382473772079 ], [ 32.700165088048429, -27.515654336778155 ], [ 32.699876927278439, -27.51510451466158 ], [ 32.699584906618234, -27.515145159521438 ], [ 32.700170633268193, -27.516133854393825 ], [ 32.700966044947052, -27.516526671968251 ], [ 32.701222298670231, -27.517417613232197 ], [ 32.700963677032142, -27.517417093424019 ], [ 32.700790817442368, -27.516826706487233 ], [ 32.700436092451767, -27.516756211330062 ], [ 32.69954203863422, -27.515922853656704 ], [ 32.700238841449433, -27.518493621483401 ], [ 32.700027465695022, -27.518735310685972 ], [ 32.699380720044275, -27.516945685894658 ], [ 32.699923957324827, -27.519482169766235 ], [ 32.699189320930536, -27.518457744828961 ], [ 32.699777248221508, -27.520341178802276 ], [ 32.699340715501648, -27.52017675035669 ], [ 32.6992504019845, -27.520388745743968 ], [ 32.700804264105592, -27.524366020875078 ], [ 32.702166854816575, -27.526962727847511 ], [ 32.701815230688439, -27.526889923231344 ], [ 32.701488853228064, -27.526445964809387 ], [ 32.700036535357917, -27.52278571239065 ], [ 32.699063212597295, -27.521114053470743 ], [ 32.699049184072685, -27.521762484451084 ], [ 32.700506373570377, -27.525308338608912 ], [ 32.700709985477495, -27.526861133234679 ], [ 32.701200244595682, -27.527494723602505 ], [ 32.70112845171677, -27.52767258881881 ], [ 32.700758949066319, -27.527432611026146 ], [ 32.700428978814394, -27.526816977421472 ], [ 32.699765468001999, -27.524704638108471 ], [ 32.699492252165768, -27.522907145148544 ], [ 32.698850701898479, -27.521721230750135 ], [ 32.698487699547812, -27.521483364565537 ], [ 32.699598261550591, -27.527744241403543 ], [ 32.700706951164932, -27.529862315693265 ], [ 32.701154636377403, -27.531953846492801 ], [ 32.700139160593871, -27.536823214919341 ], [ 32.698751695534369, -27.540518591259904 ], [ 32.69802936636227, -27.539935930398794 ], [ 32.69745888501955, -27.537728514759102 ], [ 32.695834811027723, -27.534523016224149 ], [ 32.69513796684376, -27.530647898681533 ], [ 32.695555660565361, -27.53121530164481 ], [ 32.69608567601319, -27.534412576778944 ], [ 32.69670406064396, -27.535858677635801 ], [ 32.697148590135392, -27.53620423943406 ], [ 32.696210663791156, -27.5336368350718 ], [ 32.695869783863508, -27.531335734356595 ], [ 32.69511785350619, -27.529635283641383 ], [ 32.694906397712138, -27.528533332647132 ], [ 32.69434830992661, -27.527610690281083 ], [ 32.694555608154914, -27.528653400234216 ], [ 32.694478673851812, -27.529071419510338 ], [ 32.694161877768529, -27.528916888103872 ], [ 32.69426756699464, -27.528248586602942 ], [ 32.693734250135648, -27.527957523720673 ], [ 32.693110892253983, -27.526664644857391 ], [ 32.69238486686821, -27.526424247980646 ], [ 32.693255270314538, -27.526452623389744 ], [ 32.693777117220293, -27.526784373400019 ], [ 32.693817799851608, -27.526600015078586 ], [ 32.694044236552308, -27.526720751761196 ], [ 32.69413789914482, -27.526346980029093 ], [ 32.694577117240229, -27.52744000705065 ], [ 32.69429340901366, -27.5262789445176 ], [ 32.694059211163726, -27.526135820111929 ], [ 32.69432554268969, -27.526112857722151 ], [ 32.694197074535417, -27.525631276162418 ], [ 32.694571767173393, -27.525593293295813 ], [ 32.694878260623327, -27.526483118501083 ], [ 32.695293522578119, -27.526820183504608 ], [ 32.695493039872005, -27.525907761034311 ], [ 32.695486593531584, -27.52564902698094 ], [ 32.695049249623246, -27.525250510402731 ], [ 32.694931262168048, -27.526190135566249 ], [ 32.694641110299067, -27.524982730068846 ] ], [ [ 32.695061721421432, -27.527606050678646 ], [ 32.696264296660019, -27.52958419045795 ], [ 32.697218298385792, -27.533012298178928 ], [ 32.697700926756404, -27.53386647515763 ], [ 32.698021132169586, -27.533948246014688 ], [ 32.698296632283835, -27.532956746156831 ], [ 32.697438743803069, -27.531162495252854 ], [ 32.696617263026326, -27.528616078369289 ], [ 32.695636603146774, -27.527132136738686 ], [ 32.695145548578282, -27.527034909683287 ], [ 32.695061721421432, -27.527606050678646 ] ], [ [ 32.697784371251814, -27.524221198549373 ], [ 32.697526469071363, -27.524429146088142 ], [ 32.697926491114792, -27.525363318662141 ], [ 32.69844853766994, -27.528154597556579 ], [ 32.699561294917928, -27.530120727789338 ], [ 32.699900388791939, -27.530304265929075 ], [ 32.699978613622193, -27.529813146159707 ], [ 32.698972586115978, -27.526697587023996 ], [ 32.698743832761785, -27.524428223383758 ], [ 32.698181948038538, -27.523323033930769 ], [ 32.698014559924047, -27.523619730166352 ], [ 32.698612209785715, -27.52766365405429 ], [ 32.698407495309738, -27.527545166576161 ], [ 32.698159899359901, -27.525136754257698 ], [ 32.697784371251814, -27.524221198549373 ] ], [ [ 32.69690653221074, -27.526445830810403 ], [ 32.696748879257427, -27.527718338230695 ], [ 32.697890465172897, -27.531038192758331 ], [ 32.698513074818656, -27.532093932988566 ], [ 32.699061747601647, -27.532224752869972 ], [ 32.699393771905072, -27.53181646066108 ], [ 32.699372245732611, -27.531438682449153 ], [ 32.698338084734914, -27.530071946762881 ], [ 32.697449872913353, -27.527145457496786 ], [ 32.697163300346098, -27.526517343100821 ], [ 32.69690653221074, -27.526445830810403 ] ], [ [ 32.696051089885948, -27.529751122616158 ], [ 32.694735139814938, -27.52749644940155 ], [ 32.695915684361445, -27.530754637866178 ], [ 32.696936148684358, -27.534872100217225 ], [ 32.697379966812079, -27.535477529664227 ], [ 32.697480495728414, -27.534643313138385 ], [ 32.696812803967745, -27.532067741133257 ], [ 32.696051089885948, -27.529751122616158 ] ], [ [ 32.69733016775308, -27.525674399553836 ], [ 32.698214549362049, -27.529413009902402 ], [ 32.698902392231702, -27.530647623488925 ], [ 32.699588350122369, -27.531095788040151 ], [ 32.699590909592906, -27.530652722645026 ], [ 32.698366598639666, -27.528908828379663 ], [ 32.69733016775308, -27.525674399553836 ] ], [ [ 32.700466931104039, -27.532549084372679 ], [ 32.700494195850538, -27.531901711894395 ], [ 32.700239277620618, -27.531815433635291 ], [ 32.700111720479612, -27.5325343166054 ], [ 32.700466931104039, -27.532549084372679 ] ], [ [ 32.701241181735234, -27.511995119479135 ], [ 32.701112601165697, -27.512195437169602 ], [ 32.70140286275204, -27.512362711969526 ], [ 32.702057578194726, -27.512144995095333 ], [ 32.701241181735234, -27.511995119479135 ] ], [ [ 32.700204791318193, -27.533712156890491 ], [ 32.70025143105876, -27.53315088910221 ], [ 32.700065712063015, -27.53301141414541 ], [ 32.699963035565773, -27.533450225747295 ], [ 32.700204791318193, -27.533712156890491 ] ], [ [ 32.700730084425956, -27.51276475658819 ], [ 32.70047109406579, -27.513184400939284 ], [ 32.700791045870105, -27.513238606676325 ], [ 32.700730084425956, -27.51276475658819 ] ], [ [ 32.704072123429818, -27.511737626490234 ], [ 32.703899611877681, -27.512036367784056 ], [ 32.703879205361105, -27.51220013253004 ], [ 32.704163532321253, -27.511905176482689 ], [ 32.704072123429818, -27.511737626490234 ] ], [ [ 32.701509957618498, -27.511153175078896 ], [ 32.701194452062332, -27.511362359185494 ], [ 32.701627300259801, -27.511276875926949 ], [ 32.701509957618498, -27.511153175078896 ] ] ] } },
{ "type": "Feature", "properties": { "geology": "Coarse Shelly Sediment" }, "geometry": { "type": "Polygon", "coordinates": [ [ [ 32.711020054432076, -27.459288259145801 ], [ 32.711585277438637, -27.459410883505424 ], [ 32.711789951445198, -27.459586954574242 ], [ 32.711251803428006, -27.459540555851888 ], [ 32.711020054432076, -27.459288259145801 ] ] ] } },
{ "type": "Feature", "properties": { "geology": "Coarse Shelly Sediment" }, "geometry": { "type": "Polygon", "coordinates": [ [ [ 32.711593913628256, -27.458495711807551 ], [ 32.711810142124428, -27.4584620501834 ], [ 32.711695045989693, -27.459245033231618 ], [ 32.711376698575791, -27.45933982717121 ], [ 32.711444508357438, -27.459132713304015 ], [ 32.711031881416304, -27.459104123856182 ], [ 32.711422954305981, -27.458840325720391 ], [ 32.710967544816427, -27.458814744504789 ], [ 32.711019415913427, -27.458558899073847 ], [ 32.711339251705169, -27.458364278588515 ], [ 32.711559065798312, -27.458842898680711 ], [ 32.711593913628256, -27.458495711807551 ] ] ] } },
{ "type": "Feature", "properties": { "geology": "Coarse Shelly Sediment" }, "geometry": { "type": "Polygon", "coordinates": [ [ [ 32.691517307977456, -27.511218767132334 ], [ 32.69152094753376, -27.511195239068975 ], [ 32.691749620848384, -27.511330705747383 ], [ 32.691517307977456, -27.511218767132334 ] ] ] } },
{ "type": "Feature", "properties": { "geology": "Coarse Shelly Sediment" }, "geometry": { "type": "Polygon", "coordinates": [ [ [ 32.692309688041767, -27.506236442957423 ], [ 32.691907095735928, -27.505891788575131 ], [ 32.692752678793219, -27.506281807459423 ], [ 32.692309688041767, -27.506236442957423 ] ] ] } },
{ "type": "Feature", "properties": { "geology": "Coarse Shelly Sediment" }, "geometry": { "type": "Polygon", "coordinates": [ [ [ 32.693968517233358, -27.506050154690829 ], [ 32.694243115327545, -27.505876259082079 ], [ 32.694019371197165, -27.50611343458727 ], [ 32.693968517233358, -27.506050154690829 ] ] ] } },
{ "type": "Feature", "properties": { "geology": "Coarse Shelly Sediment" }, "geometry": { "type": "Polygon", "coordinates": [ [ [ 32.699243516774928, -27.523116727654806 ], [ 32.699503244579184, -27.523641545920572 ], [ 32.699579722925925, -27.525756340382788 ], [ 32.700118392549861, -27.52774601126935 ], [ 32.70073573666501, -27.528718692813317 ], [ 32.700022147104448, -27.527862218066829 ], [ 32.699456944782256, -27.525846975857103 ], [ 32.699243516774928, -27.523116727654806 ] ] ] } },
{ "type": "Feature", "properties": { "geology": "Sand" }, "geometry": { "type": "Polygon", "coordinates": [ [ [ 32.701264183695159, -27.511168088536369 ], [ 32.701627300259801, -27.511276875926949 ], [ 32.701170299869489, -27.511337616138007 ], [ 32.701264183695159, -27.511168088536369 ] ] ] } },
{ "type": "Feature", "properties": { "geology": "Sand" }, "geometry": { "type": "Polygon", "coordinates": [ [ [ 32.704160111300176, -27.511693303403209 ], [ 32.704163532321253, -27.511905176482689 ], [ 32.703879205361105, -27.51220013253004 ], [ 32.704012055911711, -27.511801583576204 ], [ 32.704160111300176, -27.511693303403209 ] ] ] } },
{ "type": "Feature", "properties": { "geology": "Sand" }, "geometry": { "type": "Polygon", "coordinates": [ [ [ 32.701404021078801, -27.511933748843411 ], [ 32.701981755453687, -27.512027565219878 ], [ 32.702057578194726, -27.512144995095333 ], [ 32.701641642647779, -27.512375570476113 ], [ 32.701140131212156, -27.512251044050391 ], [ 32.701404021078801, -27.511933748843411 ] ] ] } },
{ "type": "Feature", "properties": { "geology": "Sand" }, "geometry": { "type": "Polygon", "coordinates": [ [ [ 32.700632505285981, -27.512683287903318 ], [ 32.700820483378671, -27.513038483239328 ], [ 32.700722077761768, -27.513258276648134 ], [ 32.700455698571709, -27.513128874997534 ], [ 32.700632505285981, -27.512683287903318 ] ] ] } },
{ "type": "Feature", "properties": { "geology": "Sand" }, "geometry": { "type": "Polygon", "coordinates": [ [ [ 32.714160458238602, -27.520044999676951 ], [ 32.713853108634133, -27.521716449054868 ], [ 32.713566345410655, -27.522057409921498 ], [ 32.713562105107187, -27.521486450139491 ], [ 32.714160458238602, -27.520044999676951 ] ] ] } },
{ "type": "Feature", "properties": { "geology": "Sand" }, "geometry": { "type": "Polygon", "coordinates": [ [ [ 32.713453009249015, -27.522453065756313 ], [ 32.713310418141347, -27.523238891561558 ], [ 32.713134061088113, -27.523489181880219 ], [ 32.713112212059038, -27.523292604470097 ], [ 32.713453009249015, -27.522453065756313 ] ] ] } },
{ "type": "Feature", "properties": { "geology": "Sand" }, "geometry": { "type": "Polygon", "coordinates": [ [ [ 32.712428980013463, -27.523973581915254 ], [ 32.713378768415495, -27.524412114727248 ], [ 32.713449291451724, -27.524583099230608 ], [ 32.712440942795347, -27.524149182638556 ], [ 32.712428980013463, -27.523973581915254 ] ] ] } },
{ "type": "Feature", "properties": { "geology": "Sand" }, "geometry": { "type": "Polygon", "coordinates": [ [ [ 32.707621333857539, -27.524368332132767 ], [ 32.709164122626227, -27.52463290188685 ], [ 32.710642824806634, -27.525287679382824 ], [ 32.707895324909416, -27.524583932002795 ], [ 32.707621333857539, -27.524368332132767 ] ] ] } },
{ "type": "Feature", "properties": { "geology": "Sand" }, "geometry": { "type": "Polygon", "coordinates": [ [ [ 32.712293620354373, -27.524780370917316 ], [ 32.713030388141931, -27.525224945374831 ], [ 32.713091804643149, -27.525390496174399 ], [ 32.712403774714453, -27.525065825627284 ], [ 32.712293620354373, -27.524780370917316 ] ] ] } },
{ "type": "Feature", "properties": { "geology": "Sand" }, "geometry": { "type": "Polygon", "coordinates": [ [ [ 32.707252327632901, -27.525004909149146 ], [ 32.709649851859247, -27.525445585045627 ], [ 32.710708588630538, -27.526130974564758 ], [ 32.707252327632901, -27.525004909149146 ] ] ] } },
{ "type": "Feature", "properties": { "geology": "Sand" }, "geometry": { "type": "Polygon", "coordinates": [ [ [ 32.711505627183008, -27.525988596596367 ], [ 32.713085581334589, -27.526204155996915 ], [ 32.713726579418164, -27.526537767603834 ], [ 32.712001904564325, -27.526238835653697 ], [ 32.711505627183008, -27.525988596596367 ] ] ] } },
{ "type": "Feature", "properties": { "geology": "Sand" }, "geometry": { "type": "Polygon", "coordinates": [ [ [ 32.708929479611903, -27.526217286998136 ], [ 32.709466850614753, -27.52623444066688 ], [ 32.7100717121399, -27.526422739817519 ], [ 32.708929479611903, -27.526217286998136 ] ] ] } },
{ "type": "Feature", "properties": { "geology": "Sand" }, "geometry": { "type": "Polygon", "coordinates": [ [ [ 32.706906015800058, -27.527192735756095 ], [ 32.707805091431887, -27.52749922291078 ], [ 32.709893822641831, -27.529191645378106 ], [ 32.710191645727974, -27.529697987072389 ], [ 32.706906015800058, -27.527192735756095 ] ] ] } },
{ "type": "Feature", "properties": { "geology": "Sand" }, "geometry": { "type": "Polygon", "coordinates": [ [ [ 32.711017986890653, -27.52794014791942 ], [ 32.712727938043933, -27.528600584849048 ], [ 32.713145295419118, -27.528948547837139 ], [ 32.711017986890653, -27.52794014791942 ] ] ] } },
{ "type": "Feature", "properties": { "geology": "Sand" }, "geometry": { "type": "Polygon", "coordinates": [ [ [ 32.707857908615658, -27.529843130456054 ], [ 32.708750726764656, -27.530274303216459 ], [ 32.708984158392298, -27.530515282853973 ], [ 32.708195909813433, -27.530165808105494 ], [ 32.707857908615658, -27.529843130456054 ] ] ] } },
{ "type": "Feature", "properties": { "geology": "Sand" }, "geometry": { "type": "Polygon", "coordinates": [ [ [ 32.707379320899079, -27.531037297033599 ], [ 32.70767650007047, -27.530977112603658 ], [ 32.708472068231409, -27.531320098743471 ], [ 32.708021074413104, -27.531303458587697 ], [ 32.707379320899079, -27.531037297033599 ] ] ] } },
{ "type": "Feature", "properties": { "geology": "Sand" }, "geometry": { "type": "Polygon", "coordinates": [ [ [ 32.705603944066816, -27.531223953122844 ], [ 32.706724252022646, -27.532017934879729 ], [ 32.706792140944621, -27.532355350618843 ], [ 32.705605868615969, -27.531675509916781 ], [ 32.705422149712504, -27.531399162641204 ], [ 32.705603944066816, -27.531223953122844 ] ] ] } },
{ "type": "Feature", "properties": { "geology": "Sand" }, "geometry": { "type": "Polygon", "coordinates": [ [ [ 32.706569085694845, -27.533036593364038 ], [ 32.707679816770188, -27.533316173702431 ], [ 32.707777338353559, -27.533455007442512 ], [ 32.706569085694845, -27.533036593364038 ] ] ] } },
{ "type": "Feature", "properties": { "geology": "Coarse Shelly Sediment" }, "geometry": { "type": "Polygon", "coordinates": [ [ [ 32.694366823370281, -27.534362114020329 ], [ 32.69451343624619, -27.534650631821112 ], [ 32.694423852978488, -27.534933875098204 ], [ 32.694273997147342, -27.53452976113952 ], [ 32.694366823370281, -27.534362114020329 ] ] ] } },
{ "type": "Feature", "properties": { "geology": "Sand" }, "geometry": { "type": "Polygon", "coordinates": [ [ [ 32.704102749842114, -27.536313820026681 ], [ 32.704915334075437, -27.536686347097181 ], [ 32.705063936251676, -27.536870902370161 ], [ 32.70444685563794, -27.536764651967015 ], [ 32.704102749842114, -27.536313820026681 ] ] ] } },
{ "type": "Feature", "properties": { "geology": "Sand" }, "geometry": { "type": "Polygon", "coordinates": [ [ [ 32.703393592140657, -27.538550719040398 ], [ 32.704580591121491, -27.538553246135361 ], [ 32.704651911856317, -27.538783700107629 ], [ 32.704373660715945, -27.53889679255283 ], [ 32.703393592140657, -27.538550719040398 ] ] ] } },
{ "type": "Feature", "properties": { "geology": "Sand" }, "geometry": { "type": "Polygon", "coordinates": [ [ [ 32.703316995982675, -27.539809902105254 ], [ 32.70393333915235, -27.53966545299825 ], [ 32.704984824689987, -27.539871774562659 ], [ 32.707405707007837, -27.540675302623075 ], [ 32.703316995982675, -27.539809902105254 ] ] ] } },
{ "type": "Feature", "properties": { "geology": "Sand" }, "geometry": { "type": "Polygon", "coordinates": [ [ [ 32.705909477040812, -27.540626937083413 ], [ 32.707003898910905, -27.541090888333756 ], [ 32.707158549927215, -27.541344351460619 ], [ 32.705189706439874, -27.540712870452523 ], [ 32.703429080287876, -27.540694541819615 ], [ 32.703876495703796, -27.540530297734982 ], [ 32.705909477040812, -27.540626937083413 ] ] ] } },
{ "type": "Feature", "properties": { "geology": "Sand" }, "geometry": { "type": "Polygon", "coordinates": [ [ [ 32.705459932929621, -27.541586921549118 ], [ 32.703263182350071, -27.541572516658285 ], [ 32.703127622142112, -27.541314694517492 ], [ 32.705139480202888, -27.541153761736659 ], [ 32.706830868449877, -27.542256024795687 ], [ 32.706755669838337, -27.542471712799291 ], [ 32.705459932929621, -27.541586921549118 ] ] ] } },
{ "type": "Feature", "properties": { "geology": "Sand" }, "geometry": { "type": "Polygon", "coordinates": [ [ [ 32.701915431352113, -27.541763466111043 ], [ 32.702858842661513, -27.541786946510356 ], [ 32.703450365442102, -27.54199203240632 ], [ 32.701842703178272, -27.541958559639816 ], [ 32.701915431352113, -27.541763466111043 ] ] ] } },
{ "type": "Feature", "properties": { "geology": "Sand" }, "geometry": { "type": "Polygon", "coordinates": [ [ [ 32.70549879263524, -27.542204113678856 ], [ 32.706625473187138, -27.542913156716775 ], [ 32.70486378673445, -27.542272469798604 ], [ 32.702413804153757, -27.542443575710404 ], [ 32.704482524998596, -27.542074842429955 ], [ 32.70549879263524, -27.542204113678856 ] ] ] } },
{ "type": "Feature", "properties": { "geology": "Sand" }, "geometry": { "type": "Polygon", "coordinates": [ [ [ 32.706303719141374, -27.543391056452062 ], [ 32.705359218303343, -27.5434829581719 ], [ 32.70327329882376, -27.542897649706735 ], [ 32.705761332619453, -27.543403816932528 ], [ 32.706303719141374, -27.543391056452062 ] ] ] } },
{ "type": "Feature", "properties": { "geology": "Sand" }, "geometry": { "type": "Polygon", "coordinates": [ [ [ 32.699446466781076, -27.544010459115302 ], [ 32.702979019965838, -27.543787976733714 ], [ 32.702191530414865, -27.543377281536273 ], [ 32.704069611623339, -27.543451587120952 ], [ 32.702840024347751, -27.543936794747214 ], [ 32.700183836215103, -27.544220477792756 ], [ 32.699412579427083, -27.544168012243897 ], [ 32.699446466781076, -27.544010459115302 ] ] ] } },
{ "type": "Feature", "properties": { "geology": "Sand" }, "geometry": { "type": "Polygon", "coordinates": [ [ [ 32.698993887458045, -27.54478107108951 ], [ 32.701305423906263, -27.544762755496713 ], [ 32.702949525800037, -27.54422639263381 ], [ 32.70411263608937, -27.544325970966725 ], [ 32.704225391288894, -27.544520413386387 ], [ 32.703976429268856, -27.54474904892939 ], [ 32.702835425214793, -27.54452909993795 ], [ 32.701289715448091, -27.544929724527066 ], [ 32.698993887458045, -27.54478107108951 ] ] ] } },
{ "type": "Feature", "properties": { "geology": "Sand" }, "geometry": { "type": "Polygon", "coordinates": [ [ [ 32.698799847035438, -27.545134272628509 ], [ 32.701627749021426, -27.545248786901904 ], [ 32.702960303275432, -27.544863288909585 ], [ 32.70404874645255, -27.545132598990229 ], [ 32.701531848016451, -27.545468648659149 ], [ 32.698799847035438, -27.545134272628509 ] ] ] } },
{ "type": "Feature", "properties": { "geology": "Sand" }, "geometry": { "type": "Polygon", "coordinates": [ [ [ 32.699020924675999, -27.545781189150464 ], [ 32.701180288639492, -27.54600967990276 ], [ 32.702608580221849, -27.54579947056904 ], [ 32.703802611901132, -27.545922718158888 ], [ 32.700941849586727, -27.546188180939701 ], [ 32.699020924675999, -27.545781189150464 ] ] ] } },
{ "type": "Feature", "properties": { "geology": "Sand" }, "geometry": { "type": "Polygon", "coordinates": [ [ [ 32.701378737538761, -27.546772854933263 ], [ 32.705648006350522, -27.545927281318935 ], [ 32.705512412867634, -27.54624804521109 ], [ 32.703695143366232, -27.546403927848971 ], [ 32.701162119636138, -27.546988251106843 ], [ 32.698876082565228, -27.546435499898354 ], [ 32.699485319741754, -27.546312584158382 ], [ 32.701378737538761, -27.546772854933263 ] ] ] } },
{ "type": "Feature", "properties": { "geology": "Sand" }, "geometry": { "type": "Polygon", "coordinates": [ [ [ 32.702979547867855, -27.550313845107812 ], [ 32.703645263817961, -27.550410585180291 ], [ 32.703703395095673, -27.55048003712395 ], [ 32.702680846144183, -27.550528409858178 ], [ 32.702979547867855, -27.550313845107812 ] ] ] } },
{ "type": "Feature", "properties": { "geology": "Sand" }, "geometry": { "type": "Polygon", "coordinates": [ [ [ 32.698611743037603, -27.556502081905492 ], [ 32.700658607209007, -27.555933789512693 ], [ 32.700745506000359, -27.556151769888235 ], [ 32.698611743037603, -27.556502081905492 ] ] ] } },
{ "type": "Feature", "properties": { "geology": "Sand" }, "geometry": { "type": "Polygon", "coordinates": [ [ [ 32.706331703345477, -27.528687496230948 ], [ 32.707307424598014, -27.528845284082493 ], [ 32.707594750797149, -27.528983299439673 ], [ 32.706654714643442, -27.528937801838026 ], [ 32.706331703345477, -27.528687496230948 ] ] ] } },
{ "type": "Feature", "properties": { "geology": "Coarse Shelly Sediment" }, "geometry": { "type": "Polygon", "coordinates": [ [ [ 32.713027759423582, -27.455199571503002 ], [ 32.713008647031486, -27.454967008620415 ], [ 32.713063366281418, -27.455217204510316 ], [ 32.713027759423582, -27.455199571503002 ] ] ] } },
{ "type": "Feature", "properties": { "geology": "Sand" }, "geometry": { "type": "Polygon", "coordinates": [ [ [ 32.709041177208654, -27.454257881495955 ], [ 32.709135287663464, -27.4542174605673 ], [ 32.709152306433843, -27.454241619055427 ], [ 32.709041177208654, -27.454257881495955 ] ] ] } },
{ "type": "Feature", "properties": { "geology": "Sand" }, "geometry": { "type": "Polygon", "coordinates": [ [ [ 32.710569112774436, -27.45268410208957 ], [ 32.710660116970864, -27.452526672168105 ], [ 32.710691758717786, -27.452527722576288 ], [ 32.710569112774436, -27.45268410208957 ] ] ] } },
{ "type": "Feature", "properties": { "geology": "Sand" }, "geometry": { "type": "Polygon", "coordinates": [ [ [ 32.710759079268186, -27.452293957300224 ], [ 32.710913014424179, -27.452266072920882 ], [ 32.710772052887997, -27.452336794707257 ], [ 32.710759079268186, -27.452293957300224 ] ] ] } },
{ "type": "Feature", "properties": { "geology": "Sand" }, "geometry": { "type": "Polygon", "coordinates": [ [ [ 32.711446245847675, -27.449994659725714 ], [ 32.711411276609155, -27.450250506955271 ], [ 32.71115838275324, -27.45030630808958 ], [ 32.711207690782373, -27.45009073250128 ], [ 32.711446245847675, -27.449994659725714 ] ] ] } },
{ "type": "Feature", "properties": { "geology": "Sand" }, "geometry": { "type": "Polygon", "coordinates": [ [ [ 32.712244283546987, -27.446985329409369 ], [ 32.712790010150918, -27.446782043956048 ], [ 32.712483891718321, -27.447175753658076 ], [ 32.712244283546987, -27.446985329409369 ] ] ] } },
{ "type": "Feature", "properties": { "geology": "Sand" }, "geometry": { "type": "Polygon", "coordinates": [ [ [ 32.71423653458848, -27.446241840988115 ], [ 32.714192760987231, -27.446490714874535 ], [ 32.713881479546721, -27.446589248195163 ], [ 32.71383249707214, -27.446218740102712 ], [ 32.71423653458848, -27.446241840988115 ] ] ] } },
{ "type": "Feature", "properties": { "geology": "Sand" }, "geometry": { "type": "Polygon", "coordinates": [ [ [ 32.714154669302658, -27.447548555921056 ], [ 32.714310438176327, -27.447846707259693 ], [ 32.713998441774706, -27.447734337869377 ], [ 32.714154669302658, -27.447548555921056 ] ] ] } },
{ "type": "Feature", "properties": { "geology": "Sand" }, "geometry": { "type": "Polygon", "coordinates": [ [ [ 32.714790659061691, -27.447974412788877 ], [ 32.715038125509146, -27.4477200422461 ], [ 32.715029994738543, -27.447977926440124 ], [ 32.714790659061691, -27.447974412788877 ] ] ] } },
{ "type": "Feature", "properties": { "geology": "Sand" }, "geometry": { "type": "Polygon", "coordinates": [ [ [ 32.714364450559003, -27.453813635290974 ], [ 32.714376525756158, -27.453647762534157 ], [ 32.714424002765604, -27.453724597911801 ], [ 32.714364450559003, -27.453813635290974 ] ] ] } },
{ "type": "Feature", "properties": { "geology": "Sand" }, "geometry": { "type": "Polygon", "coordinates": [ [ [ 32.712405750525036, -27.455463929916402 ], [ 32.712737710976619, -27.455385593570245 ], [ 32.712462644335659, -27.455577501700326 ], [ 32.712405750525036, -27.455463929916402 ] ] ] } },
{ "type": "Feature", "properties": { "geology": "Sand" }, "geometry": { "type": "Polygon", "coordinates": [ [ [ 32.714662268249107, -27.445851583783487 ], [ 32.714958032787074, -27.445804376570646 ], [ 32.71474651943636, -27.446001611385189 ], [ 32.714662268249107, -27.445851583783487 ] ] ] } },
{ "type": "Feature", "properties": { "geology": "Sand" }, "geometry": { "type": "Polygon", "coordinates": [ [ [ 32.714330735874789, -27.446893692090175 ], [ 32.714021834040466, -27.447438708229729 ], [ 32.714165219249523, -27.447068215425745 ], [ 32.714330735874789, -27.446893692090175 ] ] ] } },
{ "type": "Feature", "properties": { "geology": "Sand" }, "geometry": { "type": "Polygon", "coordinates": [ [ [ 32.713946645321464, -27.447585166422257 ], [ 32.713940541622783, -27.44777776523167 ], [ 32.713830859406684, -27.447879167389573 ], [ 32.713830453812449, -27.447730386248267 ], [ 32.713946645321464, -27.447585166422257 ] ] ] } },
{ "type": "Feature", "properties": { "geology": "Sand" }, "geometry": { "type": "Polygon", "coordinates": [ [ [ 32.714755563918189, -27.441631229997189 ], [ 32.714600241108343, -27.441548098465965 ], [ 32.714618348957728, -27.441467317762498 ], [ 32.714753789555843, -27.441451624592681 ], [ 32.714755563918189, -27.441631229997189 ] ] ] } },
{ "type": "Feature", "properties": { "geology": "Sand" }, "geometry": { "type": "Polygon", "coordinates": [ [ [ 32.714879514777877, -27.452706452041024 ], [ 32.714918568737019, -27.452454210193604 ], [ 32.715053833967325, -27.452322804853502 ], [ 32.714879514777877, -27.452706452041024 ] ] ] } },
{ "type": "Feature", "properties": { "geology": "Sand" }, "geometry": { "type": "Polygon", "coordinates": [ [ [ 32.713193339001464, -27.454366409881832 ], [ 32.713072894598454, -27.454755762368496 ], [ 32.712958808402369, -27.454780462248475 ], [ 32.713193339001464, -27.454366409881832 ] ] ] } },
{ "type": "Feature", "properties": { "geology": "Sand" }, "geometry": { "type": "Polygon", "coordinates": [ [ [ 32.713432499310443, -27.455848689565315 ], [ 32.713505561132813, -27.455819246660823 ], [ 32.713456769314561, -27.45587140913819 ], [ 32.713432499310443, -27.455848689565315 ] ] ] } },
{ "type": "Feature", "properties": { "geology": "Sand" }, "geometry": { "type": "Polygon", "coordinates": [ [ [ 32.711444662141524, -27.45654016119942 ], [ 32.711218047375077, -27.456479294184025 ], [ 32.711381455090169, -27.456387169432229 ], [ 32.711444662141524, -27.45654016119942 ] ] ] } },
{ "type": "Feature", "properties": { "geology": "Sand" }, "geometry": { "type": "Polygon", "coordinates": [ [ [ 32.711301538635162, -27.456883257056614 ], [ 32.711462213310526, -27.456780039167423 ], [ 32.711518861606258, -27.456801101289745 ], [ 32.711482796094252, -27.456905633987748 ], [ 32.711301538635162, -27.456883257056614 ] ] ] } },
{ "type": "Feature", "properties": { "geology": "Sand" }, "geometry": { "type": "Polygon", "coordinates": [ [ [ 32.711741243263802, -27.457261425574277 ], [ 32.711671682502171, -27.457178559342989 ], [ 32.711738120817678, -27.457185503008549 ], [ 32.711741243263802, -27.457261425574277 ] ] ] } },
{ "type": "Feature", "properties": { "geology": "Sand" }, "geometry": { "type": "Polygon", "coordinates": [ [ [ 32.711513802020427, -27.457114049173956 ], [ 32.711534837163079, -27.457100279654142 ], [ 32.711541445381464, -27.457112129121413 ], [ 32.711513802020427, -27.457114049173956 ] ] ] } },
{ "type": "Feature", "properties": { "geology": "Sand" }, "geometry": { "type": "Polygon", "coordinates": [ [ [ 32.686013514612092, -27.528874763859204 ], [ 32.686121102307091, -27.528525736073771 ], [ 32.686245573874217, -27.528617269970972 ], [ 32.686013514612092, -27.528874763859204 ] ] ] } },
{ "type": "Feature", "properties": { "geology": "Sand" }, "geometry": { "type": "Polygon", "coordinates": [ [ [ 32.685824584137315, -27.528768556623589 ], [ 32.685839933766005, -27.528615514494323 ], [ 32.685890945111097, -27.528625235266368 ], [ 32.685824584137315, -27.528768556623589 ] ] ] } },
{ "type": "Feature", "properties": { "geology": "Sand" }, "geometry": { "type": "Polygon", "coordinates": [ [ [ 32.685671615752561, -27.527878642385431 ], [ 32.686069672777251, -27.527618240988961 ], [ 32.68614040625485, -27.527593908032348 ], [ 32.686017770203975, -27.527877799720571 ], [ 32.685671615752561, -27.527878642385431 ] ] ] } },
{ "type": "Feature", "properties": { "geology": "Sand" }, "geometry": { "type": "Polygon", "coordinates": [ [ [ 32.684307165243567, -27.517661213494154 ], [ 32.684389687034489, -27.517311273796238 ], [ 32.684606914677431, -27.517066353329444 ], [ 32.684758084418085, -27.517111271767732 ], [ 32.684307165243567, -27.517661213494154 ] ] ] } },
{ "type": "Feature", "properties": { "geology": "Sand" }, "geometry": { "type": "Polygon", "coordinates": [ [ [ 32.684217326568429, -27.5178942359302 ], [ 32.684184220725299, -27.517857079540498 ], [ 32.684228354055321, -27.517867892988821 ], [ 32.684217326568429, -27.5178942359302 ] ] ] } },
{ "type": "Feature", "properties": { "geology": "Sand" }, "geometry": { "type": "Polygon", "coordinates": [ [ [ 32.684275701562456, -27.517799607465836 ], [ 32.684220901373585, -27.517827362342885 ], [ 32.684253419060134, -27.517779941091337 ], [ 32.684275701562456, -27.517799607465836 ] ] ] } },
{ "type": "Feature", "properties": { "geology": "Sand" }, "geometry": { "type": "Polygon", "coordinates": [ [ [ 32.684859761768628, -27.517035733212456 ], [ 32.684865569590464, -27.51696791623629 ], [ 32.684903188231623, -27.516970791368845 ], [ 32.684859761768628, -27.517035733212456 ] ] ] } },
{ "type": "Feature", "properties": { "geology": "Sand" }, "geometry": { "type": "Polygon", "coordinates": [ [ [ 32.684975569267259, -27.516946814543772 ], [ 32.684949770415656, -27.516879297041868 ], [ 32.685026953830956, -27.516802852869294 ], [ 32.684975569267259, -27.516946814543772 ] ] ] } },
{ "type": "Feature", "properties": { "geology": "Sand" }, "geometry": { "type": "Polygon", "coordinates": [ [ [ 32.685387460562865, -27.516053067395045 ], [ 32.685495405288748, -27.515967640793907 ], [ 32.685423419954915, -27.516151624997431 ], [ 32.685387460562865, -27.516053067395045 ] ] ] } },
{ "type": "Feature", "properties": { "geology": "Sand" }, "geometry": { "type": "Polygon", "coordinates": [ [ [ 32.685466336502287, -27.51531221039016 ], [ 32.685335420393436, -27.515288795641364 ], [ 32.685410918479128, -27.515191899086766 ], [ 32.685466336502287, -27.51531221039016 ] ] ] } },
{ "type": "Feature", "properties": { "geology": "Sand" }, "geometry": { "type": "Polygon", "coordinates": [ [ [ 32.687236714003191, -27.50378839571783 ], [ 32.687320584777225, -27.503662581462923 ], [ 32.687370159905001, -27.503776332211928 ], [ 32.687236714003191, -27.50378839571783 ] ] ] } },
{ "type": "Feature", "properties": { "geology": "Sand" }, "geometry": { "type": "Polygon", "coordinates": [ [ [ 32.687392498165316, -27.503161972946611 ], [ 32.68744042573519, -27.503048754596279 ], [ 32.687535945427612, -27.503089712420273 ], [ 32.687392498165316, -27.503161972946611 ] ] ] } },
{ "type": "Feature", "properties": { "geology": "Sand" }, "geometry": { "type": "Polygon", "coordinates": [ [ [ 32.687572535244399, -27.503175758654329 ], [ 32.687638332343219, -27.503155403399088 ], [ 32.68762246200712, -27.503210411331381 ], [ 32.687572535244399, -27.503175758654329 ] ] ] } },
{ "type": "Feature", "properties": { "geology": "Sand" }, "geometry": { "type": "Polygon", "coordinates": [ [ [ 32.687720098703664, -27.502178589470294 ], [ 32.68762053296129, -27.502215603767088 ], [ 32.687624775063398, -27.50203618452225 ], [ 32.687720098703664, -27.502178589470294 ] ] ] } },
{ "type": "Feature", "properties": { "geology": "Sand" }, "geometry": { "type": "Polygon", "coordinates": [ [ [ 32.695257232235548, -27.508802483048104 ], [ 32.695201913137844, -27.508595245074421 ], [ 32.69577719326292, -27.50824575323891 ], [ 32.695815138357993, -27.50857923804136 ], [ 32.695257232235548, -27.508802483048104 ] ] ] } },
{ "type": "Feature", "properties": { "geology": "Sand" }, "geometry": { "type": "Polygon", "coordinates": [ [ [ 32.693267315834021, -27.507687692432995 ], [ 32.693659111778608, -27.507553978533231 ], [ 32.693700413143624, -27.507794252202896 ], [ 32.693506941991856, -27.50794838161249 ], [ 32.693267315834021, -27.507687692432995 ] ] ] } },
{ "type": "Feature", "properties": { "geology": "Sand" }, "geometry": { "type": "Polygon", "coordinates": [ [ [ 32.696506069499563, -27.491795034213371 ], [ 32.696121703753754, -27.491923943934804 ], [ 32.696226325484609, -27.491589625460779 ], [ 32.69695815329618, -27.491243346902841 ], [ 32.697188380639325, -27.492008520676592 ], [ 32.697726924358115, -27.491997139756172 ], [ 32.697565353958005, -27.492437827343757 ], [ 32.697393601433596, -27.492523998583636 ], [ 32.69729353566818, -27.492093205337095 ], [ 32.697012025384758, -27.492332652529779 ], [ 32.696506069499563, -27.491795034213371 ] ] ] } },
{ "type": "Feature", "properties": { "geology": "Sand" }, "geometry": { "type": "Polygon", "coordinates": [ [ [ 32.696656835444671, -27.492561897813278 ], [ 32.697419918294678, -27.492713616140371 ], [ 32.697541566889861, -27.493181880539314 ], [ 32.697140168883756, -27.493192518619765 ], [ 32.696856314967015, -27.492915195579783 ], [ 32.697013005645807, -27.492738247671912 ], [ 32.696643209816337, -27.492747047538138 ], [ 32.696656835444671, -27.492561897813278 ] ] ] } },
{ "type": "Feature", "properties": { "geology": "Sand" }, "geometry": { "type": "Polygon", "coordinates": [ [ [ 32.69688028639618, -27.491185310953288 ], [ 32.69674517045334, -27.491026071595893 ], [ 32.69683202697648, -27.49100081143823 ], [ 32.69688028639618, -27.491185310953288 ] ] ] } },
{ "type": "Feature", "properties": { "geology": "Sand" }, "geometry": { "type": "Polygon", "coordinates": [ [ [ 32.701791525458589, -27.49143425858415 ], [ 32.701977409030228, -27.491574291120557 ], [ 32.701651466841795, -27.491724069610097 ], [ 32.701575214224818, -27.491601342727733 ], [ 32.701791525458589, -27.49143425858415 ] ] ] } },
{ "type": "Feature", "properties": { "geology": "Sand" }, "geometry": { "type": "Polygon", "coordinates": [ [ [ 32.699252730329292, -27.492960832576312 ], [ 32.699349896680445, -27.492461249287224 ], [ 32.699387964083371, -27.492404420227768 ], [ 32.699487919232119, -27.492372288350371 ], [ 32.699252730329292, -27.492960832576312 ] ] ] } },
{ "type": "Feature", "properties": { "geology": "Sand" }, "geometry": { "type": "Polygon", "coordinates": [ [ [ 32.696212264584403, -27.491489481454359 ], [ 32.696335978922335, -27.491372686500235 ], [ 32.696230304984645, -27.491555658966437 ], [ 32.696212264584403, -27.491489481454359 ] ] ] } },
{ "type": "Feature", "properties": { "geology": "Sand" }, "geometry": { "type": "Polygon", "coordinates": [ [ [ 32.696417426023501, -27.491339685877708 ], [ 32.696327882326017, -27.491195614486028 ], [ 32.696332564196567, -27.490928335973898 ], [ 32.696657780632151, -27.490575810724994 ], [ 32.696417426023501, -27.491339685877708 ] ] ] } },
{ "type": "Feature", "properties": { "geology": "Sand" }, "geometry": { "type": "Polygon", "coordinates": [ [ [ 32.687473797777606, -27.502727524855324 ], [ 32.687551468625443, -27.502675329103123 ], [ 32.687509996389267, -27.50274766607188 ], [ 32.687473797777606, -27.502727524855324 ] ] ] } },
{ "type": "Feature", "properties": { "geology": "Sand" }, "geometry": { "type": "Polygon", "coordinates": [ [ [ 32.687512950662232, -27.502589424961954 ], [ 32.687614556066954, -27.502479332654978 ], [ 32.68753285175972, -27.50262624050853 ], [ 32.687512950662232, -27.502589424961954 ] ] ] } },
{ "type": "Feature", "properties": { "geology": "Sand" }, "geometry": { "type": "Polygon", "coordinates": [ [ [ 32.692053217582028, -27.486306790126186 ], [ 32.692193489338138, -27.485895906970455 ], [ 32.69241233486148, -27.485809018970954 ], [ 32.692053217582028, -27.486306790126186 ] ] ] } },
{ "type": "Feature", "properties": { "geology": "Sand" }, "geometry": { "type": "Polygon", "coordinates": [ [ [ 32.703805165076346, -27.491573640011445 ], [ 32.703610867447715, -27.491758460584393 ], [ 32.703483029718079, -27.491769455695771 ], [ 32.703805165076346, -27.491573640011445 ] ] ] } },
{ "type": "Feature", "properties": { "geology": "Sand" }, "geometry": { "type": "Polygon", "coordinates": [ [ [ 32.703748581531869, -27.491332601018673 ], [ 32.703798943566426, -27.49140529232033 ], [ 32.703718840951836, -27.49143016487016 ], [ 32.703748581531869, -27.491332601018673 ] ] ] } },
{ "type": "Feature", "properties": { "geology": "Sand" }, "geometry": { "type": "Polygon", "coordinates": [ [ [ 32.703579662771347, -27.492813399518759 ], [ 32.703411146007625, -27.492707901848071 ], [ 32.703636666299225, -27.49274598364018 ], [ 32.703579662771347, -27.492813399518759 ] ] ] } },
{ "type": "Feature", "properties": { "geology": "Sand" }, "geometry": { "type": "Polygon", "coordinates": [ [ [ 32.701838476364614, -27.491209191550933 ], [ 32.702079957823891, -27.491235998542436 ], [ 32.701824239197329, -27.491277998680612 ], [ 32.701838476364614, -27.491209191550933 ] ] ] } },
{ "type": "Feature", "properties": { "geology": "Sand" }, "geometry": { "type": "Polygon", "coordinates": [ [ [ 32.703638950577165, -27.49288749915873 ], [ 32.703376846764129, -27.493002822821893 ], [ 32.70344349731964, -27.492879399864325 ], [ 32.703638950577165, -27.49288749915873 ] ] ] } },
{ "type": "Feature", "properties": { "geology": "Sand" }, "geometry": { "type": "Polygon", "coordinates": [ [ [ 32.703750196714324, -27.492960838871547 ], [ 32.703767587804009, -27.493036719169176 ], [ 32.703714877639527, -27.493001731944283 ], [ 32.703750196714324, -27.492960838871547 ] ] ] } },
{ "type": "Feature", "properties": { "geology": "Sand" }, "geometry": { "type": "Polygon", "coordinates": [ [ [ 32.69700536590495, -27.492509538384468 ], [ 32.697183240114498, -27.4923597464051 ], [ 32.697149568597737, -27.492530336106057 ], [ 32.69700536590495, -27.492509538384468 ] ] ] } },
{ "type": "Feature", "properties": { "geology": "Reef" }, "geometry": { "type": "Polygon", "coordinates": [ [ [ 32.696969705087916, -27.492399259917871 ], [ 32.696840613703415, -27.492456991896649 ], [ 32.696852225749723, -27.492412645427127 ], [ 32.696969705087916, -27.492399259917871 ] ] ] } },
{ "type": "Feature", "properties": { "geology": "Scattered Reef" }, "geometry": { "type": "Polygon", "coordinates": [ [ [ 32.710834634011213, -27.450314738334413 ], [ 32.710798832899883, -27.450364272992768 ], [ 32.710816949742522, -27.450254828197721 ], [ 32.710834634011213, -27.450314738334413 ] ] ] } },
{ "type": "Feature", "properties": { "geology": "Scattered Reef" }, "geometry": { "type": "Polygon", "coordinates": [ [ [ 32.710605785328788, -27.45069744932778 ], [ 32.710677049406343, -27.450739703074785 ], [ 32.710586879780791, -27.45070582381469 ], [ 32.710605785328788, -27.45069744932778 ] ] ] } },
{ "type": "Feature", "properties": { "geology": "Scattered Reef" }, "geometry": { "type": "Polygon", "coordinates": [ [ [ 32.711299650058827, -27.453735394272964 ], [ 32.711291030057055, -27.453610014390634 ], [ 32.711390652456714, -27.453644400868363 ], [ 32.711299650058827, -27.453735394272964 ] ] ] } },
{ "type": "Feature", "properties": { "geology": "Scattered Reef" }, "geometry": { "type": "Polygon", "coordinates": [ [ [ 32.695110331576601, -27.485761796469617 ], [ 32.695362685839349, -27.485704926041503 ], [ 32.695632755847029, -27.485794440960682 ], [ 32.69532056519202, -27.48598687699274 ], [ 32.695110331576601, -27.485761796469617 ] ] ] } },
{ "type": "Feature", "properties": { "geology": "Scattered Reef" }, "geometry": { "type": "Polygon", "coordinates": [ [ [ 32.691736861267223, -27.48984414479138 ], [ 32.692022541707033, -27.489617825002583 ], [ 32.691835463835631, -27.489920008001928 ], [ 32.691736861267223, -27.48984414479138 ] ] ] } },
{ "type": "Feature", "properties": { "geology": "Scattered Reef" }, "geometry": { "type": "Polygon", "coordinates": [ [ [ 32.699180938349713, -27.486416742138871 ], [ 32.69920866804565, -27.486508651952697 ], [ 32.6991602809223, -27.486437687349294 ], [ 32.699180938349713, -27.486416742138871 ] ] ] } },
{ "type": "Feature", "properties": { "geology": "Reef" }, "geometry": { "type": "Polygon", "coordinates": [ [ [ 32.710797197932372, -27.450548106110098 ], [ 32.710646782722904, -27.450678825267538 ], [ 32.710634536654617, -27.45053561632557 ], [ 32.710797197932372, -27.450548106110098 ] ] ] } },
{ "type": "Feature", "properties": { "geology": "Reef" }, "geometry": { "type": "Polygon", "coordinates": [ [ [ 32.710868754289606, -27.453912557118752 ], [ 32.710859927443757, -27.453928959853524 ], [ 32.71084943145619, -27.453914078771682 ], [ 32.710868754289606, -27.453912557118752 ] ] ] } },
{ "type": "Feature", "properties": { "geology": "Reef" }, "geometry": { "type": "Polygon", "coordinates": [ [ [ 32.711617750159164, -27.457262855496371 ], [ 32.711696729520504, -27.45719276323538 ], [ 32.711676820329032, -27.457271346895027 ], [ 32.711617750159164, -27.457262855496371 ] ] ] } },
{ "type": "Feature", "properties": { "geology": "Reef" }, "geometry": { "type": "Polygon", "coordinates": [ [ [ 32.700136985133781, -27.533762277906749 ], [ 32.699955900344641, -27.533314476681682 ], [ 32.700127773378156, -27.533003170060223 ], [ 32.700258684990395, -27.533243069611952 ], [ 32.700136985133781, -27.533762277906749 ] ] ] } },
{ "type": "Feature", "properties": { "geology": "Reef" }, "geometry": { "type": "Polygon", "coordinates": [ [ [ 32.700393967307761, -27.53267141645269 ], [ 32.700152718772998, -27.532614887766776 ], [ 32.700075149548574, -27.532270020245182 ], [ 32.700292305245739, -27.531803306277514 ], [ 32.700501921026891, -27.531947237375057 ], [ 32.700393967307761, -27.53267141645269 ] ] ] } },
{ "type": "Feature", "properties": { "geology": "Reef" }, "geometry": { "type": "Polygon", "coordinates": [ [ [ 32.691462303642453, -27.497027274588959 ], [ 32.690638724297777, -27.497001693373406 ], [ 32.69062221454363, -27.496395958606549 ], [ 32.691495006589356, -27.49648519563522 ], [ 32.691462303642453, -27.497027274588959 ] ] ] } },
{ "type": "Feature", "properties": { "geology": "Reef" }, "geometry": { "type": "Polygon", "coordinates": [ [ [ 32.688205827936642, -27.498146267736029 ], [ 32.688895398403979, -27.498062100185756 ], [ 32.688850110344397, -27.498326000844212 ], [ 32.688437662368308, -27.498421495355704 ], [ 32.688812177839772, -27.498577405422854 ], [ 32.688396069622989, -27.498473096656024 ], [ 32.688205827936642, -27.498146267736029 ] ] ] } },
{ "type": "Feature", "properties": { "geology": "Reef" }, "geometry": { "type": "Polygon", "coordinates": [ [ [ 32.688907458312585, -27.496342354516006 ], [ 32.689231210651919, -27.496474410065883 ], [ 32.689310489487575, -27.496766838118987 ], [ 32.688761665618401, -27.496571999997737 ], [ 32.688907458312585, -27.496342354516006 ] ] ] } },
{ "type": "Feature", "properties": { "geology": "Reef" }, "geometry": { "type": "Polygon", "coordinates": [ [ [ 32.689641497557076, -27.49612637333345 ], [ 32.689449039941337, -27.496322336506534 ], [ 32.689380713948815, -27.496264631507483 ], [ 32.689641497557076, -27.49612637333345 ] ] ] } },
{ "type": "Feature", "properties": { "geology": "Reef" }, "geometry": { "type": "Polygon", "coordinates": [ [ [ 32.689188183487985, -27.496849260085256 ], [ 32.689170305865034, -27.496964371508504 ], [ 32.68910675257461, -27.496840312730193 ], [ 32.689188183487985, -27.496849260085256 ] ] ] } },
{ "type": "Feature", "properties": { "geology": "Reef" }, "geometry": { "type": "Polygon", "coordinates": [ [ [ 32.69043081273189, -27.496376900173704 ], [ 32.690398247381289, -27.496335859612184 ], [ 32.690435716735038, -27.496349953787266 ], [ 32.69043081273189, -27.496376900173704 ] ] ] } },
{ "type": "Feature", "properties": { "geology": "Reef" }, "geometry": { "type": "Polygon", "coordinates": [ [ [ 32.690485439351647, -27.496317700501429 ], [ 32.690399682699272, -27.496251741524574 ], [ 32.690525462779959, -27.49628004318938 ], [ 32.690485439351647, -27.496317700501429 ] ] ] } },
{ "type": "Feature", "properties": { "geology": "Reef" }, "geometry": { "type": "Polygon", "coordinates": [ [ [ 32.688051862203778, -27.500702402693687 ], [ 32.688138360796799, -27.500875931379046 ], [ 32.687947838522064, -27.500805502771698 ], [ 32.688051862203778, -27.500702402693687 ] ] ] } },
{ "type": "Feature", "properties": { "geology": "Reef" }, "geometry": { "type": "Polygon", "coordinates": [ [ [ 32.702358933817806, -27.487102486890187 ], [ 32.702236375108662, -27.486929332322788 ], [ 32.702440126410771, -27.48707779780208 ], [ 32.702358933817806, -27.487102486890187 ] ] ] } },
{ "type": "Feature", "properties": { "geology": "Reef" }, "geometry": { "type": "Polygon", "coordinates": [ [ [ 32.699554088650345, -27.485764327161917 ], [ 32.699464178928793, -27.485800876509195 ], [ 32.699450999364181, -27.485778549040749 ], [ 32.699554088650345, -27.485764327161917 ] ] ] } },
{ "type": "Feature", "properties": { "geology": "Reef" }, "geometry": { "type": "Polygon", "coordinates": [ [ [ 32.699161450940309, -27.486984759339087 ], [ 32.699063566930143, -27.487045937519955 ], [ 32.69907975292832, -27.486983164841149 ], [ 32.699161450940309, -27.486984759339087 ] ] ] } },
{ "type": "Feature", "properties": { "geology": "Reef" }, "geometry": { "type": "Polygon", "coordinates": [ [ [ 32.699468394950543, -27.487228135669895 ], [ 32.699430285279504, -27.487103838571247 ], [ 32.699532782811737, -27.48711405397033 ], [ 32.699468394950543, -27.487228135669895 ] ] ] } },
{ "type": "Feature", "properties": { "geology": "Reef" }, "geometry": { "type": "Polygon", "coordinates": [ [ [ 32.701081419871677, -27.487173921838977 ], [ 32.700899505008195, -27.487239209022231 ], [ 32.700381761708954, -27.48714632704133 ], [ 32.700496153674599, -27.487029580650589 ], [ 32.701081419871677, -27.487173921838977 ] ] ] } },
{ "type": "Feature", "properties": { "geology": "Reef" }, "geometry": { "type": "Polygon", "coordinates": [ [ [ 32.702912717447987, -27.488224348874528 ], [ 32.703162978988388, -27.48816843172763 ], [ 32.703206504376766, -27.488287214183504 ], [ 32.702912717447987, -27.488224348874528 ] ] ] } },
{ "type": "Feature", "properties": { "geology": "Reef" }, "geometry": { "type": "Polygon", "coordinates": [ [ [ 32.702959260961173, -27.488428535448481 ], [ 32.703206329908262, -27.488355250594278 ], [ 32.703410622602213, -27.488484504756045 ], [ 32.70327409922043, -27.48852328711995 ], [ 32.702959260961173, -27.488428535448481 ] ] ] } },
{ "type": "Feature", "properties": { "geology": "Reef" }, "geometry": { "type": "Polygon", "coordinates": [ [ [ 32.703304035852618, -27.488254129924041 ], [ 32.70323424306595, -27.488248194398594 ], [ 32.703255432891986, -27.488213509345936 ], [ 32.703304035852618, -27.488254129924041 ] ] ] } },
{ "type": "Feature", "properties": { "geology": "Reef" }, "geometry": { "type": "Polygon", "coordinates": [ [ [ 32.69535220244223, -27.484680734927924 ], [ 32.695443239014296, -27.48465279389125 ], [ 32.69544683989978, -27.484694167201969 ], [ 32.69535220244223, -27.484680734927924 ] ] ] } },
{ "type": "Feature", "properties": { "geology": "Reef" }, "geometry": { "type": "Polygon", "coordinates": [ [ [ 32.695388178022057, -27.485676233171574 ], [ 32.695195418234, -27.485643192978952 ], [ 32.69531445250005, -27.485514760797525 ], [ 32.695388178022057, -27.485676233171574 ] ] ] } },
{ "type": "Feature", "properties": { "geology": "Reef" }, "geometry": { "type": "Polygon", "coordinates": [ [ [ 32.693691224770248, -27.485683008663905 ], [ 32.693742549079445, -27.485868934503699 ], [ 32.693531725508763, -27.485815710826351 ], [ 32.693691224770248, -27.485683008663905 ] ] ] } },
{ "type": "Feature", "properties": { "geology": "Reef" }, "geometry": { "type": "Polygon", "coordinates": [ [ [ 32.695528501039533, -27.485886076481183 ], [ 32.696087152699988, -27.486343513042616 ], [ 32.695640088919021, -27.486437120776479 ], [ 32.695577750612763, -27.486238678172427 ], [ 32.69536455732851, -27.486472151168776 ], [ 32.695108465483386, -27.486314740133089 ], [ 32.69477888913449, -27.486463158847641 ], [ 32.69472179927174, -27.486241470567382 ], [ 32.694272352287321, -27.486190181331761 ], [ 32.694464728964164, -27.485896230726446 ], [ 32.693916803517716, -27.485890368945288 ], [ 32.694481178463683, -27.485661604799201 ], [ 32.694479771024731, -27.485467321559582 ], [ 32.694893606654645, -27.485447880015645 ], [ 32.695169613986558, -27.485931268313337 ], [ 32.695528501039533, -27.485886076481183 ] ] ] } },
{ "type": "Feature", "properties": { "geology": "Reef" }, "geometry": { "type": "Polygon", "coordinates": [ [ [ 32.693375220090395, -27.486872863891517 ], [ 32.693324995652063, -27.486823172751219 ], [ 32.693137382684128, -27.486638544633077 ], [ 32.693437856072244, -27.486743117800611 ], [ 32.693375220090395, -27.486872863891517 ] ] ] } },
{ "type": "Feature", "properties": { "geology": "Reef" }, "geometry": { "type": "Polygon", "coordinates": [ [ [ 32.693020301745598, -27.486702272391945 ], [ 32.69300399613762, -27.486851015761719 ], [ 32.692899646001948, -27.486735075163541 ], [ 32.693020301745598, -27.486702272391945 ] ] ] } },
{ "type": "Feature", "properties": { "geology": "Reef" }, "geometry": { "type": "Polygon", "coordinates": [ [ [ 32.691847500361938, -27.489690817577142 ], [ 32.69146749542864, -27.489668538672078 ], [ 32.691415759230004, -27.489583742495629 ], [ 32.691847500361938, -27.489690817577142 ] ] ] } },
{ "type": "Feature", "properties": { "geology": "Coarse Shelly Sediment" }, "geometry": { "type": "Polygon", "coordinates": [ [ [ 32.693772797776496, -27.487477162441021 ], [ 32.693711615099012, -27.487594083300277 ], [ 32.693663851205862, -27.48748549016317 ], [ 32.693772797776496, -27.487477162441021 ] ] ] } },
{ "type": "Feature", "properties": { "geology": "Coarse Shelly Sediment" }, "geometry": { "type": "Polygon", "coordinates": [ [ [ 32.687521439363017, -27.505279099350886 ], [ 32.687655407770905, -27.505394243149716 ], [ 32.687701048364765, -27.505337406895766 ], [ 32.687521439363017, -27.505279099350886 ] ] ] } },
{ "type": "Feature", "properties": { "geology": "Sand" }, "geometry": { "type": "Polygon", "coordinates": [ [ [ 32.697843960330587, -27.524302496363095 ], [ 32.698159899359901, -27.525136754257698 ], [ 32.698407495309738, -27.527545166576161 ], [ 32.698612209785715, -27.52766365405429 ], [ 32.698014559924047, -27.523619730166352 ], [ 32.698181948038538, -27.523323033930769 ], [ 32.698743832761785, -27.524428223383758 ], [ 32.698972586115978, -27.526697587023996 ], [ 32.699978613622193, -27.529813146159707 ], [ 32.699900388791939, -27.530304265929075 ], [ 32.699561294917928, -27.530120727789338 ], [ 32.69844853766994, -27.528154597556579 ], [ 32.697926491114792, -27.525363318662141 ], [ 32.697526469071363, -27.524429146088142 ], [ 32.697591185185146, -27.52418650270484 ], [ 32.697843960330587, -27.524302496363095 ] ] ] } },
{ "type": "Feature", "properties": { "geology": "Sand" }, "geometry": { "type": "Polygon", "coordinates": [ [ [ 32.697418008134598, -27.525678497764442 ], [ 32.698366598639666, -27.528908828379663 ], [ 32.699590909592906, -27.530652722645026 ], [ 32.699588350122369, -27.531095788040151 ], [ 32.698902392231702, -27.530647623488925 ], [ 32.698214549362049, -27.529413009902402 ], [ 32.697334283950106, -27.526149091407341 ], [ 32.697418008134598, -27.525678497764442 ] ] ] } },
{ "type": "Feature", "properties": { "geology": "Sand" }, "geometry": { "type": "Polygon", "coordinates": [ [ [ 32.696995586677019, -27.526427588062663 ], [ 32.697449872913353, -27.527145457496786 ], [ 32.698338084734914, -27.530071946762881 ], [ 32.699372245732611, -27.531438682449153 ], [ 32.699393771905072, -27.53181646066108 ], [ 32.699061747601647, -27.532224752869972 ], [ 32.6983480789008, -27.531921472697782 ], [ 32.697823269628273, -27.530857010842354 ], [ 32.696748879257427, -27.527718338230695 ], [ 32.696748886451999, -27.526800854375825 ], [ 32.696995586677019, -27.526427588062663 ] ] ] } },
{ "type": "Feature", "properties": { "geology": "Sand" }, "geometry": { "type": "Polygon", "coordinates": [ [ [ 32.695125952800545, -27.527860959915273 ], [ 32.69524094416429, -27.526988800542703 ], [ 32.6957432506006, -27.527239637649096 ], [ 32.696683688301647, -27.528763210153915 ], [ 32.697438743803069, -27.531162495252854 ], [ 32.698296632283835, -27.532956746156831 ], [ 32.698021132169586, -27.533948246014688 ], [ 32.697700926756404, -27.53386647515763 ], [ 32.697218298385792, -27.533012298178928 ], [ 32.696264296660019, -27.52958419045795 ], [ 32.695125952800545, -27.527860959915273 ] ] ] } },
{ "type": "Feature", "properties": { "geology": "Sand" }, "geometry": { "type": "Polygon", "coordinates": [ [ [ 32.706903958151216, -27.543832165821783 ], [ 32.707975789501177, -27.543949628072831 ], [ 32.708434142921462, -27.544186979845215 ], [ 32.706903958151216, -27.543832165821783 ] ] ] } },
{ "type": "Feature", "properties": { "geology": "Sand" }, "geometry": { "type": "Polygon", "coordinates": [ [ [ 32.694735139814938, -27.52749644940155 ], [ 32.696051089885948, -27.529751122616158 ], [ 32.696812803967745, -27.532067741133257 ], [ 32.697480495728414, -27.534643313138385 ], [ 32.697379966812079, -27.535477529664227 ], [ 32.696936148684358, -27.534872100217225 ], [ 32.695915684361445, -27.530754637866178 ], [ 32.694735139814938, -27.52749644940155 ] ] ] } },
{ "type": "Feature", "properties": { "geology": "Reef" }, "geometry": { "type": "Polygon", "coordinates": [ [ [ 32.688776765235566, -27.514186211524422 ], [ 32.689221632872126, -27.513701652309319 ], [ 32.689831791404153, -27.513261308262706 ], [ 32.690003647350515, -27.513280279461256 ], [ 32.689874614421974, -27.513605377186355 ], [ 32.688776765235566, -27.514186211524422 ] ] ] } },
{ "type": "Feature", "properties": { "geology": "Sand" }, "geometry": { "type": "Polygon", "coordinates": [ [ [ 32.695975598994735, -27.484278094058762 ], [ 32.69581359602072, -27.484458081675054 ], [ 32.695373791567363, -27.484223152676268 ], [ 32.695623265301535, -27.483965591338929 ], [ 32.695975598994735, -27.484278094058762 ] ] ] } },
{ "type": "Feature", "properties": { "geology": "Sand" }, "geometry": { "type": "Polygon", "coordinates": [ [ [ 32.697552176191998, -27.484551862978044 ], [ 32.697290965405799, -27.485064151889038 ], [ 32.696624700869314, -27.48446213851685 ], [ 32.697058704695536, -27.484306738365234 ], [ 32.697552176191998, -27.484551862978044 ] ] ] } },
{ "type": "Feature", "properties": { "geology": "Coarse Shelly Sediment" }, "geometry": { "type": "Polygon", "coordinates": [ [ [ 32.695491423790209, -27.495173291614083 ], [ 32.695889089609878, -27.495168979364816 ], [ 32.695929596873484, -27.495234339393203 ], [ 32.695599267792048, -27.495279198476158 ], [ 32.695491423790209, -27.495173291614083 ] ] ] } },
{ "type": "Feature", "properties": { "geology": "Coarse Shelly Sediment" }, "geometry": { "type": "Polygon", "coordinates": [ [ [ 32.696686836828142, -27.483616169650475 ], [ 32.696988366919626, -27.483789072407735 ], [ 32.697140902730546, -27.483797465780373 ], [ 32.697403383359529, -27.48405986277244 ], [ 32.696686836828142, -27.483616169650475 ] ], [ [ 32.697133094816529, -27.483814730965037 ], [ 32.697109677369781, -27.483864225153788 ], [ 32.697135508596922, -27.483872352327104 ], [ 32.697133094816529, -27.483814730965037 ] ] ] } },
{ "type": "Feature", "properties": { "geology": "Sand" }, "geometry": { "type": "Polygon", "coordinates": [ [ [ 32.695592553453679, -27.484391611883307 ], [ 32.695201459879542, -27.484844110267428 ], [ 32.694983179130467, -27.48456235896564 ], [ 32.695201096553426, -27.484299763223479 ], [ 32.695592553453679, -27.484391611883307 ] ] ] } },
{ "type": "Feature", "properties": { "geology": "Reef" }, "geometry": { "type": "Polygon", "coordinates": [ [ [ 32.702823656686505, -27.488424288849753 ], [ 32.70199424613763, -27.488519249163982 ], [ 32.701541509433213, -27.488072211463354 ], [ 32.702353412879738, -27.488105809235659 ], [ 32.702823656686505, -27.488424288849753 ] ] ] } },
{ "type": "Feature", "properties": { "geology": "Reef" }, "geometry": { "type": "Polygon", "coordinates": [ [ [ 32.701227985982833, -27.487468096375444 ], [ 32.701456367017819, -27.487657323626493 ], [ 32.700901279370605, -27.487653793787523 ], [ 32.701227985982833, -27.487468096375444 ] ] ] } },
{ "type": "Feature", "properties": { "geology": "Reef" }, "geometry": { "type": "Polygon", "coordinates": [ [ [ 32.702568164689112, -27.489416598097456 ], [ 32.702682927175395, -27.489338950631993 ], [ 32.702688857305013, -27.48936985673344 ], [ 32.702568164689112, -27.489416598097456 ] ] ] } },
{ "type": "Feature", "properties": { "geology": "Coarse Shelly Sediment" }, "geometry": { "type": "Polygon", "coordinates": [ [ [ 32.705481942937347, -27.473911078233645 ], [ 32.706121556065035, -27.473884822526514 ], [ 32.706798714089459, -27.474333836037655 ], [ 32.708435064726544, -27.474594223044889 ], [ 32.710767793698771, -27.473877975088431 ], [ 32.711352631818549, -27.474100214653141 ], [ 32.710383107794286, -27.474106486525095 ], [ 32.709540767692324, -27.474480551436276 ], [ 32.71010765624343, -27.474583333154275 ], [ 32.710031364955583, -27.47472076575071 ], [ 32.709169097675826, -27.474585628224112 ], [ 32.708019947562647, -27.474805467498271 ], [ 32.705481942937347, -27.473911078233645 ] ] ] } },
{ "type": "Feature", "properties": { "geology": "Coarse Shelly Sediment" }, "geometry": { "type": "Polygon", "coordinates": [ [ [ 32.704046827299301, -27.509264901853616 ], [ 32.7041152782975, -27.509682940015615 ], [ 32.703418942230464, -27.51010951094516 ], [ 32.703317782889464, -27.51097434668873 ], [ 32.702755882877739, -27.51097071972287 ], [ 32.702831612988561, -27.510008000868467 ], [ 32.703339504214789, -27.509509573208202 ], [ 32.704046827299301, -27.509264901853616 ] ] ] } }
]
}
