{
"type": "FeatureCollection",
"name": "cgs_isobaths",
"crs": { "type": "name", "properties": { "name": "urn:ogc:def:crs:OGC:1.3:CRS84" } },
"features": [
{ "type": "Feature", "properties": { "depth_m": 0 }, "geometry": { "type": "LineString", "coordinates": [ [ 32.713875371192401, -27.428688968846572 ], [ 32.714147754469934, -27.429741646333333 ], [ 32.714019527594061, -27.430373109615449 ], [ 32.713161143787481, -27.431107138417943 ] ] } },
{ "type": "Feature", "properties": { "depth_m": 0 }, "geometry": { "type": "LineString", "coordinates": [ [ 32.712479864632243, -27.431608409624168 ], [ 32.712451717665175, -27.431660288587167 ] ] } },
{ "type": "Feature", "properties": { "depth_m": -20 }, "geometry": { "type": "LineString", "coordinates": [ [ 32.71168697143051, -27.45349505602654 ], [ 32.712250249959091, -27.452479848215031 ], [ 32.712130645925185, -27.451847876882283 ], [ 32.711691962379128, -27.451575757565752 ], [ 32.71092819363335, -27.453108835386498 ], [ 32.71168697143051, -27.45349505602654 ] ] } },
{ "type": "Feature", "properties": { "depth_m": -25 }, "geometry": { "type": "LineString", "coordinates": [ [ 32.705975735199104, -27.470892557190751 ], [ 32.706238893640162, -27.470155550485543 ], [ 32.705978728402599, -27.469764724398608 ], [ 32.705439479055954, -27.470153861781661 ], [ 32.705522276158597, -27.470785759266285 ], [ 32.705975735199104, -27.470892557190751 ] ] } },
{ "type": "Feature", "properties": { "depth_m": -30 }, "geometry": { "type": "LineString", "coordinates": [ [ 32.700294303613298, -27.476606388091902 ], [ 32.699732554431641, -27.475827169647182 ], [ 32.69999248664648, -27.47519600823912 ], [ 32.700298738034334, -27.474967561051798 ], [ 32.701006731049176, -27.475071105808297 ], [ 32.701272987384002, -27.475830483189277 ], [ 32.70100343028458, -27.476293864254686 ], [ 32.700294303613298, -27.476606388091902 ] ] } },
{ "type": "Feature", "properties": { "depth_m": 0 }, "geometry": { "type": "LineString", "coordinates": [ [ 32.683466438509129, -27.483202523208661 ], [ 32.682561215134449, -27.485685122507721 ] ] } },
{ "type": "Feature", "properties": { "depth_m": 0 }, "geometry": { "type": "LineString", "coordinates": [ [ 32.682155860950303, -27.486255730568519 ], [ 32.68184817657248, -27.487320014107574 ] ] } },
{ "type": "Feature", "properties": { "depth_m": -20 }, "geometry": { "type": "LineString", "coordinates": [ [ 32.693174222618062, -27.490051033739267 ], [ 32.69386560706387, -27.489712250764093 ], [ 32.693235175678225, -27.488447423083933 ], [ 32.693521169014438, -27.487816332728496 ], [ 32.693182796089189, -27.486957728990127 ], [ 32.692624166636485, -27.487814354788334 ], [ 32.692825755552995, -27.488446520151712 ], [ 32.692663330837846, -27.488618704452406 ], [ 32.692767146178916, -27.489709830408188 ], [ 32.693174222618062, -27.490051033739267 ] ] } },
{ "type": "Feature", "properties": { "depth_m": -20 }, "geometry": { "type": "LineString", "coordinates": [ [ 32.693165069386431, -27.493352969341714 ], [ 32.694145655455408, -27.491847042934047 ], [ 32.693881308675842, -27.490514852879215 ], [ 32.692875295518114, -27.490708545401716 ], [ 32.692608905841311, -27.491103090792755 ], [ 32.69279832911274, -27.492868499527116 ], [ 32.693165069386431, -27.493352969341714 ] ] } },
{ "type": "Feature", "properties": { "depth_m": 0 }, "geometry": { "type": "LineString", "coordinates": [ [ 32.679712288825797, -27.494094611158033 ], [ 32.679703409461247, -27.494133764484967 ] ] } },
{ "type": "Feature", "properties": { "depth_m": -35 }, "geometry": { "type": "LineString", "coordinates": [ [ 32.702369845835193, -27.494949328012662 ], [ 32.702370948073458, -27.494539467915217 ], [ 32.702021891167249, -27.494472287470813 ], [ 32.702336045976203, -27.494784385747092 ], [ 32.702369845835193, -27.494949328012662 ] ] } },
{ "type": "Feature", "properties": { "depth_m": -40 }, "geometry": { "type": "LineString", "coordinates": [ [ 32.701660162005183, -27.495425415217515 ], [ 32.701650992603206, -27.495414638834411 ], [ 32.701660284031952, -27.495380149660054 ], [ 32.701674750917817, -27.49541468976598 ], [ 32.701660162005183, -27.495425415217515 ] ] } },
{ "type": "Feature", "properties": { "depth_m": 0 }, "geometry": { "type": "LineString", "coordinates": [ [ 32.679164549462968, -27.495840756154212 ], [ 32.678987695190827, -27.496657333851889 ] ] } },
{ "type": "Feature", "properties": { "depth_m": 0 }, "geometry": { "type": "LineString", "coordinates": [ [ 32.678558995939454, -27.497638123575992 ], [ 32.678273314387475, -27.49871085283333 ] ] } },
{ "type": "Feature", "properties": { "depth_m": 0 }, "geometry": { "type": "LineString", "coordinates": [ [ 32.677866389391411, -27.499512708378809 ], [ 32.677553192359106, -27.502725095444433 ], [ 32.676838786291029, -27.504764338074594 ] ] } },
{ "type": "Feature", "properties": { "depth_m": 0 }, "geometry": { "type": "LineString", "coordinates": [ [ 32.676610969124383, -27.505667006485414 ], [ 32.676122475283229, -27.507445045382791 ] ] } },
{ "type": "Feature", "properties": { "depth_m": 0 }, "geometry": { "type": "LineString", "coordinates": [ [ 32.675454119921412, -27.509843467465622 ], [ 32.675406256194002, -27.510082370936857 ] ] } },
{ "type": "Feature", "properties": { "depth_m": 0 }, "geometry": { "type": "LineString", "coordinates": [ [ 32.674726465800049, -27.513009147347958 ], [ 32.674687883888588, -27.513439815539311 ] ] } },
{ "type": "Feature", "properties": { "depth_m": -55 }, "geometry": { "type": "LineString", "coordinates": [ [ 32.705152486048512, -27.514071581865924 ], [ 32.704455161805555, -27.513740477618857 ], [ 32.704445441360612, -27.513109702698745 ], [ 32.705156335393156, -27.512627860311671 ], [ 32.705814728662681, -27.513111641049068 ], [ 32.705738072645822, -27.513743197400348 ], [ 32.705152486048512, -27.514071581865924 ] ] } },
{ "type": "Feature", "properties": { "depth_m": -65 }, "geometry": { "type": "LineString", "coordinates": [ [ 32.715068512759856, -27.515350979591481 ], [ 32.715069930229625, -27.514800889313307 ], [ 32.714757105380663, -27.514746384318642 ], [ 32.714576043103555, -27.515025049821343 ], [ 32.715068512759856, -27.515350979591481 ] ] } },
{ "type": "Feature", "properties": { "depth_m": -15 }, "geometry": { "type": "LineString", "coordinates": [ [ 32.690968778583866, -27.518813840551044 ], [ 32.691142676477327, -27.517980624857898 ], [ 32.690973291744676, -27.517199161593663 ], [ 32.690756736867208, -27.517941480206499 ], [ 32.690968778583866, -27.518813840551044 ] ] } },
{ "type": "Feature", "properties": { "depth_m": -10 }, "geometry": { "type": "LineString", "coordinates": [ [ 32.686715094891717, -27.519649531429216 ], [ 32.686768361489847, -27.519387233547253 ], [ 32.686715983393242, -27.519335989072136 ], [ 32.686556009495682, -27.519386755151828 ], [ 32.686715094891717, -27.519649531429216 ] ] } },
{ "type": "Feature", "properties": { "depth_m": -15 }, "geometry": { "type": "LineString", "coordinates": [ [ 32.686700430862565, -27.524823570497905 ], [ 32.686612369469152, -27.524440617819941 ], [ 32.686702239039846, -27.524185650188606 ], [ 32.686934798519992, -27.524441344032581 ], [ 32.686700430862565, -27.524823570497905 ] ] } },
{ "type": "Feature", "properties": { "depth_m": -15 }, "geometry": { "type": "LineString", "coordinates": [ [ 32.682420900755019, -27.534561238864146 ], [ 32.681037462143728, -27.533903685526024 ], [ 32.680666113368432, -27.533271117317 ], [ 32.681008770958123, -27.532768428299139 ], [ 32.681717133985806, -27.532864901613458 ], [ 32.682424220648166, -27.533406237174827 ], [ 32.68263724873902, -27.533907346380566 ], [ 32.682420900755019, -27.534561238864146 ] ] } },
{ "type": "Feature", "properties": { "depth_m": 0 }, "geometry": { "type": "LineString", "coordinates": [ [ 32.674889586061234, -27.536657056097866 ], [ 32.674166529879848, -27.533887753196918 ], [ 32.673617190623773, -27.527569306618446 ], [ 32.674234276023228, -27.51659598970932 ] ] } },
{ "type": "Feature", "properties": { "depth_m": 0 }, "geometry": { "type": "LineString", "coordinates": [ [ 32.675326565217347, -27.537216456901412 ], [ 32.675525453636787, -27.537860203840861 ] ] } },
{ "type": "Feature", "properties": { "depth_m": -50 }, "geometry": { "type": "LineString", "coordinates": [ [ 32.697289738909532, -27.53926549633038 ], [ 32.696977322160052, -27.538993067275506 ], [ 32.696903782416356, -27.538361191056275 ], [ 32.697293587585783, -27.537861032005523 ], [ 32.697790296395773, -27.537920179637002 ], [ 32.698089828275236, -27.538443276299077 ], [ 32.697762928364362, -27.538994777452938 ], [ 32.697289738909532, -27.53926549633038 ] ] } },
{ "type": "Feature", "properties": { "depth_m": 0 }, "geometry": { "type": "LineString", "coordinates": [ [ 32.680279857081288, -27.539773382413085 ], [ 32.680280488293285, -27.539555306089294 ], [ 32.679985605539983, -27.539586707037824 ], [ 32.679989738481716, -27.539845124292121 ], [ 32.680279857081288, -27.539773382413085 ] ] } },
{ "type": "Feature", "properties": { "depth_m": 0 }, "geometry": { "type": "LineString", "coordinates": [ [ 32.676031393107266, -27.538526643647494 ], [ 32.67647715262688, -27.539179523506377 ], [ 32.67815280372249, -27.540114174566916 ], [ 32.679888126098838, -27.53993526782768 ], [ 32.679554949514618, -27.545364224604747 ], [ 32.676702178021202, -27.551471413161131 ] ] } },
{ "type": "Feature", "properties": { "depth_m": -40 }, "geometry": { "type": "LineString", "coordinates": [ [ 32.693708904984938, -27.552755164753542 ], [ 32.693542108661859, -27.552251553626672 ], [ 32.693711969872325, -27.55165044221155 ], [ 32.694131994890398, -27.552252853153274 ], [ 32.693708904984938, -27.552755164753542 ] ] } },
{ "type": "Feature", "properties": { "depth_m": 0 }, "geometry": { "type": "LineString", "coordinates": [ [ 32.676332492849021, -27.551909173779737 ], [ 32.675988588124419, -27.553116510409431 ] ] } },
{ "type": "Feature", "properties": { "depth_m": -50 }, "geometry": { "type": "LineString", "coordinates": [ [ 32.692286200611449, -27.554607451730991 ], [ 32.691953708170075, -27.554143185172794 ], [ 32.692288898881003, -27.553639451296313 ], [ 32.692688839200514, -27.554144812768246 ], [ 32.692286200611449, -27.554607451730991 ] ] } },
{ "type": "Feature", "properties": { "depth_m": -55 }, "geometry": { "type": "LineString", "coordinates": [ [ 32.692287436378983, -27.554164127861114 ], [ 32.692272913912454, -27.554143892378672 ], [ 32.692287554171912, -27.554121869868858 ], [ 32.692305012961661, -27.554143963454067 ], [ 32.692287436378983, -27.554164127861114 ] ] } },
{ "type": "Feature", "properties": { "depth_m": -45 }, "geometry": { "type": "LineString", "coordinates": [ [ 32.692284972556621, -27.555047998637122 ], [ 32.69169431755563, -27.554669989913045 ], [ 32.691634501426527, -27.554142477231526 ], [ 32.692289812605722, -27.553311642849923 ], [ 32.692722729029327, -27.553513173318411 ], [ 32.693100362410526, -27.554145722191421 ], [ 32.692884632823763, -27.554678794300852 ], [ 32.692284972556621, -27.555047998637122 ] ] } },
{ "type": "Feature", "properties": { "depth_m": -40 }, "geometry": { "type": "LineString", "coordinates": [ [ 32.692283560464887, -27.555554553697643 ], [ 32.691293921261604, -27.554773435362552 ], [ 32.691313175691626, -27.554141763850261 ], [ 32.692290571987101, -27.553039202487035 ], [ 32.6932918153176, -27.553253246985623 ], [ 32.693623335904931, -27.554146876149659 ], [ 32.693331463193473, -27.555078997821649 ], [ 32.692283560464887, -27.555554553697643 ] ] } },
{ "type": "Feature", "properties": { "depth_m": -80 }, "geometry": { "type": "LineString", "coordinates": [ [ 32.707127483498901, -27.563668748934081 ], [ 32.707502673464099, -27.561125641120398 ], [ 32.708051761863523, -27.559231652972663 ], [ 32.713791947867065, -27.545540805228804 ], [ 32.715525259934012, -27.540927408328127 ], [ 32.716218296942259, -27.538401959050034 ], [ 32.71650672259819, -27.536440308966117 ], [ 32.716439557587996, -27.532085242918189 ], [ 32.716179645981825, -27.531058094906303 ], [ 32.715395417982606, -27.529556240729001 ], [ 32.714341094303542, -27.523865845597211 ], [ 32.715001680318551, -27.521930367326348 ], [ 32.716510331212184, -27.520082752140713 ], [ 32.717187724086749, -27.51784628210385 ], [ 32.717682910701924, -27.512504514835442 ], [ 32.716853179172212, -27.508080795469201 ], [ 32.717807017343837, -27.505663160055988 ], [ 32.718920548097515, -27.501380254430181 ], [ 32.719135733672914, -27.495451024627361 ], [ 32.718726405112967, -27.4941321208325 ], [ 32.717248050892202, -27.494247727296923 ], [ 32.71653892626238, -27.494532032057297 ], [ 32.715384202346172, -27.493947616333436 ], [ 32.715304308011206, -27.492284636537885 ], [ 32.714310858440463, -27.491019159365131 ], [ 32.714563539732652, -27.489879118426835 ], [ 32.715105585558788, -27.489125625669935 ], [ 32.714925151948989, -27.488052364267837 ], [ 32.714044741769015, -27.487228288043042 ], [ 32.713304926778548, -27.486969589296752 ], [ 32.713017739822142, -27.486508200725623 ], [ 32.710894780222787, -27.48571141874362 ], [ 32.710169621215336, -27.485942372023125 ], [ 32.708954855698622, -27.48738673451566 ], [ 32.706636173583377, -27.488941157322554 ], [ 32.706111088425473, -27.488943481130509 ], [ 32.705786289603232, -27.48847451887843 ], [ 32.706902197323323, -27.486581710546258 ], [ 32.706684435733543, -27.485913634135269 ], [ 32.70682304528345, -27.484843347067912 ], [ 32.708067410827482, -27.483437043317522 ], [ 32.708299936308478, -27.482367453171758 ], [ 32.708906894430903, -27.48164492750568 ], [ 32.710198189598465, -27.481221795944663 ], [ 32.712012896014123, -27.479995624624248 ], [ 32.713067041602173, -27.479645619700893 ], [ 32.713821926529064, -27.477817439407563 ], [ 32.714457327393816, -27.477630430744085 ], [ 32.716858335922531, -27.478005367785904 ], [ 32.718483545656724, -27.477761511618169 ], [ 32.72225288843449, -27.475887834463929 ], [ 32.724382344657585, -27.474031330000646 ], [ 32.725732584150123, -27.472090477903318 ], [ 32.726633717240119, -27.470197080986118 ], [ 32.727177691256855, -27.467718758208417 ], [ 32.726737432960576, -27.465775222604282 ], [ 32.726009144255229, -27.464344162045876 ], [ 32.725828156960375, -27.4622004026902 ], [ 32.725653041651796, -27.462458855486894 ], [ 32.725119476306801, -27.462397499541083 ], [ 32.724712870241824, -27.461980893967169 ], [ 32.724815497210727, -27.461075268468353 ], [ 32.725560094224051, -27.460719118264919 ], [ 32.725664531103973, -27.458192428890417 ], [ 32.725960452435679, -27.457036174038254 ], [ 32.727262222775494, -27.455014466107592 ], [ 32.729712355244963, -27.449635045549261 ], [ 32.733654185028726, -27.447251342314289 ], [ 32.735073591000145, -27.44590646503034 ], [ 32.735707915472716, -27.444945622563463 ], [ 32.737694969751594, -27.439895571022451 ], [ 32.740090536343928, -27.436741427798687 ], [ 32.740714077644938, -27.434847410390791 ], [ 32.741327027942866, -27.431689915163197 ], [ 32.742154329509724, -27.430395682746553 ] ] } },
{ "type": "Feature", "properties": { "depth_m": -85 }, "geometry": { "type": "LineString", "coordinates": [ [ 32.708136650547473, -27.563653830775852 ], [ 32.708981359722493, -27.559233603025469 ], [ 32.709557817115069, -27.557579103790669 ], [ 32.71026843108244, -27.556315847059697 ], [ 32.711422370926428, -27.554976702676125 ], [ 32.712848993658767, -27.551496897103718 ], [ 32.713104170134677, -27.549990391263876 ], [ 32.713562227146269, -27.549773875718312 ], [ 32.718086640469693, -27.536510610197134 ], [ 32.718357663583532, -27.534616009754124 ], [ 32.71823704059635, -27.533014032702923 ], [ 32.717307599159085, -27.528928423929418 ], [ 32.71642483344025, -27.527689141179597 ], [ 32.715750507905881, -27.525671581511471 ], [ 32.715215640415011, -27.524980547967605 ], [ 32.714912256313092, -27.523358990411257 ], [ 32.715236536139876, -27.522140713583912 ], [ 32.716963769258449, -27.520715393844238 ], [ 32.71780137654752, -27.518190223487462 ], [ 32.71790088990447, -27.515663551122895 ], [ 32.718554295607511, -27.511874562446618 ], [ 32.717487099911544, -27.508082084187162 ], [ 32.718702202597562, -27.504983591718918 ], [ 32.719537071165632, -27.501769035805939 ], [ 32.720049067051306, -27.494218534098163 ], [ 32.719375302096374, -27.493434621074911 ], [ 32.717817431670746, -27.494060531258853 ], [ 32.716539853160938, -27.494170136371036 ], [ 32.715527448681215, -27.493820438954163 ], [ 32.715458455495991, -27.492284951770014 ], [ 32.714483692803455, -27.491019514023108 ], [ 32.714698198217889, -27.489999769808648 ], [ 32.715553185421555, -27.489126541109904 ], [ 32.715747602813963, -27.488495218153123 ], [ 32.71550791212205, -27.487863007367277 ], [ 32.715140559990957, -27.487371113814248 ], [ 32.713724635087665, -27.487069545178709 ], [ 32.712310637725395, -27.486029210196769 ], [ 32.71089526531081, -27.485525650791672 ], [ 32.71006425612908, -27.485956611687186 ], [ 32.708472651781165, -27.487587880852427 ], [ 32.706636657400878, -27.488758590801613 ], [ 32.706379843622905, -27.488704917410193 ], [ 32.706109056788925, -27.488475200753172 ], [ 32.706281163974943, -27.487843843247067 ], [ 32.707151819017824, -27.486582235934605 ], [ 32.706798304640166, -27.485949770766826 ], [ 32.706780046832193, -27.485318011271204 ], [ 32.709061560589582, -27.481783516829267 ], [ 32.713519606504029, -27.479646551700334 ], [ 32.713708604263068, -27.478383496761843 ], [ 32.71399519461184, -27.477972680149396 ], [ 32.714550971101708, -27.477837520902384 ], [ 32.717278313334639, -27.478381653427 ], [ 32.717915403505899, -27.478319287159856 ], [ 32.721541445520877, -27.477146233391629 ], [ 32.723670070455633, -27.475637872499195 ], [ 32.726208370447061, -27.472723137074627 ], [ 32.72722353181161, -27.470734800859237 ], [ 32.727834052234961, -27.467672539339052 ], [ 32.727540502493106, -27.465776796023128 ], [ 32.727279341884945, -27.465144561341319 ], [ 32.72672662947398, -27.464967656143639 ], [ 32.726157085852257, -27.463582444526779 ], [ 32.72584220474829, -27.460719673835687 ], [ 32.726115149465038, -27.45717478371818 ], [ 32.727278053246657, -27.455668700216634 ], [ 32.728217297951055, -27.453360292330075 ], [ 32.729162611624282, -27.451882029263782 ], [ 32.72956315229203, -27.450134459766701 ], [ 32.730284855025396, -27.449514891498673 ], [ 32.734321154025245, -27.447469887161777 ], [ 32.73626893105083, -27.445380264457114 ], [ 32.737092872393312, -27.443684791180416 ], [ 32.73812478254419, -27.4400793348801 ], [ 32.73933918679203, -27.438644033062253 ], [ 32.74092626795273, -27.436111257334876 ], [ 32.741846205802318, -27.431690877703058 ], [ 32.742703252710911, -27.430429008253427 ] ] } },
{ "type": "Feature", "properties": { "depth_m": -90 }, "geometry": { "type": "LineString", "coordinates": [ [ 32.708831252121847, -27.563893723231942 ], [ 32.710019858357917, -27.557992858098757 ], [ 32.712393372261545, -27.554818704901177 ], [ 32.715338410161053, -27.548507616422174 ], [ 32.717093435204177, -27.541562324906291 ], [ 32.719073405508169, -27.535707462311219 ], [ 32.719452615800613, -27.532565605832776 ], [ 32.718607750353065, -27.528931061025343 ], [ 32.717956087437926, -27.527666305719979 ], [ 32.717300758675393, -27.527033258314795 ], [ 32.716692917991608, -27.526820960043242 ], [ 32.715411966916264, -27.524502534993097 ], [ 32.715222073426887, -27.523238710579779 ], [ 32.715440078802224, -27.522323003603791 ], [ 32.716098203931743, -27.521646092873176 ], [ 32.717799792067389, -27.520717092672182 ], [ 32.718408802390385, -27.51819145456367 ], [ 32.718483205986971, -27.515147564964536 ], [ 32.718969013821599, -27.511875400873858 ], [ 32.718129543752156, -27.507636433335673 ], [ 32.71917950589684, -27.50541115216793 ], [ 32.720345865626228, -27.500507223539294 ], [ 32.720786742800307, -27.497981227886438 ], [ 32.720884576042778, -27.495454543123181 ], [ 32.72052176829628, -27.493558652983261 ], [ 32.719376468572996, -27.49297455910169 ], [ 32.717248610500597, -27.494028685530946 ], [ 32.716033418355131, -27.494001573326418 ], [ 32.715621097280945, -27.493737308295682 ], [ 32.715455988181773, -27.492916667410647 ], [ 32.71561259285977, -27.492285266810672 ], [ 32.714594225243978, -27.491019740724369 ], [ 32.71480811917953, -27.49009823848079 ], [ 32.715361208506025, -27.489757869619321 ], [ 32.715844190397839, -27.489210342053287 ], [ 32.715988254723733, -27.488622832180166 ], [ 32.71627593986971, -27.48849629611145 ], [ 32.715411761784786, -27.487231089673564 ], [ 32.713724853834655, -27.486984951476853 ], [ 32.712385651491978, -27.485961427533727 ], [ 32.710895750290412, -27.485339922557326 ], [ 32.708389621071625, -27.487513484055878 ], [ 32.706546441578261, -27.488557055058518 ], [ 32.706537867528354, -27.487844384696327 ], [ 32.707369306277307, -27.486599273061568 ], [ 32.70690897163901, -27.485950003826193 ], [ 32.706874370970354, -27.485318209928142 ], [ 32.709177916418021, -27.481887787617346 ], [ 32.713743413714482, -27.479806137126527 ], [ 32.71383467890454, -27.478462065881292 ], [ 32.714138194874842, -27.478100829860114 ], [ 32.71516465492801, -27.478004689157288 ], [ 32.716580140500241, -27.478433905762341 ], [ 32.717996590133652, -27.478489258589807 ], [ 32.719413392501188, -27.478405984007843 ], [ 32.720122697647689, -27.478006339288264 ], [ 32.721675712736968, -27.477767929578089 ], [ 32.724120564870077, -27.475877628390638 ], [ 32.726600071989679, -27.47335562951778 ], [ 32.727651623069399, -27.471462521581426 ], [ 32.728330335874034, -27.467673508369383 ], [ 32.727944591257412, -27.465516667796869 ], [ 32.727732464465774, -27.465145447916914 ], [ 32.726906831465982, -27.464807611167139 ], [ 32.726324907726422, -27.463433403548251 ], [ 32.725930024870557, -27.460719846666546 ], [ 32.72612229805501, -27.457561605539695 ], [ 32.727970545379669, -27.454942476437445 ], [ 32.728366569244031, -27.453494030141325 ], [ 32.729462334427055, -27.45188261162215 ], [ 32.729696281898214, -27.450253745414113 ], [ 32.730435298988262, -27.449649709166682 ], [ 32.734360725066054, -27.447901150722203 ], [ 32.73648938970296, -27.446065308298071 ], [ 32.7372465507488, -27.444990020513671 ], [ 32.738331321908547, -27.440528493478681 ], [ 32.741529214842693, -27.436112376853536 ], [ 32.742314969542534, -27.431805721633875 ], [ 32.743121828498019, -27.430629508257923 ] ] } },
{ "type": "Feature", "properties": { "depth_m": -95 }, "geometry": { "type": "LineString", "coordinates": [ [ 32.709627844439517, -27.564288669349079 ], [ 32.710333957796429, -27.558604714804339 ], [ 32.713550690421982, -27.554220379984187 ], [ 32.716399372294717, -27.548941930095435 ], [ 32.717893472863913, -27.544664001568535 ], [ 32.718408214152142, -27.540933278077922 ], [ 32.719262348979221, -27.537931883988104 ], [ 32.721421581372041, -27.532744998353369 ], [ 32.721129848648339, -27.531077211174253 ], [ 32.720693444785937, -27.530198701043499 ], [ 32.718711231521013, -27.527667835289538 ], [ 32.717872988282693, -27.526969412681542 ], [ 32.716914341220843, -27.526624462055008 ], [ 32.715980199733082, -27.525135414438378 ], [ 32.715460608762584, -27.523239198821539 ], [ 32.715597021164847, -27.522463557045921 ], [ 32.716238479307115, -27.52177172825364 ], [ 32.717887885842792, -27.521132608026374 ], [ 32.718703067810196, -27.519455486822469 ], [ 32.719025422959362, -27.517560983054835 ], [ 32.718900725649611, -27.51503385651813 ], [ 32.719336449481098, -27.511883236780143 ], [ 32.718609702119856, -27.508084359274793 ], [ 32.719944544578169, -27.504928454874115 ], [ 32.720285317916911, -27.502602719813137 ], [ 32.721487032125069, -27.498776677558716 ], [ 32.721689787655215, -27.495283187591909 ], [ 32.72127992227383, -27.493560173390737 ], [ 32.720281542503386, -27.492926449592865 ], [ 32.719377052289673, -27.492744335359088 ], [ 32.717248816080911, -27.49394821671158 ], [ 32.716540269303046, -27.494007656788064 ], [ 32.715714745739945, -27.493654177572115 ], [ 32.715558966352816, -27.492916877911256 ], [ 32.715766740349551, -27.492285581701363 ], [ 32.714704767809195, -27.491019967358586 ], [ 32.714880425862624, -27.490163047138086 ], [ 32.71557814061935, -27.489758313081314 ], [ 32.716154510939766, -27.488771809392333 ], [ 32.716613926467431, -27.48849698464884 ], [ 32.715742415463581, -27.487231765313272 ], [ 32.713725072583088, -27.486900356871264 ], [ 32.712520421067701, -27.485961705930706 ], [ 32.710895910775328, -27.48527846273193 ], [ 32.708314312322102, -27.487446005220281 ], [ 32.707162547077282, -27.488010185007511 ], [ 32.706923528228373, -27.487845197257286 ], [ 32.70746063810298, -27.486681089889853 ], [ 32.707019638639125, -27.485950236797549 ], [ 32.706968683974424, -27.485318408497701 ], [ 32.709260458816736, -27.481961719831343 ], [ 32.710538535209942, -27.481535549439737 ], [ 32.712325153407996, -27.480442261615597 ], [ 32.713742598443083, -27.480121533657243 ], [ 32.713939422193725, -27.478555897886217 ], [ 32.714232490804569, -27.478185308945971 ], [ 32.715164397895293, -27.478104629449842 ], [ 32.716579945821245, -27.478509978185116 ], [ 32.717996284010631, -27.478609479103607 ], [ 32.720830188499271, -27.478324430147666 ], [ 32.722247726149519, -27.477946358537583 ], [ 32.726230218527647, -27.474618347331695 ], [ 32.727579174379947, -27.473048125388726 ], [ 32.728226577156327, -27.471463644916216 ], [ 32.728670457286135, -27.468960906501827 ], [ 32.72874215617275, -27.467042587754143 ], [ 32.728057628741134, -27.465146083221899 ], [ 32.727013421947312, -27.464712969020972 ], [ 32.726599192899705, -27.463879780651208 ], [ 32.726428669288097, -27.461984274664488 ], [ 32.726017833861043, -27.460720019420027 ], [ 32.726261107665039, -27.457561878392738 ], [ 32.728041253932489, -27.455101894617709 ], [ 32.728482148451434, -27.453597628215448 ], [ 32.729632266338982, -27.451882941511698 ], [ 32.729797067108834, -27.450344048953756 ], [ 32.730542175165361, -27.44974546149928 ], [ 32.733650706939066, -27.448699437836805 ], [ 32.73570760892958, -27.447472523999309 ], [ 32.737671648901411, -27.445370921452451 ], [ 32.738157138647864, -27.444318520910556 ], [ 32.738743454600723, -27.44063364184958 ], [ 32.741993724868742, -27.4361132375513 ], [ 32.742693882645348, -27.432145226598294 ], [ 32.743410191388541, -27.43088787420303 ] ] } },
{ "type": "Feature", "properties": { "depth_m": -65 }, "geometry": { "type": "LineString", "coordinates": [ [ 32.697923864049606, -27.566517355631849 ], [ 32.697789090930826, -27.566158561679277 ], [ 32.698327587337168, -27.566159732030986 ], [ 32.698271847159731, -27.566469607314268 ], [ 32.697923864049606, -27.566517355631849 ] ] } },
{ "type": "Feature", "properties": { "depth_m": -75 }, "geometry": { "type": "LineString", "coordinates": [ [ 32.705721671535109, -27.566384106012382 ], [ 32.705820457885622, -27.563097429445079 ], [ 32.706440781212812, -27.562531031863177 ], [ 32.706413051555963, -27.561123343050561 ], [ 32.70929720517082, -27.554524474829098 ], [ 32.711262451938936, -27.548974382596128 ], [ 32.712864842413055, -27.545402402345537 ], [ 32.714790330939721, -27.539662469752614 ], [ 32.715294854443471, -27.533734066506771 ], [ 32.715082762448219, -27.532661671386322 ], [ 32.714428250792494, -27.531351706512147 ], [ 32.714044347400396, -27.528290034154093 ], [ 32.713645307422837, -27.527025778992861 ], [ 32.713702183526443, -27.524432823450248 ], [ 32.714025452894127, -27.522955521315378 ], [ 32.715764996477333, -27.520037121727523 ], [ 32.71655358006209, -27.517555967813905 ], [ 32.716847272007442, -27.513766254162906 ], [ 32.716295483624165, -27.508079659323471 ], [ 32.717552822350683, -27.503660181692457 ], [ 32.717580500255806, -27.502396798260349 ], [ 32.718051641604063, -27.500502593844132 ], [ 32.718088164760943, -27.497219874687232 ], [ 32.717669960619048, -27.4957002222027 ], [ 32.715829344979454, -27.494992769768366 ], [ 32.715185582484281, -27.494123917479559 ], [ 32.715150171664725, -27.492284321157825 ], [ 32.714061616330248, -27.491018647539661 ], [ 32.714436152309212, -27.489746991122448 ], [ 32.714381289042613, -27.48853514211207 ], [ 32.713664952271827, -27.487227507302794 ], [ 32.713186560718114, -27.487074645095547 ], [ 32.71301752883528, -27.486589594053665 ], [ 32.710644990849303, -27.485957820080365 ], [ 32.710185361509133, -27.486122891511847 ], [ 32.709054255527569, -27.487475816572058 ], [ 32.708054666366252, -27.488270199130838 ], [ 32.706650244870445, -27.489121056077305 ], [ 32.705379813884292, -27.489105378899829 ], [ 32.705484652323968, -27.488473880965898 ], [ 32.706001859172254, -27.487273609479974 ], [ 32.706642358563776, -27.486607150889522 ], [ 32.706454380554675, -27.485317324891245 ], [ 32.708059888035741, -27.482793816420138 ], [ 32.707947496264076, -27.482161859314367 ], [ 32.708254890018125, -27.4816938796871 ], [ 32.710198656691198, -27.481043315172229 ], [ 32.711386047406002, -27.480067160993016 ], [ 32.71272732196136, -27.479369389073405 ], [ 32.713749344263384, -27.477511685367272 ], [ 32.714458202672077, -27.477290935994336 ], [ 32.716582192050254, -27.477632227466245 ], [ 32.719158322894586, -27.47649942997618 ], [ 32.720838363129069, -27.475081201944036 ], [ 32.722874131454958, -27.473979985553648 ], [ 32.723900844266055, -27.472285234889966 ], [ 32.724390109448123, -27.472087827215713 ], [ 32.724647918770472, -27.471055156008976 ], [ 32.725098570013664, -27.470824547751153 ], [ 32.725716015912866, -27.467756140757281 ], [ 32.72539356624106, -27.466151520503594 ], [ 32.725543265499397, -27.462614256505478 ], [ 32.724744782085175, -27.462315364547329 ], [ 32.72458888506484, -27.461348925085101 ], [ 32.724717305610746, -27.460987318337551 ], [ 32.725251919226771, -27.460718510711448 ], [ 32.725368757492113, -27.458191846056597 ], [ 32.725930046350342, -27.456375819212813 ], [ 32.727976497043819, -27.45251684177753 ], [ 32.729125170502819, -27.449742019468655 ], [ 32.730426467427989, -27.448375600637075 ], [ 32.73365646749545, -27.446300982941718 ], [ 32.73473124990727, -27.444943766639323 ], [ 32.737054501697337, -27.439894364018208 ], [ 32.739343708977643, -27.436719289428314 ], [ 32.74072015100981, -27.431688787580534 ], [ 32.741826523662141, -27.430102000405402 ] ] } },
{ "type": "Feature", "properties": { "depth_m": -80 }, "geometry": { "type": "LineString", "coordinates": [ [ 32.701802649662312, -27.579734950360635 ], [ 32.702142701309235, -27.579226655189235 ] ] } },
{ "type": "Feature", "properties": { "depth_m": 0 }, "geometry": { "type": "LineString", "coordinates": [ [ 32.67561094821982, -27.55380903380679 ], [ 32.674619244855329, -27.55789396067782 ], [ 32.671834029285755, -27.566608239692389 ], [ 32.670077479590589, -27.569715292806908 ], [ 32.666009046748485, -27.579351740777412 ], [ 32.665509809371017, -27.581245671457712 ], [ 32.662898907601402, -27.586087074346395 ], [ 32.662416569259925, -27.587548737117757 ] ] } },
{ "type": "Feature", "properties": { "depth_m": -80 }, "geometry": { "type": "LineString", "coordinates": [ [ 32.698683869992855, -27.587541950672943 ], [ 32.698423681768219, -27.587006451918814 ], [ 32.699081142343431, -27.585112743221558 ], [ 32.699590776783886, -27.582586999078696 ], [ 32.700721269625681, -27.580534525481209 ], [ 32.701432166530481, -27.579815277088596 ], [ 32.701779162172564, -27.579755797425147 ] ] } },
{ "type": "Feature", "properties": { "depth_m": 0 }, "geometry": { "type": "LineString", "coordinates": [ [ 32.661721327756716, -27.588801366384789 ], [ 32.661703572142301, -27.588853451128841 ] ] } },
{ "type": "Feature", "properties": { "depth_m": -75 }, "geometry": { "type": "LineString", "coordinates": [ [ 32.696215592256436, -27.592251118398369 ], [ 32.696607461446419, -27.590309648380334 ], [ 32.697194201517277, -27.588935230170865 ], [ 32.696990086719133, -27.587003330985741 ], [ 32.697470077756684, -27.585740954379567 ], [ 32.697567424924017, -27.583846031199236 ], [ 32.69791328606415, -27.582583360200665 ], [ 32.699304525223909, -27.580111197957439 ], [ 32.70193306194242, -27.576274923307633 ], [ 32.702260671792018, -27.574380487698374 ], [ 32.703969340519158, -27.572204760964912 ], [ 32.705209128871267, -27.570148700531508 ], [ 32.705717844021123, -27.567819102894294 ] ] } },
{ "type": "Feature", "properties": { "depth_m": 0 }, "geometry": { "type": "LineString", "coordinates": [ [ 32.660371294923927, -27.593147552469539 ], [ 32.660269860728903, -27.59394981962274 ] ] } },
{ "type": "Feature", "properties": { "depth_m": -80 }, "geometry": { "type": "LineString", "coordinates": [ [ 32.693246014409269, -27.596774213809383 ], [ 32.693493627334014, -27.595839610298317 ], [ 32.694432633099971, -27.595092140277494 ] ] } },
{ "type": "Feature", "properties": { "depth_m": -80 }, "geometry": { "type": "LineString", "coordinates": [ [ 32.692787545044233, -27.597810833268387 ], [ 32.692875339496013, -27.597579688754593 ] ] } },
{ "type": "Feature", "properties": { "depth_m": -90 }, "geometry": { "type": "LineString", "coordinates": [ [ 32.670871283719919, -27.60536247357863 ], [ 32.67023187949561, -27.604630233510701 ], [ 32.670874487960539, -27.604290071874203 ], [ 32.671265799178386, -27.604632686127076 ], [ 32.670871283719919, -27.60536247357863 ] ] } },
{ "type": "Feature", "properties": { "depth_m": -95 }, "geometry": { "type": "LineString", "coordinates": [ [ 32.670871473348342, -27.6052990100033 ], [ 32.670366929222872, -27.604630554306713 ], [ 32.670874272997921, -27.60436201785302 ], [ 32.671183215634542, -27.604632490509221 ], [ 32.670871473348342, -27.6052990100033 ] ] } },
{ "type": "Feature", "properties": { "depth_m": -75 }, "geometry": { "type": "LineString", "coordinates": [ [ 32.670870714601548, -27.605552941036294 ], [ 32.670270742229349, -27.605262034798226 ], [ 32.66983329392108, -27.604629285947638 ], [ 32.670297792790784, -27.60411620135115 ], [ 32.671329922202332, -27.604227301545244 ], [ 32.671513549814883, -27.60463327268581 ], [ 32.670870714601548, -27.605552941036294 ] ] } },
{ "type": "Feature", "properties": { "depth_m": -80 }, "geometry": { "type": "LineString", "coordinates": [ [ 32.670870904231876, -27.605489477462694 ], [ 32.670402524596305, -27.605262347802412 ], [ 32.669965719014826, -27.60462960089064 ], [ 32.670408428248031, -27.604215246423994 ], [ 32.670874917651417, -27.604146257552053 ], [ 32.671430966268559, -27.604633077215329 ], [ 32.670870904231876, -27.605489477462694 ] ] } },
{ "type": "Feature", "properties": { "depth_m": -85 }, "geometry": { "type": "LineString", "coordinates": [ [ 32.670871094090835, -27.605425937153377 ], [ 32.670098145124157, -27.604629915709705 ], [ 32.670874702690405, -27.604218203532422 ], [ 32.671348382723004, -27.604632881695796 ], [ 32.670871094090835, -27.605425937153377 ] ] } },
{ "type": "Feature", "properties": { "depth_m": -95 }, "geometry": { "type": "LineString", "coordinates": [ [ 32.672289775410469, -27.605269824637102 ], [ 32.67228528372619, -27.605262796778138 ], [ 32.672290048187499, -27.605178137861223 ], [ 32.672293006260688, -27.605263971463824 ], [ 32.672289775410469, -27.605269824637102 ] ] } },
{ "type": "Feature", "properties": { "depth_m": -75 }, "geometry": { "type": "LineString", "coordinates": [ [ 32.672288932756558, -27.605553057702551 ], [ 32.671712128721722, -27.604633742509357 ], [ 32.672293076403491, -27.604160254055685 ], [ 32.672609029847145, -27.60463586097411 ], [ 32.672579998912106, -27.605267501537597 ], [ 32.672288932756558, -27.605553057702551 ] ] } },
{ "type": "Feature", "properties": { "depth_m": -80 }, "geometry": { "type": "LineString", "coordinates": [ [ 32.672289143362782, -27.605482269072443 ], [ 32.671867151990156, -27.604634109085893 ], [ 32.67229269857139, -27.604287258882692 ], [ 32.672524130739838, -27.604635660692242 ], [ 32.672508213411753, -27.605267332177284 ], [ 32.672289143362782, -27.605482269072443 ] ] } },
{ "type": "Feature", "properties": { "depth_m": -85 }, "geometry": { "type": "LineString", "coordinates": [ [ 32.672289353970918, -27.60541147953883 ], [ 32.672022180328419, -27.604634475501285 ], [ 32.67229232051119, -27.604414339539744 ], [ 32.672443965274844, -27.605130228113854 ], [ 32.672289353970918, -27.60541147953883 ] ] } },
{ "type": "Feature", "properties": { "depth_m": -90 }, "geometry": { "type": "LineString", "coordinates": [ [ 32.672289564575571, -27.605340690907322 ], [ 32.672177203602708, -27.604634841731549 ], [ 32.672291942676843, -27.604541343459299 ], [ 32.672368485422346, -27.605197060989937 ], [ 32.672289564575571, -27.605340690907322 ] ] } },
{ "type": "Feature", "properties": { "depth_m": -60 }, "geometry": { "type": "LineString", "coordinates": [ [ 32.672288300699599, -27.605765502129241 ], [ 32.671876082342457, -27.605633436578479 ], [ 32.671581356953872, -27.605038739357578 ], [ 32.67128321798409, -27.605632111366454 ], [ 32.670870145477664, -27.605743408488738 ], [ 32.669919336403225, -27.605477193337361 ], [ 32.669431527833432, -27.604649459062763 ], [ 32.669587408329015, -27.604113355652515 ], [ 32.67016678327893, -27.603823709436629 ], [ 32.671584695164803, -27.603919067761986 ], [ 32.672891221233009, -27.60347374105169 ], [ 32.672760149118119, -27.60568803807265 ], [ 32.672288300699599, -27.605765502129241 ] ] } },
{ "type": "Feature", "properties": { "depth_m": -65 }, "geometry": { "type": "LineString", "coordinates": [ [ 32.672288511308167, -27.605694713501297 ], [ 32.671964723204582, -27.605554836746066 ], [ 32.671581915405127, -27.604851433360533 ], [ 32.671197168407637, -27.605555025607632 ], [ 32.670870335109825, -27.605679944916893 ], [ 32.670030949923657, -27.605378290949133 ], [ 32.669568441713189, -27.604628655677701 ], [ 32.669724691110623, -27.604236291582382 ], [ 32.670090129346086, -27.603930174539176 ], [ 32.671584090072898, -27.604122026854775 ], [ 32.672468009597246, -27.603848822969578 ], [ 32.672770038087535, -27.604211194359724 ], [ 32.672765314481154, -27.604845437228953 ], [ 32.67261079550228, -27.605554280405222 ], [ 32.672288511308167, -27.605694713501297 ] ] } },
{ "type": "Feature", "properties": { "depth_m": -70 }, "geometry": { "type": "LineString", "coordinates": [ [ 32.672288721918619, -27.605623923969869 ], [ 32.67158247362218, -27.604664204093606 ], [ 32.67114752770442, -27.605510568315651 ], [ 32.67087052497066, -27.605616404609307 ], [ 32.670120164792856, -27.605261676999614 ], [ 32.669700867816033, -27.604628970875861 ], [ 32.670187151679379, -27.604017080343628 ], [ 32.671441858384902, -27.604128090907022 ], [ 32.671582780547077, -27.604561258914433 ], [ 32.671796689156295, -27.604191854565471 ], [ 32.67229345423047, -27.604033250129131 ], [ 32.672693922875105, -27.604636061189698 ], [ 32.672557674333525, -27.60550673062939 ], [ 32.672288721918619, -27.605623923969869 ] ] } },
{ "type": "Feature", "properties": { "depth_m": -85 }, "geometry": { "type": "LineString", "coordinates": [ [ 32.674513328058865, -27.62 ], [ 32.673668682285843, -27.618534707961896 ], [ 32.671480663692499, -27.617324426397595 ], [ 32.669967004246693, -27.616000355350572 ], [ 32.669364008713565, -27.614103795823279 ], [ 32.669477369021301, -27.612799085952162 ], [ 32.669186373559548, -27.611576539647345 ], [ 32.669922886172387, -27.609683169008701 ], [ 32.670618703974746, -27.609053113622679 ], [ 32.671569913155523, -27.608876619884914 ], [ 32.672308311311653, -27.607816983842788 ], [ 32.675832604195264, -27.60618992702857 ], [ 32.677866350248372, -27.605995479742276 ], [ 32.679377079517081, -27.606565294642429 ], [ 32.682684433834531, -27.606135974044488 ], [ 32.684341666002261, -27.606295135629608 ], [ 32.685488053981892, -27.605929060811668 ], [ 32.687814369602215, -27.604670893718875 ], [ 32.690024163837627, -27.602890218173165 ], [ 32.692667072843349, -27.599447137468346 ] ] } },
{ "type": "Feature", "properties": { "depth_m": -90 }, "geometry": { "type": "LineString", "coordinates": [ [ 32.674654685444345, -27.62 ], [ 32.674392159354575, -27.619155006332207 ], [ 32.673669145159494, -27.618378555806164 ], [ 32.67088295053999, -27.616634238800305 ], [ 32.670130898234135, -27.615804878882305 ], [ 32.669672058981988, -27.614104529465365 ], [ 32.669661977959457, -27.612209380890349 ], [ 32.670506991788216, -27.609684557013249 ], [ 32.670859273445345, -27.609381567654669 ], [ 32.671568735075539, -27.609271666666224 ], [ 32.672674062283768, -27.608144497126702 ], [ 32.675832239490518, -27.606313847109355 ], [ 32.677728842653039, -27.606117307526333 ], [ 32.679376695224555, -27.606697311676935 ], [ 32.682214198799137, -27.606338014035391 ], [ 32.683702157055592, -27.606619559211641 ], [ 32.685162055993267, -27.606560031080022 ], [ 32.687721073308275, -27.605302393421063 ], [ 32.690637967274668, -27.603413797218138 ], [ 32.693311919915836, -27.599629470653287 ] ] } },
{ "type": "Feature", "properties": { "depth_m": -95 }, "geometry": { "type": "LineString", "coordinates": [ [ 32.674769070902357, -27.62 ], [ 32.674440864516967, -27.619111859825818 ], [ 32.673669607801941, -27.618222480381899 ], [ 32.670838721392897, -27.61625712934687 ], [ 32.670328016226698, -27.615369505538908 ], [ 32.669959050646113, -27.614105212339691 ], [ 32.669902944409614, -27.612209954282449 ], [ 32.670503649951044, -27.6112679066431 ], [ 32.670957449156518, -27.609774150694129 ], [ 32.671567835230661, -27.609573407151814 ], [ 32.674851225692848, -27.606927375243696 ], [ 32.67631215589418, -27.606335555823531 ], [ 32.677959638223022, -27.6062948174417 ], [ 32.678667485455733, -27.606729138213449 ], [ 32.679376311155444, -27.60682925107097 ], [ 32.682213711123744, -27.606507043665903 ], [ 32.685049051664649, -27.606899765452379 ], [ 32.68575880465837, -27.60667736186489 ], [ 32.686644951733498, -27.606087908831881 ], [ 32.690019054796736, -27.604705832359549 ], [ 32.69072964182898, -27.60417780519008 ], [ 32.693576910954775, -27.600271944868489 ], [ 32.693788778878776, -27.599630523369864 ] ] } },
{ "type": "Feature", "properties": { "depth_m": -80 }, "geometry": { "type": "LineString", "coordinates": [ [ 32.674320556942284, -27.62 ], [ 32.673165529678187, -27.618534757770224 ], [ 32.672252507855866, -27.617792244155797 ], [ 32.671334595692379, -27.617453861079856 ], [ 32.669869287073475, -27.616232000625271 ], [ 32.669424694605915, -27.614815151948729 ], [ 32.66893231979985, -27.614102766576931 ], [ 32.668951413293037, -27.612839395852767 ], [ 32.668604997388897, -27.612101139910667 ], [ 32.668729275151485, -27.610244868105415 ], [ 32.670151530575595, -27.608917133504143 ], [ 32.671470599042813, -27.608333510763302 ], [ 32.672283378443581, -27.607419871148441 ], [ 32.673702745342517, -27.607040041632786 ], [ 32.675832969123555, -27.606065930210391 ], [ 32.677395820056169, -27.605782403113881 ], [ 32.679377746856296, -27.606336039666022 ], [ 32.683508736035307, -27.605813056351995 ], [ 32.685763133678435, -27.605159942154064 ], [ 32.687660720716252, -27.604038838415612 ], [ 32.688605083384772, -27.603207137523135 ], [ 32.692163509641503, -27.598571559815419 ] ] } },
{ "type": "Feature", "properties": { "depth_m": -75 }, "geometry": { "type": "LineString", "coordinates": [ [ 32.674018848897362, -27.62 ], [ 32.672251530127468, -27.618120665507057 ], [ 32.670014194378894, -27.616733656019676 ], [ 32.66854650737433, -27.614253912021979 ], [ 32.668546520782328, -27.612838429359957 ], [ 32.668242498318406, -27.611574286417426 ], [ 32.66863353438135, -27.609680096431816 ], [ 32.670748165908897, -27.608319922793495 ], [ 32.672032693737826, -27.607161336093981 ], [ 32.673703383389345, -27.606824665932351 ], [ 32.675317756265159, -27.606078374944779 ], [ 32.677252563009588, -27.60559892719694 ], [ 32.677961705635333, -27.605587696331245 ], [ 32.678669596952304, -27.606005361046634 ], [ 32.67937846042674, -27.606090899592662 ], [ 32.681045285902385, -27.605918922255395 ], [ 32.683636792542991, -27.604818514523298 ], [ 32.685055629902564, -27.604599115463376 ], [ 32.686301660492887, -27.604035773504041 ], [ 32.68727172982716, -27.60340625376228 ], [ 32.688608543217313, -27.601983130822745 ], [ 32.690852630609506, -27.598360595048415 ], [ 32.691329536930134, -27.59698302885251 ], [ 32.692741288157102, -27.595080619068529 ], [ 32.69381465546207, -27.594141824622771 ], [ 32.695654549859448, -27.593378671635481 ] ] } },
{ "type": "Feature", "properties": { "depth_m": -70 }, "geometry": { "type": "LineString", "coordinates": [ [ 32.673717145896596, -27.62 ], [ 32.669819777202434, -27.616905926172652 ], [ 32.668714721401109, -27.615082505430372 ], [ 32.668034984949152, -27.614707114632608 ], [ 32.668267518405926, -27.612837762683917 ], [ 32.667928612360583, -27.610941828284268 ], [ 32.668302374428031, -27.609679305330999 ], [ 32.670499373410721, -27.608097093248208 ], [ 32.671501389643247, -27.607094302665576 ], [ 32.673704021196393, -27.606609368765966 ], [ 32.6772531059557, -27.605413626154672 ], [ 32.677962427069517, -27.605340936701477 ], [ 32.679379417977664, -27.605761937585072 ], [ 32.680088902868, -27.605633177239181 ], [ 32.682218928296734, -27.604698680534469 ], [ 32.683640414116645, -27.603557494309754 ], [ 32.685768694818243, -27.603210461872298 ], [ 32.687190147432752, -27.60206129602755 ], [ 32.688613734846953, -27.600146310131848 ], [ 32.691644930408863, -27.594098929030313 ], [ 32.692610172445875, -27.593063358058767 ], [ 32.694178447053403, -27.59193441485807 ], [ 32.69645060095489, -27.586699714449285 ], [ 32.696561205938906, -27.585643042259051 ], [ 32.69616647727333, -27.583842973098989 ], [ 32.696643202638697, -27.581948879665685 ], [ 32.70027909711402, -27.576271364043745 ], [ 32.701392443848817, -27.573746911052453 ], [ 32.701653661845988, -27.572484047388905 ], [ 32.704011938059416, -27.567435386097941 ], [ 32.703757496324478, -27.564907990105276 ], [ 32.704328985532399, -27.562395152478661 ], [ 32.70716679127127, -27.556057261150201 ], [ 32.708171052106003, -27.553171314414989 ], [ 32.709175371861065, -27.549758287925666 ], [ 32.70951090328645, -27.547232127909837 ], [ 32.70939492673245, -27.546600169905087 ], [ 32.710025877373234, -27.545967459075001 ], [ 32.712481797198137, -27.540568505341462 ], [ 32.713552404257086, -27.537133058598798 ], [ 32.713670727646786, -27.535805402146426 ], [ 32.713004882733543, -27.5338752574431 ], [ 32.713083966292849, -27.53018320776928 ], [ 32.712512220951773, -27.528640057083816 ], [ 32.712338518933507, -27.527023081891677 ], [ 32.7128470452556, -27.524432795519992 ], [ 32.713693359360157, -27.522024921001545 ], [ 32.714675504181621, -27.520079000165236 ], [ 32.715592046889029, -27.516760578578626 ], [ 32.715655386175804, -27.509463746760787 ], [ 32.716159927799566, -27.505552505151968 ], [ 32.71609115137322, -27.502393767355343 ], [ 32.716411900635755, -27.498077565183014 ], [ 32.715889829931726, -27.497339596108471 ], [ 32.715054290605536, -27.496761536443636 ], [ 32.714530415151444, -27.492283051344319 ], [ 32.713921255318091, -27.4914645818662 ], [ 32.713962759740156, -27.489536961823926 ], [ 32.713214831443629, -27.48722658063928 ], [ 32.712309446940104, -27.486487460456402 ], [ 32.710893517645388, -27.486194923482991 ], [ 32.710184645597529, -27.4863963758539 ], [ 32.709172935139847, -27.487582135183956 ], [ 32.707696526477832, -27.488792089628948 ], [ 32.706818775723335, -27.489272054253664 ], [ 32.7052174547729, -27.489690179067637 ], [ 32.705070799860586, -27.48897224280698 ], [ 32.706053766446665, -27.486579921474632 ], [ 32.706122262024131, -27.485316624127648 ], [ 32.707056094555846, -27.484055150213855 ], [ 32.707309617574765, -27.483423962270908 ], [ 32.707350061247332, -27.482160604673734 ], [ 32.707709852662077, -27.481529639148658 ], [ 32.71019926635541, -27.480810353972167 ], [ 32.710909575801637, -27.480044541535531 ], [ 32.712565179026328, -27.479012862664018 ], [ 32.713750456187945, -27.477081465985972 ], [ 32.717539102835531, -27.475449479280396 ], [ 32.720411092702328, -27.472957458562078 ], [ 32.720959715410956, -27.472182709201352 ], [ 32.72185098147601, -27.46955588694054 ], [ 32.724937655006158, -27.463084117055026 ], [ 32.725038219840684, -27.46261326036603 ], [ 32.724541426237622, -27.462495989837944 ], [ 32.724490463111493, -27.461348730435407 ], [ 32.724559790789129, -27.460846156612863 ], [ 32.724848046284862, -27.460717713461296 ], [ 32.72504846537646, -27.458191214199765 ], [ 32.725964003774514, -27.454506893038129 ], [ 32.729404631670434, -27.447651053525654 ], [ 32.730977390659909, -27.446336860869884 ], [ 32.732408267745704, -27.444307599300625 ], [ 32.733977822500158, -27.443047154191547 ], [ 32.734848257823764, -27.441153635659326 ], [ 32.737927246924393, -27.436889910620909 ], [ 32.738665372274951, -27.435451481215377 ], [ 32.739708481441632, -27.431686902015738 ], [ 32.741464012718417, -27.429144136925931 ], [ 32.742194807396316, -27.428549621447775 ] ] } },
{ "type": "Feature", "properties": { "depth_m": -5 }, "geometry": { "type": "LineString", "coordinates": [ [ 32.657719956254176, -27.62 ], [ 32.658787987886548, -27.614550201061704 ], [ 32.659418109105374, -27.612740910260431 ], [ 32.659472965711863, -27.610289629647831 ], [ 32.660441643716865, -27.605422867580664 ], [ 32.660962852485795, -27.600188716936152 ], [ 32.662964357658531, -27.590715172578797 ], [ 32.664545633581916, -27.586863195663042 ], [ 32.665256827283713, -27.586137041524793 ], [ 32.666674852054776, -27.58611832110779 ], [ 32.66698934218703, -27.585671202609294 ], [ 32.666871013183126, -27.585039208176656 ], [ 32.666399202098404, -27.584406364868329 ], [ 32.666471215247121, -27.583962058229549 ], [ 32.668830717819084, -27.576491891583832 ], [ 32.669543572317764, -27.575179503383907 ], [ 32.671606829787514, -27.573047974443181 ], [ 32.673892101447976, -27.568699001992794 ], [ 32.67524367168248, -27.56540063685874 ], [ 32.67785800758891, -27.556417688720689 ], [ 32.680759145508461, -27.548883221327195 ], [ 32.681645907768235, -27.545907668285494 ], [ 32.682393493740513, -27.54022394437715 ], [ 32.682102717997203, -27.538328133720945 ], [ 32.681634120990253, -27.537756805564271 ], [ 32.679188220259029, -27.536775386546005 ], [ 32.677966147568455, -27.535968881979418 ], [ 32.677074330872863, -27.534869562915976 ], [ 32.676564534585133, -27.533431440953777 ], [ 32.676470984803608, -27.531107015028471 ], [ 32.677234449736851, -27.528209465844352 ], [ 32.67681938190006, -27.523154771634012 ], [ 32.676394098391413, -27.521890349390432 ], [ 32.676541849913768, -27.517699708959864 ], [ 32.676914876061737, -27.514942673572776 ], [ 32.677738575732143, -27.511785997561283 ], [ 32.679207071390017, -27.507999084295356 ], [ 32.680596735547638, -27.499789942161843 ], [ 32.681718563971863, -27.496002199093041 ], [ 32.682560839014009, -27.490950366863025 ], [ 32.683115786339911, -27.489056471938365 ], [ 32.684422156705367, -27.486298595569412 ], [ 32.686819775171571, -27.482673970818038 ], [ 32.690006587503547, -27.475174133751583 ], [ 32.692462100529049, -27.470706285579396 ], [ 32.699636123296663, -27.456243564528481 ], [ 32.70339348097292, -27.450566101935806 ], [ 32.706548220655371, -27.44362381287451 ], [ 32.707932293549739, -27.44151246356266 ], [ 32.712863641943272, -27.435801671193609 ], [ 32.715881821063547, -27.430908896018053 ], [ 32.716460578486178, -27.428894982146229 ], [ 32.717554940554344, -27.426710105195134 ], [ 32.71757569103228, -27.425326548382323 ], [ 32.718984252873746, -27.421539032564429 ], [ 32.720300377733793, -27.419040565326515 ], [ 32.721245573348575, -27.418384935910627 ], [ 32.721703410447802, -27.417122395182918 ], [ 32.721844291093888, -27.416490948552077 ], [ 32.72030883381133, -27.415224421495903 ], [ 32.719923609106765, -27.413960192502469 ], [ 32.721534891029556, -27.411436507961021 ], [ 32.722391015873512, -27.408251734163166 ], [ 32.726692116094981, -27.398969640949318 ], [ 32.729443114407971, -27.393680643138076 ], [ 32.733534424969697, -27.386822497362424 ], [ 32.734063925648648, -27.38136268191565 ], [ 32.735053819476256, -27.37734942222767 ], [ 32.739321472042775, -27.36535454490291 ], [ 32.741060124037787, -27.361679315295255 ], [ 32.741249655298958, -27.359672532748053 ], [ 32.741816022521917, -27.357778381265145 ], [ 32.744138345147306, -27.353360518242003 ], [ 32.746395578071656, -27.348104938447328 ], [ 32.752971165489761, -27.338175375925598 ], [ 32.754255865926943, -27.335529316803509 ], [ 32.754698374727809, -27.333163937861396 ], [ 32.754169540208437, -27.328740853269473 ], [ 32.754404290377245, -27.326214319878865 ], [ 32.75569316821796, -27.322892479430035 ], [ 32.757653581650409, -27.32 ] ] } },
{ "type": "Feature", "properties": { "depth_m": -10 }, "geometry": { "type": "LineString", "coordinates": [ [ 32.660171072813476, -27.62 ], [ 32.660262938149899, -27.618503765387683 ], [ 32.660872013735485, -27.615978425400879 ], [ 32.663325019245796, -27.612194151580844 ], [ 32.662760860891517, -27.609665950081464 ], [ 32.662861655353694, -27.609034486688536 ], [ 32.663812626352538, -27.606509959703494 ], [ 32.664600874873777, -27.605248449457516 ], [ 32.664080648831842, -27.603352065895049 ], [ 32.664538460656409, -27.602124763828616 ], [ 32.665236796085985, -27.601459732081967 ], [ 32.664845208008863, -27.600195368875333 ], [ 32.6643949886775, -27.595252034353724 ], [ 32.665044663162803, -27.591351916805866 ], [ 32.665821731902916, -27.589972386418772 ], [ 32.668757256278695, -27.587534627804583 ], [ 32.669984272713059, -27.585678352577766 ], [ 32.67084413793971, -27.581258416943111 ], [ 32.672361091472695, -27.578735159737022 ], [ 32.672923413101771, -27.576209638954285 ], [ 32.674975197070268, -27.57242418492789 ], [ 32.677330115938837, -27.566078543929738 ], [ 32.678598448785543, -27.561514520283911 ], [ 32.682392162899731, -27.550963090748358 ], [ 32.683666676498525, -27.545912281931475 ], [ 32.684241432176897, -27.539596438703395 ], [ 32.683935974670845, -27.53770059817947 ], [ 32.684665702955812, -27.535283198302842 ], [ 32.684661517864932, -27.533911952213426 ], [ 32.684549653117941, -27.533583424972598 ], [ 32.6838423716638, -27.533106103411647 ], [ 32.683510052691013, -27.534541051738525 ], [ 32.682418285128364, -27.535471175360694 ], [ 32.681708999102277, -27.535688710112101 ], [ 32.681000494648785, -27.535634957825497 ], [ 32.679722634202591, -27.535041328581705 ], [ 32.678554083695488, -27.533557277808942 ], [ 32.678433398290395, -27.532002539827626 ], [ 32.679752128008211, -27.529478719300698 ], [ 32.679868065540788, -27.528450943751686 ], [ 32.679202139381779, -27.525055438165584 ], [ 32.679593907721276, -27.522529474728159 ], [ 32.678687604251891, -27.521263950211242 ], [ 32.678584858030561, -27.518105128752474 ], [ 32.678940031007777, -27.515585557489345 ], [ 32.679361574748178, -27.514948334937412 ], [ 32.679756788290426, -27.512422375075666 ], [ 32.681454292098486, -27.509605327666833 ], [ 32.682345762808104, -27.506742849624025 ], [ 32.682391400092122, -27.500425768883694 ], [ 32.682681309990343, -27.499162992426303 ], [ 32.683901232389914, -27.49663889231503 ], [ 32.684162778803078, -27.491585731031311 ], [ 32.68467595950802, -27.489293247890242 ], [ 32.685909578778677, -27.486998532774237 ], [ 32.689323988907063, -27.483092567631004 ], [ 32.689826205048455, -27.482122663233017 ], [ 32.690300880000336, -27.479596837269671 ], [ 32.691760900976206, -27.475809749951221 ], [ 32.695089513975525, -27.470528260563732 ], [ 32.702082453369457, -27.456248817921207 ], [ 32.705531106358393, -27.451202359716579 ], [ 32.708623806786228, -27.443628168535625 ], [ 32.709597778083207, -27.442372189341079 ], [ 32.712055556192645, -27.440476677458804 ], [ 32.713141773355673, -27.438599781399137 ], [ 32.71452817645028, -27.437323137079893 ], [ 32.717406561138361, -27.432104193985616 ], [ 32.718259971455545, -27.429874714072039 ], [ 32.72036143606401, -27.425963891147596 ], [ 32.721680655595321, -27.42169686009818 ], [ 32.722388372390974, -27.421783367147686 ], [ 32.723098815458165, -27.420777270593518 ], [ 32.723553712655843, -27.419424185599016 ], [ 32.725301648583439, -27.417825264098095 ], [ 32.725796244524361, -27.416498776177292 ], [ 32.725711132640456, -27.415866880856107 ], [ 32.725235506743502, -27.415560221164448 ], [ 32.724631390951927, -27.415958254791864 ], [ 32.7231104400635, -27.416115874400617 ], [ 32.721301846917406, -27.414947831005676 ], [ 32.720977338890911, -27.414594032904233 ], [ 32.72111686078911, -27.414074131324647 ], [ 32.722791389289121, -27.412702466829117 ], [ 32.723441026687496, -27.411725550000245 ], [ 32.724425813996284, -27.4082836084464 ], [ 32.726546320467804, -27.404379153209646 ], [ 32.728655532299975, -27.399447695222843 ], [ 32.731550811871521, -27.393767729193492 ], [ 32.734382316018738, -27.389245079275828 ], [ 32.735026549008516, -27.387290268457768 ], [ 32.735759201784809, -27.382249376951364 ], [ 32.737524714365897, -27.376090627192035 ], [ 32.739319065966733, -27.372303598188367 ], [ 32.74141388043352, -27.365358436125693 ], [ 32.743101698019913, -27.36283461950886 ], [ 32.743653401960898, -27.361572166885292 ], [ 32.74375013436736, -27.360940611030866 ], [ 32.743490232329485, -27.359676666805903 ], [ 32.743704917904694, -27.358413594698472 ], [ 32.746915473243249, -27.351470375782014 ], [ 32.749023085247501, -27.347683772379462 ], [ 32.750897154112238, -27.345160187487746 ], [ 32.752416364975495, -27.343899418204188 ], [ 32.753171808519888, -27.342637285428371 ], [ 32.753476019327373, -27.341159968523357 ], [ 32.754946237209033, -27.339481731754962 ], [ 32.75628646674901, -27.335061925628068 ], [ 32.756112120751339, -27.33190294002593 ], [ 32.756317010279353, -27.32978155882682 ], [ 32.756733739769636, -27.327481868131859 ], [ 32.75769846583713, -27.324324859221583 ], [ 32.758419329692181, -27.32306263275138 ], [ 32.759416534375262, -27.322133944165842 ], [ 32.760124515816223, -27.321817711109016 ], [ 32.761547527785858, -27.321804530255193 ], [ 32.762141565330246, -27.320542068314204 ], [ 32.761935212145538, -27.32 ] ] } },
{ "type": "Feature", "properties": { "depth_m": -15 }, "geometry": { "type": "LineString", "coordinates": [ [ 32.662473581692126, -27.62 ], [ 32.662012376989225, -27.619139745295705 ], [ 32.661911835867564, -27.617876085505102 ], [ 32.662378233330003, -27.615982098403109 ], [ 32.66405339806704, -27.612458563711066 ], [ 32.663967452391717, -27.609214450367951 ], [ 32.664921072049509, -27.606901443466008 ], [ 32.666297463256164, -27.605884247626154 ], [ 32.66619859687362, -27.603357175429604 ], [ 32.667032503235902, -27.602095760270558 ], [ 32.668263280119277, -27.598940160739453 ], [ 32.668238136835292, -27.5976766816758 ], [ 32.667366039418702, -27.595779466867175 ], [ 32.667377367460595, -27.59451607452295 ], [ 32.668072206105812, -27.59296390972581 ], [ 32.670596443958971, -27.589815535128064 ], [ 32.672532516694147, -27.586482583165715 ], [ 32.673833603071557, -27.58316060363553 ], [ 32.674138568710845, -27.580634475713811 ], [ 32.67532073515256, -27.576215263640183 ], [ 32.67714553410503, -27.573513612762877 ], [ 32.678056768133494, -27.573045336548073 ], [ 32.678565404262265, -27.572432539185325 ], [ 32.678699018319534, -27.569343302991864 ], [ 32.67994184048527, -27.563591741174392 ], [ 32.682197863166394, -27.558405566178294 ], [ 32.684206246363424, -27.551598938949638 ], [ 32.684514141163781, -27.549704495953169 ], [ 32.685819507311628, -27.546548879608611 ], [ 32.686298957555529, -27.54465481778638 ], [ 32.686441073177072, -27.54339170832252 ], [ 32.686041984116514, -27.5390495388855 ], [ 32.686780191671581, -27.536443603876826 ], [ 32.686538924582322, -27.533916197547004 ], [ 32.686731872089531, -27.532021484197131 ], [ 32.685265732667027, -27.530974206564942 ], [ 32.684715862496596, -27.529982780993087 ], [ 32.683913070527872, -27.529434568699049 ], [ 32.683912150676107, -27.528856521658774 ], [ 32.684278993364288, -27.527970084135319 ], [ 32.685276550469453, -27.527175797815087 ], [ 32.685785100476586, -27.527774156388556 ], [ 32.686691293327264, -27.528046947695351 ], [ 32.688074313664146, -27.525707338263889 ], [ 32.688337348728126, -27.524444494322527 ], [ 32.68820504518709, -27.523737256334474 ], [ 32.687809407351821, -27.523458064747878 ], [ 32.687741815210885, -27.522839690820877 ], [ 32.688186509631898, -27.521971538280511 ], [ 32.688099838685787, -27.520021942185227 ], [ 32.688427155237711, -27.51875924199792 ], [ 32.688102335667097, -27.517527042157422 ], [ 32.68743060297799, -27.517191245590222 ], [ 32.685181109372877, -27.518645168367094 ], [ 32.684968325214314, -27.520307107623186 ], [ 32.685545632264464, -27.521911342182207 ], [ 32.685413312906398, -27.522542759945011 ], [ 32.684805274787955, -27.523173100159479 ], [ 32.68438028726974, -27.525527501534455 ], [ 32.68386310081921, -27.525860345939222 ], [ 32.68199576267218, -27.523798421065361 ], [ 32.682051659104182, -27.521634001265216 ], [ 32.680690599044148, -27.520636846325029 ], [ 32.680454894678888, -27.519372871831514 ], [ 32.681051690146973, -27.517896391480043 ], [ 32.681867091480491, -27.517575422169166 ], [ 32.682158558830324, -27.516849906479639 ], [ 32.682148892332862, -27.516218166988562 ], [ 32.68141058748872, -27.514321325445199 ], [ 32.68160754476154, -27.513058341119677 ], [ 32.682501313773116, -27.511796949266031 ], [ 32.683866240331945, -27.510500262199365 ], [ 32.684581509199035, -27.508607965524959 ], [ 32.68487974734181, -27.506116893663965 ], [ 32.684548077859219, -27.504852705087337 ], [ 32.684872232373181, -27.503590003323009 ], [ 32.684235813777093, -27.501693404279411 ], [ 32.684112793737789, -27.500429687309506 ], [ 32.684506748979636, -27.499167143078228 ], [ 32.685815537604221, -27.497274946672793 ], [ 32.685977266996446, -27.496643592408411 ], [ 32.686269878243586, -27.494749094984943 ], [ 32.685976286125189, -27.49105747653396 ], [ 32.686403137533105, -27.489063917295994 ], [ 32.687412976854446, -27.487712756780017 ], [ 32.689057251777257, -27.486653303542997 ], [ 32.690832367098103, -27.485077841239914 ], [ 32.691313571636847, -27.484021131498089 ], [ 32.692536475791378, -27.482805431139166 ], [ 32.692282236341903, -27.480864672827465 ], [ 32.693627888397693, -27.477709034835033 ], [ 32.693964874157629, -27.475814611733622 ], [ 32.694468763135959, -27.475038096796968 ], [ 32.69586775847629, -27.473923616328509 ], [ 32.69691294455626, -27.47266245258648 ], [ 32.700694472526571, -27.463826519501378 ], [ 32.70272106303468, -27.460672244878342 ], [ 32.70449440197153, -27.456253955420983 ], [ 32.708772485653441, -27.449314001173938 ], [ 32.708863969946549, -27.448050743474244 ], [ 32.71009417758011, -27.446158134758875 ], [ 32.71082672157408, -27.443632757578413 ], [ 32.711712676681728, -27.443607912127217 ], [ 32.713127252855607, -27.444214524779685 ], [ 32.713455737952614, -27.442374739360897 ], [ 32.714398988598859, -27.440343772966088 ], [ 32.716179573945517, -27.438773842004863 ], [ 32.717530330328941, -27.43808501978868 ], [ 32.717692925901467, -27.437329583767703 ], [ 32.717452662076099, -27.436065645247282 ], [ 32.718039658873082, -27.434171657044917 ], [ 32.720420354590644, -27.429278492087018 ], [ 32.721030638069749, -27.428559228683941 ], [ 32.721139841680866, -27.427390806532774 ], [ 32.722349517934454, -27.425967865002153 ], [ 32.723244756601595, -27.422946076516403 ], [ 32.726433789892134, -27.416500028469528 ], [ 32.726919080454351, -27.414605795700091 ], [ 32.727560312007135, -27.413518606914327 ], [ 32.727585601960975, -27.412275056867543 ], [ 32.72828900251033, -27.411449831284482 ], [ 32.728355214507864, -27.410818231819107 ], [ 32.728079921640678, -27.410316831382211 ], [ 32.72737139677001, -27.410587395115044 ], [ 32.726421025968911, -27.410399570554539 ], [ 32.726285153590176, -27.410182455726037 ], [ 32.727136293606705, -27.407657209192561 ], [ 32.732527672338698, -27.395664795633621 ], [ 32.734215073469962, -27.392893636254229 ], [ 32.735399004651967, -27.391422633345279 ], [ 32.736008682306483, -27.390069909611178 ], [ 32.737489050019931, -27.383039606637659 ], [ 32.739123438263022, -27.378620551834267 ], [ 32.739128723580727, -27.377357098165131 ], [ 32.739756313471091, -27.376094805976731 ], [ 32.740943108598771, -27.374833549668629 ], [ 32.741231988375333, -27.374202353380618 ], [ 32.743076581296947, -27.3659932388674 ], [ 32.745881536973883, -27.361576239918119 ], [ 32.745649438831919, -27.360096464531793 ], [ 32.746812718428771, -27.355892328873928 ], [ 32.748523415616816, -27.352736749147706 ], [ 32.754593478025328, -27.343427762415029 ], [ 32.757593585353789, -27.336327670926341 ], [ 32.757831777981963, -27.335064612662109 ], [ 32.757845355322367, -27.331905954589271 ], [ 32.760120517606396, -27.326229145803296 ], [ 32.760657713992686, -27.324179003736173 ], [ 32.760865025547162, -27.323698576255005 ], [ 32.762244074833689, -27.322914226585592 ], [ 32.76314744864645, -27.321980609068202 ], [ 32.763538668500509, -27.321176175692848 ], [ 32.763653143992741, -27.32 ] ] } },
{ "type": "Feature", "properties": { "depth_m": -20 }, "geometry": { "type": "MultiLineString", "coordinates": [ [ [ 32.665889815571731, -27.62 ], [ 32.665863932273673, -27.619730812262027 ], [ 32.665501460808265, -27.62 ] ], [ [ 32.665092652004354, -27.62 ], [ 32.664363271305838, -27.619777158567107 ], [ 32.663808466668236, -27.618512401396465 ], [ 32.66361866805854, -27.617248526308362 ], [ 32.663820748606092, -27.614722185175872 ], [ 32.664655845111305, -27.612829081961905 ], [ 32.664707043060794, -27.609243460436989 ], [ 32.665819458338248, -27.607072640987298 ], [ 32.667397269500221, -27.605952202221179 ], [ 32.667127115807553, -27.60525453109042 ], [ 32.667255728312639, -27.603359713660812 ], [ 32.667841760055332, -27.602549812390293 ], [ 32.669462357386884, -27.602266589206447 ], [ 32.670879377502082, -27.60265351573635 ], [ 32.671381037207809, -27.602552761362173 ], [ 32.671590080728414, -27.602112555625059 ], [ 32.670962546937787, -27.600277786004998 ], [ 32.670719930626817, -27.596419171199514 ], [ 32.671607587985676, -27.596238824967614 ], [ 32.672120518889557, -27.595790777250933 ], [ 32.672486920391925, -27.593896512250925 ], [ 32.673547882187265, -27.59200388052442 ], [ 32.67373336497409, -27.590109185483115 ], [ 32.675755531668329, -27.585060237532623 ], [ 32.676424829188782, -27.580008109890652 ], [ 32.677225526234203, -27.577385424641381 ], [ 32.677824815781932, -27.576655473855876 ], [ 32.680177273211434, -27.575182263840443 ], [ 32.680685879211971, -27.574332565540249 ], [ 32.681734638188424, -27.569912987006798 ], [ 32.681620832755257, -27.568017588329322 ], [ 32.682008167237903, -27.566123337029286 ], [ 32.681858710843272, -27.56422785681114 ], [ 32.682065538748546, -27.563596617160947 ], [ 32.685178789651275, -27.5614750671641 ], [ 32.686153602244254, -27.559815631232013 ], [ 32.686142140913162, -27.557920465130483 ], [ 32.686960074047605, -27.557290596334806 ], [ 32.687297605456642, -27.556659642389157 ], [ 32.68590457427041, -27.555516222776578 ], [ 32.685568825560047, -27.554760599431617 ], [ 32.686036133196737, -27.552343992343893 ], [ 32.686087644163557, -27.550339772432242 ], [ 32.689731786631263, -27.546557667830776 ], [ 32.689801334182881, -27.545926108083787 ], [ 32.68939884527704, -27.544661779165086 ], [ 32.689773622398747, -27.542767470498632 ], [ 32.688465137571136, -27.54023768360635 ], [ 32.688206232317043, -27.538859389801615 ], [ 32.688306381770367, -27.536880105019264 ], [ 32.689036926759165, -27.533921806912296 ], [ 32.688271453352336, -27.532024944399968 ], [ 32.688151800109708, -27.530173481926948 ], [ 32.688628896110224, -27.52886716347302 ], [ 32.688654274647604, -27.52760378716037 ], [ 32.6902050477212, -27.52504676287937 ], [ 32.692384236551668, -27.519406051848421 ], [ 32.693277910001818, -27.516086341742803 ], [ 32.693105078961608, -27.514979952525401 ], [ 32.69234005995105, -27.514397748846459 ], [ 32.691689807956941, -27.514339514887428 ], [ 32.689249668767843, -27.515248965187311 ], [ 32.688647369716293, -27.515153153585512 ], [ 32.687967486045352, -27.514496007499528 ], [ 32.686672815223758, -27.514333278088188 ], [ 32.688259399018513, -27.51190389601636 ], [ 32.688224440534825, -27.50928302101617 ], [ 32.688674649392688, -27.508020592544106 ], [ 32.688051872266364, -27.506755760654446 ], [ 32.68788116163271, -27.504860222066558 ], [ 32.688568496641466, -27.503598325678009 ], [ 32.688888288541108, -27.501701223894692 ], [ 32.689602125276714, -27.5008385997589 ], [ 32.691726513055997, -27.501170325534339 ], [ 32.691936006519505, -27.499366125462583 ], [ 32.69250659495453, -27.499185050566446 ], [ 32.691732122267283, -27.499157041537632 ], [ 32.691509994975874, -27.499617653448784 ], [ 32.691022178283049, -27.499700316420945 ], [ 32.690316554648042, -27.498697459871345 ], [ 32.6888972532849, -27.499570464642652 ], [ 32.688416458724667, -27.498974452889136 ], [ 32.687893063114885, -27.498909391499112 ], [ 32.687782899020355, -27.499174532277642 ], [ 32.688356013822755, -27.500439255251852 ], [ 32.687474744850157, -27.501570586284767 ], [ 32.686766327864412, -27.501561668144397 ], [ 32.686058994689482, -27.501170840132286 ], [ 32.685734034569904, -27.500433358283761 ], [ 32.686063205263345, -27.499686865246009 ], [ 32.687764981470821, -27.498161289177251 ], [ 32.688046578885, -27.496648246461511 ], [ 32.688805570105458, -27.495294008948616 ], [ 32.689443685775657, -27.494756213542896 ], [ 32.689007138331526, -27.493491799358001 ], [ 32.68962450400474, -27.492859953713953 ], [ 32.68890198605704, -27.491580597090397 ], [ 32.689677490532638, -27.491009060352031 ], [ 32.691919113554007, -27.490484882408307 ], [ 32.691895726162983, -27.490215933202204 ], [ 32.690993787539803, -27.489705904683358 ], [ 32.690863447313205, -27.489073895091053 ], [ 32.692268229710876, -27.487813568325606 ], [ 32.691822319739146, -27.487180861409868 ], [ 32.693055445050014, -27.486437003741429 ], [ 32.693692067904287, -27.485740984145647 ], [ 32.693806099969557, -27.485290077722322 ], [ 32.693178072396805, -27.484656974221135 ], [ 32.694052206426541, -27.484163940155035 ], [ 32.69431552253581, -27.483766646568398 ], [ 32.694074588800731, -27.481500343147292 ], [ 32.694331196142485, -27.480614284801096 ], [ 32.694929405921457, -27.479883897233041 ], [ 32.696382226376862, -27.478978511281746 ], [ 32.69674794504418, -27.478412401972548 ], [ 32.698025875643509, -27.474426665886568 ], [ 32.698648543334691, -27.473718215201409 ], [ 32.701069767617419, -27.472088760635817 ], [ 32.70151336099309, -27.471408945949825 ], [ 32.702292558255827, -27.468883724856635 ], [ 32.702683656834459, -27.465725948503326 ], [ 32.704510496150519, -27.462571222022191 ], [ 32.705721848761151, -27.461060604365887 ], [ 32.706082669046147, -27.458784208991244 ], [ 32.706848498457724, -27.456258929422692 ], [ 32.707433922431441, -27.45509996881518 ], [ 32.708627880974028, -27.45416695440078 ], [ 32.709098625257859, -27.453105026988695 ], [ 32.709613671581636, -27.450579205681453 ], [ 32.710991175229751, -27.448761119130076 ], [ 32.711700212735103, -27.448402616623973 ], [ 32.712408047229516, -27.448506218134568 ], [ 32.713117463117399, -27.447999070233948 ], [ 32.714430990955094, -27.44543789273289 ], [ 32.715312950147727, -27.441746820775904 ], [ 32.715967693765215, -27.441037426924659 ], [ 32.717440566690343, -27.440487700381691 ], [ 32.719039547218408, -27.438595756566595 ], [ 32.720882809541791, -27.435440831098056 ], [ 32.721067398758045, -27.433657338117854 ], [ 32.722180503205472, -27.430856121725324 ], [ 32.722989551549915, -27.429759498071466 ], [ 32.723799982641765, -27.429129379623642 ], [ 32.723994092997373, -27.42849803738433 ], [ 32.723404315992717, -27.426601688796893 ], [ 32.725169973128054, -27.425304788936213 ], [ 32.725616377055118, -27.424710879173755 ], [ 32.725617982762444, -27.422815700638015 ], [ 32.726341590922139, -27.419658486390084 ], [ 32.726375416006661, -27.417763369640408 ], [ 32.727155480509879, -27.416501442525718 ], [ 32.727360288668699, -27.415112380620727 ], [ 32.72827529180514, -27.413976716916281 ], [ 32.728188095145342, -27.412713090470103 ], [ 32.729253055817672, -27.410819977836379 ], [ 32.729362425614234, -27.409676994191944 ], [ 32.728981009227041, -27.408924263630343 ], [ 32.733654952859979, -27.397562141265791 ], [ 32.735159026918325, -27.395038085746329 ], [ 32.73639135939608, -27.393776959317297 ], [ 32.737659178739094, -27.390916319924983 ], [ 32.738264702287402, -27.388094912091123 ], [ 32.739407587514577, -27.385570127299374 ], [ 32.73971874765116, -27.383043783159454 ], [ 32.740960862125554, -27.379255706007473 ], [ 32.741219533300267, -27.377360990461693 ], [ 32.743242394842227, -27.37420606599154 ], [ 32.744406659596272, -27.371681274168097 ], [ 32.744788048198501, -27.366628110098794 ], [ 32.747201613993802, -27.362120992638076 ], [ 32.748610093377408, -27.360218580177957 ], [ 32.74925474891559, -27.357160203170061 ], [ 32.749778394574641, -27.355897674446428 ], [ 32.751568447859214, -27.352535721284767 ], [ 32.753019346903059, -27.350878333447152 ], [ 32.754264105968545, -27.348196351324191 ], [ 32.754724735287155, -27.346430431318286 ], [ 32.755830047526089, -27.344948229984968 ], [ 32.757290201719506, -27.340117559478482 ], [ 32.758728962276834, -27.337640689191655 ], [ 32.75921782819821, -27.336330479641916 ], [ 32.760355406406873, -27.331278545573312 ], [ 32.762113237723355, -27.32864868344744 ], [ 32.762943435701132, -27.324965591757053 ], [ 32.765010211461799, -27.321810395205787 ], [ 32.765240641320752, -27.32 ] ] ] } },
{ "type": "Feature", "properties": { "depth_m": -25 }, "geometry": { "type": "LineString", "coordinates": [ [ 32.667008152546138, -27.62 ], [ 32.666767299875829, -27.619151246583201 ], [ 32.665530919411957, -27.61818567336967 ], [ 32.664463197179408, -27.61598715572606 ], [ 32.664539861536014, -27.614723925478575 ], [ 32.665248882371479, -27.612830513787777 ], [ 32.665174616974163, -27.609662232361046 ], [ 32.66631177637575, -27.607513600218478 ], [ 32.667634490423211, -27.60651916454718 ], [ 32.667842400681863, -27.605887953517605 ], [ 32.6676355594632, -27.605255749551301 ], [ 32.667711535124589, -27.603992513672683 ], [ 32.668041367223594, -27.603200505814446 ], [ 32.668812056768544, -27.602785474255953 ], [ 32.670878554812901, -27.602928883964911 ], [ 32.671713064300839, -27.602738618244999 ], [ 32.671943972969594, -27.600523400913161 ], [ 32.673610062542075, -27.59642599619405 ], [ 32.674110219213752, -27.593900332153559 ], [ 32.675136970501661, -27.592639318086629 ], [ 32.678288594045412, -27.585697840093875 ], [ 32.678539526231511, -27.584262651049261 ], [ 32.678405041737271, -27.580644420900729 ], [ 32.679597399617293, -27.578752042105879 ], [ 32.682496821707836, -27.576406823078752 ], [ 32.683290877020234, -27.572684680907258 ], [ 32.684982609748623, -27.569920390392276 ], [ 32.685155866308342, -27.567393932044922 ], [ 32.685644681149043, -27.565499900892192 ], [ 32.686480184221722, -27.563606649258865 ], [ 32.687766624130163, -27.5585558377593 ], [ 32.689168249467365, -27.555400411189687 ], [ 32.69147094503559, -27.547079588559804 ], [ 32.692043864928927, -27.541509088597966 ], [ 32.690190472432711, -27.538359732954948 ], [ 32.689695870690116, -27.537081857946561 ], [ 32.689831102890352, -27.535818727987003 ], [ 32.690390563603664, -27.534556543894002 ], [ 32.689710443247343, -27.530764730472686 ], [ 32.690235863138966, -27.528240886647609 ], [ 32.690214206488683, -27.526975555239218 ], [ 32.691521177529523, -27.524451593069898 ], [ 32.694118763059272, -27.516876722315985 ], [ 32.694973126017658, -27.512456572414028 ], [ 32.694879668212998, -27.511824650118331 ], [ 32.694531772978635, -27.511491177437662 ], [ 32.693823442033739, -27.511427929267583 ], [ 32.693114228074116, -27.511683194724327 ], [ 32.692628256962237, -27.511187975533552 ], [ 32.692286144540255, -27.507279386703793 ], [ 32.692458265563879, -27.506133852046016 ], [ 32.692322634521744, -27.504238396725988 ], [ 32.692971832266323, -27.502976392903875 ], [ 32.693994319760613, -27.502217296868629 ], [ 32.694533668535612, -27.502368893555001 ], [ 32.694190263716678, -27.504242514133026 ], [ 32.694549502276601, -27.50507135395339 ], [ 32.694894394880656, -27.504244059965089 ], [ 32.694950404160686, -27.503612463786627 ], [ 32.694589202205002, -27.502348233294619 ], [ 32.694887073027552, -27.501717167627103 ], [ 32.694779340351531, -27.500890537750937 ], [ 32.695022264241004, -27.499822306177677 ], [ 32.694565408315142, -27.499309921857957 ], [ 32.694210815470612, -27.497925367109069 ], [ 32.694990597592813, -27.496031920483237 ], [ 32.694756955574967, -27.495399688486295 ], [ 32.695350558159099, -27.494081988333296 ], [ 32.695310590716211, -27.492242302134812 ], [ 32.696066306573279, -27.489085353377707 ], [ 32.69604505597303, -27.487821867025293 ], [ 32.695678047828224, -27.487189344606662 ], [ 32.695669094545536, -27.486557604476218 ], [ 32.696020054528852, -27.485550988255927 ], [ 32.69672928258133, -27.485226804219661 ], [ 32.697343656087945, -27.484580728285792 ], [ 32.698148184300308, -27.48441043231616 ], [ 32.698846646496925, -27.483405911232577 ], [ 32.698800533020972, -27.482827877791646 ], [ 32.698316951544427, -27.482626873491579 ], [ 32.696734827011355, -27.483202564793469 ], [ 32.696026573862099, -27.483176382023402 ], [ 32.695321105705531, -27.482138191400363 ], [ 32.695359632027525, -27.481503161123474 ], [ 32.696033599773841, -27.480616932500936 ], [ 32.698473361751809, -27.479893815360921 ], [ 32.699184693292523, -27.479264790214774 ], [ 32.699273544534044, -27.478353065250527 ], [ 32.698784870547243, -27.477170037327983 ], [ 32.698679719570215, -27.475824895146271 ], [ 32.699462954248396, -27.474448166813428 ], [ 32.701080983472409, -27.473871556774171 ], [ 32.7022777784832, -27.474069644746628 ], [ 32.703132864184575, -27.474581042933334 ], [ 32.703843179388855, -27.473816153372525 ], [ 32.704559726309874, -27.470710923777709 ], [ 32.704830843271374, -27.470393632908294 ], [ 32.705233688709107, -27.467588557644465 ], [ 32.705860605503737, -27.466883937440439 ], [ 32.706695858691454, -27.466406200685807 ], [ 32.707120517664329, -27.465480216158905 ], [ 32.708117557428778, -27.464407910062814 ], [ 32.708938577264234, -27.462677132364327 ], [ 32.709715705870501, -27.461950444749121 ], [ 32.70992600267742, -27.461319159572774 ], [ 32.709878878994772, -27.460055614631568 ], [ 32.710596712074199, -27.458161938174271 ], [ 32.710609173490987, -27.456898516653471 ], [ 32.713176986033218, -27.453178529865824 ], [ 32.713364885517912, -27.452482146029254 ], [ 32.713256214327039, -27.450586750300683 ], [ 32.715245771917516, -27.446438660653605 ], [ 32.716184660953452, -27.445538948868553 ], [ 32.718290321593393, -27.442565122842041 ], [ 32.719763913920353, -27.441755842892704 ], [ 32.721930186808621, -27.439865005771253 ], [ 32.722322822923793, -27.437970611402999 ], [ 32.722950995418358, -27.43670840976738 ], [ 32.723088349726808, -27.434835444323724 ], [ 32.724139946358413, -27.432612260071533 ], [ 32.725908471144443, -27.429708473247977 ], [ 32.727472502632637, -27.426102167862634 ], [ 32.727761426750959, -27.423451630047023 ], [ 32.728277867976303, -27.422189182782077 ], [ 32.728596480692893, -27.418879095068021 ], [ 32.729893366585621, -27.415875045035101 ], [ 32.730153104631022, -27.414576348887387 ], [ 32.731039289204688, -27.412838225478147 ], [ 32.731619344526059, -27.410267702426225 ], [ 32.732713061624295, -27.407036279664503 ], [ 32.736880807419453, -27.396936533957167 ], [ 32.738248174380935, -27.395242642755463 ], [ 32.739136464847519, -27.392873544087401 ], [ 32.740005572203998, -27.391888550135974 ], [ 32.739926486066629, -27.390624941540342 ], [ 32.740868896903542, -27.389958990274391 ], [ 32.741047356558489, -27.389363565757321 ], [ 32.740893435088921, -27.388099818298492 ], [ 32.741544524655332, -27.387435402689913 ], [ 32.741590145936797, -27.386205917269333 ], [ 32.742447094034425, -27.384312307961689 ], [ 32.742264815925971, -27.38301669838858 ], [ 32.743807548592905, -27.381787887349304 ], [ 32.743803513328174, -27.379892684986348 ], [ 32.745987947423068, -27.374842821703744 ], [ 32.745692080879891, -27.372315354412052 ], [ 32.745864865573886, -27.371647113815868 ], [ 32.746684226330899, -27.370421960667116 ], [ 32.746484276311179, -27.369789864982945 ], [ 32.746997475915407, -27.367263864625691 ], [ 32.747956447453227, -27.365962727418061 ], [ 32.74832190080631, -27.364739326995231 ], [ 32.749521407134203, -27.362846284110638 ], [ 32.750818416969032, -27.362198209485726 ], [ 32.751060194214929, -27.3617819452395 ], [ 32.752118724535158, -27.357666878188052 ], [ 32.755928131318818, -27.350321040080207 ], [ 32.756989523545172, -27.34706612509412 ], [ 32.758455287604178, -27.344541726701628 ], [ 32.758977079393318, -27.342647422617055 ], [ 32.758869782443156, -27.340752030621591 ], [ 32.761381632733816, -27.336965928188945 ], [ 32.762596016994983, -27.332246208352011 ], [ 32.764200277223608, -27.329886775656792 ], [ 32.765656971158741, -27.324970168358195 ], [ 32.767052233874416, -27.322445551276488 ], [ 32.767644707314467, -27.32 ] ] } },
{ "type": "Feature", "properties": { "depth_m": -30 }, "geometry": { "type": "LineString", "coordinates": [ [ 32.668170040375749, -27.62 ], [ 32.667634066753891, -27.619153325574167 ], [ 32.666737450387018, -27.618376731120062 ], [ 32.666391441698956, -27.617255220539228 ], [ 32.665249026182572, -27.615915411065156 ], [ 32.665181815623804, -27.61472547590326 ], [ 32.665756938461136, -27.613350861838033 ], [ 32.665504123626647, -27.610936005697976 ], [ 32.665648799420843, -27.609672937728114 ], [ 32.666686545418798, -27.607849324558259 ], [ 32.668189926629111, -27.606520493539588 ], [ 32.668004340545714, -27.604595697812744 ], [ 32.668465236452199, -27.603362607881273 ], [ 32.669460326643076, -27.602943404181374 ], [ 32.671587065822024, -27.603123884669831 ], [ 32.672301048564172, -27.60148029042875 ], [ 32.674002004595444, -27.599833075809222 ], [ 32.674890571146847, -27.597692420542835 ], [ 32.67553784802665, -27.594535386048356 ], [ 32.678717731901791, -27.589498352122554 ], [ 32.679743022313971, -27.587240611566408 ], [ 32.680856348026524, -27.585492629445486 ], [ 32.680857045336758, -27.581904863346161 ], [ 32.681310509704502, -27.58001940696191 ], [ 32.682564185526864, -27.578367119019454 ], [ 32.683004522310675, -27.578107173460339 ], [ 32.683805577143858, -27.578129974589555 ], [ 32.684070065433829, -27.577498864563125 ], [ 32.683934178390018, -27.575603419323215 ], [ 32.684256348084233, -27.574182722684679 ], [ 32.684815032192915, -27.573416482525396 ], [ 32.68614181612763, -27.572449864636823 ], [ 32.686493731372842, -27.571818946825815 ], [ 32.686780543123902, -27.569924455925104 ], [ 32.686201859474671, -27.568028011558191 ], [ 32.686284627720411, -27.566764772618146 ], [ 32.687539886588169, -27.563824028825746 ], [ 32.688710188175456, -27.558557954778582 ], [ 32.690407508272763, -27.556034891749274 ], [ 32.690380078559436, -27.554335248344408 ], [ 32.691322754452273, -27.552878356387101 ], [ 32.691793940862922, -27.550984258570864 ], [ 32.691948634123179, -27.549089458323632 ], [ 32.692694089397428, -27.547195963864368 ], [ 32.692973927999809, -27.541511145890606 ], [ 32.692760906422585, -27.540247244109406 ], [ 32.693099846566128, -27.538984561411404 ], [ 32.692828528301391, -27.53835224641583 ], [ 32.69135683817931, -27.537325225124622 ], [ 32.690766086381572, -27.536452526668437 ], [ 32.691043149649431, -27.535821426717014 ], [ 32.692002954444199, -27.535191840285812 ], [ 32.692343966285605, -27.534560880117247 ], [ 32.691049876747485, -27.532031145753148 ], [ 32.691025087560746, -27.529504224984592 ], [ 32.691380979580877, -27.527609865426463 ], [ 32.691361456586151, -27.526346389446754 ], [ 32.692520122280477, -27.524453805320331 ], [ 32.692664150553512, -27.52319068947811 ], [ 32.693532063272933, -27.521297452925648 ], [ 32.695125630008313, -27.516247215019757 ], [ 32.695232395998978, -27.51435160084975 ], [ 32.696056580539135, -27.512458943903916 ], [ 32.696095037276358, -27.511195592206519 ], [ 32.695200774828123, -27.510561917374151 ], [ 32.694953050838116, -27.508666218979599 ], [ 32.696306407550537, -27.506448833631087 ], [ 32.696720972976166, -27.504920488065284 ], [ 32.697498131345903, -27.503618026120012 ], [ 32.698065308757421, -27.501058951801323 ], [ 32.698400165152492, -27.500461387935218 ], [ 32.698426103582854, -27.499198005202526 ], [ 32.698997037976191, -27.497935802140113 ], [ 32.698821945247722, -27.497116817425315 ], [ 32.698181063769177, -27.496611603587706 ], [ 32.698111283459575, -27.495400835655118 ], [ 32.697325875479436, -27.492246699432926 ], [ 32.697419021936767, -27.492031406285768 ], [ 32.698126835881126, -27.492239532089233 ], [ 32.698640274146065, -27.490986111241021 ], [ 32.699114030620052, -27.490600099724894 ], [ 32.699694190440212, -27.489093228001952 ], [ 32.70017308306403, -27.486483131407752 ], [ 32.702187582790771, -27.483413098724345 ], [ 32.702250584249164, -27.481379148578775 ], [ 32.703667763951188, -27.479625930524946 ], [ 32.705572447986405, -27.473312754267461 ], [ 32.706994945464594, -27.470788865783046 ], [ 32.707449004413334, -27.468307503049854 ], [ 32.708854016327649, -27.46640058905118 ], [ 32.709734838469586, -27.464477377274434 ], [ 32.711880925912226, -27.461323217230905 ], [ 32.712115633300776, -27.457533361957669 ], [ 32.712707937205586, -27.456557271443366 ], [ 32.712982037646334, -27.455536567706574 ], [ 32.713563957782441, -27.454791718810483 ], [ 32.715603664407716, -27.448696388258178 ], [ 32.715949570809215, -27.448113874589605 ], [ 32.718784166633206, -27.447250386083194 ], [ 32.720202142844926, -27.446543283182152 ], [ 32.7206908245007, -27.445548054637985 ], [ 32.721541978893896, -27.442391132744941 ], [ 32.723047783910275, -27.441227307125672 ], [ 32.724093044535174, -27.439869304740892 ], [ 32.725153680750772, -27.437344497130727 ], [ 32.725687781807807, -27.435265719288424 ], [ 32.726715888120516, -27.43428772338882 ], [ 32.72696323508368, -27.43197691675153 ], [ 32.727652598766277, -27.430062264295533 ], [ 32.72893652018638, -27.428680473776922 ], [ 32.731237904778261, -27.427880465151912 ], [ 32.731177297814469, -27.427248622132407 ], [ 32.729860887683664, -27.426253798574475 ], [ 32.729558795898484, -27.424806417160021 ], [ 32.730171397445474, -27.423530230198789 ], [ 32.73033697301593, -27.422193180772162 ], [ 32.73134492249428, -27.420076194875787 ], [ 32.731478999769251, -27.418405019603771 ], [ 32.732270191322478, -27.417774813137047 ], [ 32.732052592065266, -27.416510939091506 ], [ 32.732315036808586, -27.415316349626469 ], [ 32.733712242646007, -27.413334656732282 ], [ 32.734097715978564, -27.411780902131909 ], [ 32.736840635018041, -27.405376239889733 ], [ 32.73925809588453, -27.398836186598565 ], [ 32.739548379301333, -27.396941539825256 ], [ 32.740869384426261, -27.395692916082481 ], [ 32.741072549710594, -27.39441745620249 ], [ 32.742174126359181, -27.393156035468387 ], [ 32.742446515061999, -27.391261346823711 ], [ 32.743100624637151, -27.390630822039061 ], [ 32.743352633648882, -27.38999955504157 ], [ 32.74327038903224, -27.389367673800756 ], [ 32.744119235241079, -27.387474040151893 ], [ 32.74531918012763, -27.386844504340189 ], [ 32.745704737506529, -27.386213476328383 ], [ 32.745582353103082, -27.384949790694495 ], [ 32.746684315047325, -27.383056601109999 ], [ 32.746368519027989, -27.381160833582399 ], [ 32.747206720176329, -27.379898890866169 ], [ 32.746782692876891, -27.378634658404177 ], [ 32.748248608920882, -27.376742114170433 ], [ 32.748430547151436, -27.373583781643344 ], [ 32.749053853834383, -27.372953171150812 ], [ 32.748912526390292, -27.372321184462269 ], [ 32.749089516648567, -27.371689770118099 ], [ 32.749672168161595, -27.371059083540569 ], [ 32.749975289285764, -27.36979616126095 ], [ 32.749975714512821, -27.368405802208361 ], [ 32.750193921719578, -27.367901353925863 ], [ 32.751448034021898, -27.366640126231584 ], [ 32.753401528297871, -27.365380124896415 ], [ 32.754304703273824, -27.364057251362787 ], [ 32.75451350434151, -27.363486884277577 ], [ 32.754337538943261, -27.360959640251235 ], [ 32.7546024032304, -27.359696638394215 ], [ 32.756514611949555, -27.355413571850686 ], [ 32.757197424674246, -27.352779282726122 ], [ 32.758009177855477, -27.351490038802936 ], [ 32.758884982012574, -27.348964615143757 ], [ 32.75914187032577, -27.347069853255714 ], [ 32.759996047217832, -27.346372073568503 ], [ 32.760813574405887, -27.345177520214161 ], [ 32.761491875813732, -27.342651739072821 ], [ 32.761657151008635, -27.33949334247631 ], [ 32.76403342783491, -27.33760216835784 ], [ 32.764215542665482, -27.336970739685658 ], [ 32.7641301238544, -27.33552027076805 ], [ 32.764235128154539, -27.335075564851852 ], [ 32.765028179577627, -27.334426540342196 ], [ 32.765297079833751, -27.333813879958864 ], [ 32.765184423135274, -27.332667819719081 ], [ 32.765760139013317, -27.332653902302127 ], [ 32.766680691939349, -27.331920987484025 ], [ 32.766918563682836, -27.331289647755444 ], [ 32.766977975517364, -27.328762799341092 ], [ 32.767738158497743, -27.327500591704787 ], [ 32.767827058430761, -27.325605527798398 ], [ 32.768568224986666, -27.324941628382696 ], [ 32.768994833577658, -27.323712250786176 ], [ 32.769826450562086, -27.323081885373831 ], [ 32.770061249696468, -27.321849720684213 ], [ 32.770609301358853, -27.321075216044601 ], [ 32.770640634901469, -27.32 ] ] } },
{ "type": "Feature", "properties": { "depth_m": -35 }, "geometry": { "type": "LineString", "coordinates": [ [ 32.669447690122098, -27.62 ], [ 32.668898428932053, -27.619156348510636 ], [ 32.667306204402983, -27.617872853934042 ], [ 32.667246409821672, -27.617257273488651 ], [ 32.665749819172447, -27.615471754318406 ], [ 32.665744678178918, -27.614726832865415 ], [ 32.666334013095465, -27.613464835231031 ], [ 32.665944335147394, -27.611519344813004 ], [ 32.66602845208611, -27.609793530540117 ], [ 32.666971302550081, -27.608104326306865 ], [ 32.668643941101223, -27.606521578209062 ], [ 32.66834120280248, -27.604625728615925 ], [ 32.668845919317405, -27.603449188882571 ], [ 32.669459709793387, -27.603148985796047 ], [ 32.671586442590858, -27.603332936558505 ], [ 32.672299236723774, -27.602089400860855 ], [ 32.673010019466737, -27.601517742871195 ], [ 32.673525552083341, -27.601651513276213 ], [ 32.673753486300299, -27.603339665636646 ], [ 32.674422429046103, -27.603465773896787 ], [ 32.676388618697601, -27.600854469245863 ], [ 32.676870442156407, -27.599592172434743 ], [ 32.678321682179821, -27.593278443676358 ], [ 32.68204196612394, -27.585706485068716 ], [ 32.682806816655301, -27.581117840019505 ], [ 32.683496052132476, -27.579835091728366 ], [ 32.685129859061263, -27.578619490605266 ], [ 32.685248394325612, -27.578029149010952 ], [ 32.684742003919901, -27.576236967337223 ], [ 32.684904128715175, -27.574973910941328 ], [ 32.687686569673609, -27.572453346403112 ], [ 32.688158349885398, -27.569927555707817 ], [ 32.687977763745273, -27.567400298681886 ], [ 32.68869954223031, -27.565506779505132 ], [ 32.688940341517672, -27.563811825889186 ], [ 32.689848097037526, -27.562350781452128 ], [ 32.689739911013227, -27.561087112768028 ], [ 32.691063621322051, -27.560013943542323 ], [ 32.691517721829186, -27.559195929871279 ], [ 32.691459270062147, -27.557932373161893 ], [ 32.691944374440816, -27.55667002135959 ], [ 32.690904307125756, -27.554772569308987 ], [ 32.690991406314978, -27.554141048739435 ], [ 32.691771750270256, -27.55304869473073 ], [ 32.692845079927032, -27.552250014836634 ], [ 32.693001798385026, -27.549091788598975 ], [ 32.694570085697393, -27.546568383885603 ], [ 32.694545367899025, -27.545839837135173 ], [ 32.693678144930693, -27.544039560264792 ], [ 32.69397151779728, -27.537526642807535 ], [ 32.69375362119807, -27.536631180236821 ], [ 32.693044627316631, -27.536748757823876 ], [ 32.692870931171583, -27.536457192450762 ], [ 32.693754491649393, -27.536317175311826 ], [ 32.694099003241718, -27.534564752596129 ], [ 32.693850606474221, -27.533852907507775 ], [ 32.692330183767147, -27.532050795400881 ], [ 32.692189984777478, -27.531401957997762 ], [ 32.692514450056436, -27.526348943654853 ], [ 32.69337825381772, -27.524723362029683 ], [ 32.69593624759738, -27.516050921835454 ], [ 32.696704722396888, -27.51435551309984 ], [ 32.697467106996861, -27.511198582842901 ], [ 32.698793377570837, -27.507610450050123 ], [ 32.700562210606911, -27.501097776720542 ], [ 32.701165570416805, -27.499835634790909 ], [ 32.701863682528362, -27.496046814602298 ], [ 32.701278624379015, -27.495753296657707 ], [ 32.701234139432444, -27.494782024553498 ], [ 32.702320655389578, -27.494152632737258 ], [ 32.702180571801485, -27.493062207399074 ], [ 32.70144035804212, -27.492458743825402 ], [ 32.700740680702829, -27.491189097046092 ], [ 32.701170008792936, -27.489096404331228 ], [ 32.702488156655228, -27.486024718427839 ], [ 32.703495356854006, -27.484679332501749 ], [ 32.704001940798975, -27.482153526022586 ], [ 32.705244176177864, -27.479653259647936 ], [ 32.705509551573847, -27.478600592024385 ], [ 32.706099495272412, -27.47773592032204 ], [ 32.706633357065833, -27.473946714738727 ], [ 32.708102433145271, -27.470149097076941 ], [ 32.708810071806454, -27.470378645578215 ], [ 32.708928153270541, -27.469529475123437 ], [ 32.710231479869911, -27.46849712282074 ], [ 32.710775767794289, -27.467638156640227 ], [ 32.711032390158586, -27.465111798598024 ], [ 32.712993691953535, -27.462512039802739 ], [ 32.713795391432676, -27.459687359725319 ], [ 32.714505472438645, -27.458947513083118 ], [ 32.715212308486976, -27.459466938935488 ], [ 32.715750144080531, -27.459283618421466 ], [ 32.715921793250544, -27.45895511237196 ], [ 32.715047948274446, -27.458320370493777 ], [ 32.714686043619345, -27.457538650549083 ], [ 32.714848931935137, -27.456907260223041 ], [ 32.716725458184541, -27.454459109266985 ], [ 32.717135836316196, -27.452489853698602 ], [ 32.718209424426881, -27.451356861337352 ], [ 32.719228792056718, -27.449737773742545 ], [ 32.721614391598365, -27.448110618134393 ], [ 32.722108621521116, -27.447253354821459 ], [ 32.723184251664712, -27.443785287151421 ], [ 32.72397816647613, -27.442395979691199 ], [ 32.724628717995188, -27.441914102745816 ], [ 32.725877832256849, -27.442110200979982 ], [ 32.726014865979735, -27.441890037346777 ], [ 32.725879891283377, -27.441277016734638 ], [ 32.725609543763959, -27.441135750401301 ], [ 32.725587942639329, -27.440503982177805 ], [ 32.727809113271661, -27.434822804886085 ], [ 32.728616552728283, -27.431559251257973 ], [ 32.729783716834689, -27.430072812754112 ], [ 32.731574473537322, -27.428829128924878 ], [ 32.732226443587656, -27.427882367585987 ], [ 32.732220380882517, -27.42667889810701 ], [ 32.731610833392786, -27.425354275954643 ], [ 32.732511015141682, -27.423460823970032 ], [ 32.732232986600778, -27.422196835207124 ], [ 32.733090061731659, -27.421566751069829 ], [ 32.733447217034993, -27.420935706674143 ], [ 32.733173201270333, -27.419671727880953 ], [ 32.734099103554811, -27.418410040939612 ], [ 32.734014743049904, -27.417146423979631 ], [ 32.73703677158133, -27.412098329791537 ], [ 32.737345887779149, -27.410835454960324 ], [ 32.73941590436484, -27.405965300792587 ], [ 32.740471850657499, -27.402300123670308 ], [ 32.741595537012373, -27.399472266022993 ], [ 32.742207300718185, -27.396946478698602 ], [ 32.742749691092861, -27.396315749756386 ], [ 32.743216014192988, -27.395053148302782 ], [ 32.744190646523926, -27.393791477962004 ], [ 32.745094405134637, -27.391266209623332 ], [ 32.745749989646072, -27.390635675037355 ], [ 32.745632052519241, -27.389833034241803 ], [ 32.746297236445706, -27.388109748289409 ], [ 32.747631545067478, -27.386848705668502 ], [ 32.747425587601107, -27.385584870482035 ], [ 32.748862900201914, -27.383866513488794 ], [ 32.748432121730154, -27.381796300460007 ], [ 32.749304901912652, -27.380534407491421 ], [ 32.749209464797865, -27.379113070145994 ], [ 32.750604711063346, -27.376746344081322 ], [ 32.750507482880629, -27.375212492262641 ], [ 32.751209635557373, -27.373942839803266 ], [ 32.75217239088186, -27.372958742832509 ], [ 32.751918796659297, -27.372326559733693 ], [ 32.752338120441443, -27.370432106106186 ], [ 32.753384285226211, -27.369170492417574 ], [ 32.753480343491091, -27.36853892907564 ], [ 32.756172450698877, -27.366364362936149 ], [ 32.7571049675363, -27.364754883814339 ], [ 32.756967805658121, -27.361595977038128 ], [ 32.757399309865541, -27.359235437434311 ], [ 32.758805798990473, -27.356545292803268 ], [ 32.758814152329073, -27.355913572938046 ], [ 32.759298937821875, -27.354650940612704 ], [ 32.759174901490987, -27.354018992290733 ], [ 32.759782097450127, -27.352124834261456 ], [ 32.76048997242895, -27.35086258142789 ], [ 32.761002008602659, -27.348336518797414 ], [ 32.762185431187788, -27.346435775847134 ], [ 32.76291095519116, -27.345812831362196 ], [ 32.762992959205022, -27.343917764236345 ], [ 32.763315855360972, -27.34265484146756 ], [ 32.7646299201622, -27.340130118637472 ], [ 32.766863771551499, -27.338870392451479 ], [ 32.766716590249779, -27.335711466589679 ], [ 32.767169440099593, -27.33525519237007 ], [ 32.768585233545849, -27.334761493551071 ], [ 32.76988684218648, -27.333189777887615 ], [ 32.769483387075226, -27.328926547802791 ], [ 32.769902500851536, -27.328036429347403 ], [ 32.770722485294471, -27.327418224328134 ], [ 32.77132031818271, -27.326142889554088 ], [ 32.771843297127404, -27.325612142550408 ], [ 32.772163233462223, -27.324349189590016 ], [ 32.772852232051846, -27.323618823505388 ], [ 32.773373433586123, -27.321824206657347 ], [ 32.772807402789319, -27.32 ] ] } },
{ "type": "Feature", "properties": { "depth_m": -40 }, "geometry": { "type": "LineString", "coordinates": [ [ 32.669800370687469, -27.62 ], [ 32.66943164764767, -27.619139883177279 ], [ 32.667736258659232, -27.61749186782853 ], [ 32.667410214327511, -27.616625958448374 ], [ 32.666245495206937, -27.615359746222968 ], [ 32.666221986337597, -27.614727981782067 ], [ 32.666777971265738, -27.613465902007036 ], [ 32.666168680455712, -27.610937605893479 ], [ 32.666296356416723, -27.610033456498389 ], [ 32.667194204503829, -27.608303966510512 ], [ 32.668030674068447, -27.607786306103513 ], [ 32.66913933116814, -27.606522760033183 ], [ 32.668643283932248, -27.605258159010752 ], [ 32.669050556891655, -27.603632511044118 ], [ 32.669459093167411, -27.603354490669481 ], [ 32.67165741840757, -27.603433658950525 ], [ 32.672298232948073, -27.602426845209546 ], [ 32.673008914212929, -27.601890118037005 ], [ 32.673445149464584, -27.602352820579316 ], [ 32.67371096969935, -27.604263687621646 ], [ 32.674419853183316, -27.604337298751879 ], [ 32.677920791497556, -27.600226323120097 ], [ 32.678207342748806, -27.597700148535239 ], [ 32.679234952407931, -27.59391226699249 ], [ 32.680630968945792, -27.591835900000582 ], [ 32.681783702289508, -27.588232737486507 ], [ 32.682778843232406, -27.586159436457866 ], [ 32.684079804082245, -27.581624599326368 ], [ 32.684846457726543, -27.580411191196664 ], [ 32.685836069073041, -27.57957652310246 ], [ 32.685585805589639, -27.57560716787583 ], [ 32.68603628848382, -27.57497647467628 ], [ 32.687979768388139, -27.573613480828012 ], [ 32.688925742893339, -27.571824414397245 ], [ 32.690110984963781, -27.566773360417965 ], [ 32.690141531568493, -27.564246576490177 ], [ 32.690349998891712, -27.563615327876981 ], [ 32.691146989444903, -27.561988465365722 ], [ 32.692115317819564, -27.560955906333152 ], [ 32.692990226424662, -27.560462618847048 ], [ 32.69343584562256, -27.559831888908274 ], [ 32.694571176637751, -27.557307533972388 ], [ 32.694740102584881, -27.556044476770538 ], [ 32.695344711226525, -27.55478237494075 ], [ 32.695045528002154, -27.550437524645154 ], [ 32.695639080192272, -27.545307298413924 ], [ 32.694651356064846, -27.542778270741316 ], [ 32.695406970484285, -27.534567624210609 ], [ 32.69501282534349, -27.53282198339237 ], [ 32.693968004731232, -27.53203759914501 ], [ 32.693935258184517, -27.531555179778369 ], [ 32.695838764287863, -27.528883121018428 ], [ 32.695991965070789, -27.528251739250699 ], [ 32.695196022250755, -27.527544598409914 ], [ 32.694255866068865, -27.527191782107359 ], [ 32.694191103902483, -27.525720923902831 ], [ 32.69520976788629, -27.522560024406623 ], [ 32.695564437362982, -27.522249068742706 ], [ 32.695922846508559, -27.520923531802818 ], [ 32.696565391887226, -27.51997947901511 ], [ 32.697148744955811, -27.517969078493266 ], [ 32.697354160141948, -27.515743360162556 ], [ 32.698063587550244, -27.515415972807922 ], [ 32.698771788303148, -27.515536957665372 ], [ 32.699123276575556, -27.514992483570197 ], [ 32.69877627154969, -27.513891199447656 ], [ 32.69806827144, -27.513700581389919 ], [ 32.698657944764278, -27.512355371658721 ], [ 32.699461202883199, -27.508676030778354 ], [ 32.700531615336637, -27.505519744588344 ], [ 32.700834747806766, -27.503625240243608 ], [ 32.702092628819095, -27.500868061156588 ], [ 32.702903707049238, -27.496049038788513 ], [ 32.702708510754462, -27.492890021419658 ], [ 32.701979555363707, -27.489729860568321 ], [ 32.702154082198518, -27.488891578020382 ], [ 32.70343295340696, -27.486574362351597 ], [ 32.704844864697861, -27.481804290938445 ], [ 32.705462579669458, -27.480458140925773 ], [ 32.706488637218534, -27.478844721300089 ], [ 32.707504110799576, -27.478370600052134 ], [ 32.708459277198486, -27.47554493119085 ], [ 32.70960657336169, -27.474584669473991 ], [ 32.70989799501303, -27.472690111186207 ], [ 32.710932635943287, -27.471208925944822 ], [ 32.711222955403478, -27.469534252835789 ], [ 32.711997552302556, -27.468272411546454 ], [ 32.712396400061039, -27.467009790139272 ], [ 32.712575355717675, -27.465114991513406 ], [ 32.713835711948022, -27.463854140571655 ], [ 32.71501677263231, -27.461792317922352 ], [ 32.716464286361301, -27.459923583051751 ], [ 32.717697897037858, -27.456913063096483 ], [ 32.718761645870913, -27.456129338640103 ], [ 32.719117884502943, -27.454389037036261 ], [ 32.720042747520758, -27.453127450067363 ], [ 32.720254748375787, -27.451923458970395 ], [ 32.722319723640801, -27.449216656509261 ], [ 32.724534373354714, -27.443728931601239 ], [ 32.725040530350114, -27.442916291482852 ], [ 32.726069902001875, -27.442572497244601 ], [ 32.72633458881117, -27.442176569559432 ], [ 32.727375483963179, -27.438612313128438 ], [ 32.728124750244, -27.43744964877958 ], [ 32.728725948964218, -27.435623465362699 ], [ 32.729289706808068, -27.432795634887729 ], [ 32.72976408538991, -27.431954536513025 ], [ 32.73270990170262, -27.428515022489275 ], [ 32.733444017180041, -27.426389015376959 ], [ 32.734709964242285, -27.424728480694267 ], [ 32.734946084390501, -27.423303533416938 ], [ 32.735960482598259, -27.420414178438488 ], [ 32.736654641067304, -27.41967834708505 ], [ 32.736495262458497, -27.417782861918671 ], [ 32.737655502221095, -27.416235572685203 ], [ 32.73863532105576, -27.413996519894077 ], [ 32.738929411141299, -27.412733613665704 ], [ 32.74163524386676, -27.405874963188261 ], [ 32.744010295881552, -27.397874952689499 ], [ 32.745726592588021, -27.394981941950658 ], [ 32.746374830565635, -27.393163735164798 ], [ 32.747469141082235, -27.39147951182315 ], [ 32.747490282779758, -27.390007104559288 ], [ 32.747777168138462, -27.3893758933973 ], [ 32.748786912019519, -27.388229463373555 ], [ 32.749556447056179, -27.386220442490437 ], [ 32.750754937487351, -27.384929243599828 ], [ 32.750798929587368, -27.384327472606088 ], [ 32.750292399645694, -27.383063103970755 ], [ 32.750305798098118, -27.381799665464111 ], [ 32.750860776578264, -27.381168925548373 ], [ 32.752042839912363, -27.378012370800239 ], [ 32.752916045808405, -27.376750454974481 ], [ 32.752934838971314, -27.375489144263984 ], [ 32.754597797042415, -27.373594760615926 ], [ 32.754725801143806, -27.372963252961664 ], [ 32.754340388714134, -27.372330842506727 ], [ 32.754511107482116, -27.371205059230409 ], [ 32.755066661935373, -27.37037596008204 ], [ 32.757902404544083, -27.367934136583425 ], [ 32.758122172843926, -27.367478917526213 ], [ 32.75861083970549, -27.367545427238962 ], [ 32.759319387513266, -27.367101885135227 ], [ 32.760567075232174, -27.365392597712074 ], [ 32.760704688450815, -27.364761100106559 ], [ 32.759193436340979, -27.36286330080096 ], [ 32.759107499644678, -27.361599685038797 ], [ 32.76179823051686, -27.353051097132365 ], [ 32.762524920793552, -27.351497790365414 ], [ 32.763403015862828, -27.347708871530859 ], [ 32.764977881473918, -27.345816324460188 ], [ 32.765460492689748, -27.343921929177409 ], [ 32.766865310277012, -27.340765602987979 ], [ 32.76994463119766, -27.336980291129422 ], [ 32.772120364935077, -27.335630043245317 ], [ 32.772826276591026, -27.334458061408519 ], [ 32.772768814727762, -27.333826231311964 ], [ 32.771730093461812, -27.331297591055471 ], [ 32.771545805686955, -27.32940207897127 ], [ 32.775053781425868, -27.322458659088259 ], [ 32.775841653059693, -27.32 ] ] } },
{ "type": "Feature", "properties": { "depth_m": -45 }, "geometry": { "type": "LineString", "coordinates": [ [ 32.670192717100228, -27.62 ], [ 32.669637195854889, -27.618957770160765 ], [ 32.668582919667209, -27.618001756457243 ], [ 32.667077772525218, -27.615993453408141 ], [ 32.666685104600838, -27.614815615677163 ], [ 32.667076907109887, -27.614098327553247 ], [ 32.667110749887421, -27.61346670070116 ], [ 32.66644114844717, -27.610938261052961 ], [ 32.666527063359595, -27.610240133749087 ], [ 32.667451704774521, -27.608534611015717 ], [ 32.669448744468255, -27.606803108514665 ], [ 32.670072683769135, -27.606524981875683 ], [ 32.669450490513654, -27.606221296514317 ], [ 32.668907671476354, -27.605258789947207 ], [ 32.669058505937528, -27.603995731785108 ], [ 32.669627465300927, -27.603515826155025 ], [ 32.671743849582803, -27.603511130825556 ], [ 32.673007893393383, -27.60223403977265 ], [ 32.673384609227398, -27.603036515350727 ], [ 32.673569431477915, -27.605146066420776 ], [ 32.673393904738731, -27.605269419152332 ], [ 32.673707845617088, -27.605318352978568 ], [ 32.674713879228463, -27.604640809830965 ], [ 32.677283809801779, -27.602138787984323 ], [ 32.678686006166629, -27.600379700203806 ], [ 32.680009539762288, -27.594545764731443 ], [ 32.681658718695417, -27.59202271437433 ], [ 32.682782596305366, -27.588235023099511 ], [ 32.683648594127362, -27.586341865690752 ], [ 32.684659317332915, -27.583185608124385 ], [ 32.685119198721551, -27.58235267217189 ], [ 32.685694091771303, -27.581924530904306 ], [ 32.685831429813781, -27.581204835764623 ], [ 32.686406656660445, -27.580541882644347 ], [ 32.686549303356031, -27.578066714384033 ], [ 32.687046504763728, -27.576873891052408 ], [ 32.68721181777525, -27.575610839107178 ], [ 32.687488168147787, -27.574979748900081 ], [ 32.688494759460703, -27.574178952258524 ], [ 32.690325541618449, -27.571195829370531 ], [ 32.691155611866279, -27.56677568664449 ], [ 32.690970050411387, -27.564248421825919 ], [ 32.691298217131589, -27.562985724470956 ], [ 32.692000645204224, -27.562119756614187 ], [ 32.694005223366617, -27.560464857821696 ], [ 32.695394116333738, -27.558826240325285 ], [ 32.69684352422302, -27.554785652702826 ], [ 32.69739619489502, -27.550364854638456 ], [ 32.697310057841037, -27.549689383048815 ], [ 32.696787030513022, -27.548892970230838 ], [ 32.697024323909631, -27.545310324746843 ], [ 32.696423019056105, -27.543413866657922 ], [ 32.696526628674938, -27.540887231492793 ], [ 32.695907756502066, -27.539590137038598 ], [ 32.695862463083358, -27.53835891686159 ], [ 32.696997015811135, -27.535834530091833 ], [ 32.696773538406234, -27.533938895037007 ], [ 32.697397117276459, -27.532676820795075 ], [ 32.697314325234466, -27.530291663915623 ], [ 32.698024111456355, -27.529867345962522 ], [ 32.698732620611793, -27.529909097340891 ], [ 32.698957067971271, -27.529521623761333 ], [ 32.698454466894439, -27.527625384118046 ], [ 32.699453295768883, -27.525477881325234 ], [ 32.700423947356676, -27.5219441863448 ], [ 32.700646721116378, -27.517522642706915 ], [ 32.702550570139586, -27.509314389078835 ], [ 32.702648075961044, -27.506787722035845 ], [ 32.704508266564481, -27.500499477526986 ], [ 32.704548653720295, -27.498523088226889 ], [ 32.703649970615857, -27.496169616582367 ], [ 32.703084936051219, -27.49245570777861 ], [ 32.70338739386537, -27.490996308857266 ], [ 32.703138816238088, -27.489732337909079 ], [ 32.703332490820742, -27.48846931053307 ], [ 32.704166609581264, -27.486575923515591 ], [ 32.70456694283704, -27.484049889788569 ], [ 32.705157292858416, -27.48208426191778 ], [ 32.705950435880524, -27.480422657936675 ], [ 32.707888855943942, -27.478833053636759 ], [ 32.709410964625292, -27.475847705507395 ], [ 32.71054222945989, -27.474878650972443 ], [ 32.711237470221008, -27.472692895415609 ], [ 32.712029662377866, -27.471431091128849 ], [ 32.712231866747977, -27.469536341392388 ], [ 32.713435378868873, -27.46734017023854 ], [ 32.713733856059953, -27.466341263343701 ], [ 32.71786467838335, -27.459279010557832 ], [ 32.718504039149529, -27.458585615835283 ], [ 32.718777975082254, -27.457546971797555 ], [ 32.719602206749727, -27.456403941587332 ], [ 32.7203268813591, -27.454391469479468 ], [ 32.721183655053444, -27.453389037103474 ], [ 32.721126975264276, -27.452497900236079 ], [ 32.722061821715684, -27.451643408605609 ], [ 32.722649914120161, -27.450605767517917 ], [ 32.723028510630172, -27.44894511976409 ], [ 32.723582201227501, -27.448573870354238 ], [ 32.723660060082821, -27.447377356443219 ], [ 32.724856839518743, -27.445284166638981 ], [ 32.725155368849165, -27.444285423622091 ], [ 32.726877161134809, -27.442401691923948 ], [ 32.728008205962503, -27.43958855312291 ], [ 32.728718574470399, -27.438639417947694 ], [ 32.729095550601969, -27.436720489169289 ], [ 32.729883415424077, -27.434826840492232 ], [ 32.730178409142916, -27.432932232536373 ], [ 32.73070378164747, -27.432163562737959 ], [ 32.731993340965104, -27.431040554161413 ], [ 32.73363263517593, -27.428516788782836 ], [ 32.733752982135876, -27.427885291624353 ], [ 32.736010401261709, -27.425523461684108 ], [ 32.736430271842167, -27.424633576109159 ], [ 32.73698209384019, -27.424101058485828 ], [ 32.737252283030898, -27.422924135114652 ], [ 32.73802014976156, -27.42283955781436 ], [ 32.73811605185989, -27.421576282502386 ], [ 32.739173638098237, -27.419683082207357 ], [ 32.738635102249908, -27.419050345692408 ], [ 32.739144457288667, -27.417569915476463 ], [ 32.739982011337268, -27.416525951252151 ], [ 32.741200198446208, -27.411815547591011 ], [ 32.743097345963449, -27.407185271429974 ], [ 32.745284887846921, -27.398384204327684 ], [ 32.747295165462198, -27.395692327295961 ], [ 32.748646365290149, -27.393310740982738 ], [ 32.749697069698868, -27.390311176624532 ], [ 32.752348736356929, -27.385091633083892 ], [ 32.751982784336988, -27.383066118465191 ], [ 32.753412146232471, -27.380347817746713 ], [ 32.754338862099814, -27.37951991801684 ], [ 32.754091245797156, -27.378647727156064 ], [ 32.754604918934362, -27.377385166863416 ], [ 32.754782856199888, -27.376122014946251 ], [ 32.756585012123189, -27.373696794209398 ], [ 32.756942232658965, -27.372118046494446 ], [ 32.758605238103478, -27.370127487302472 ], [ 32.760022186891526, -27.369321679480816 ], [ 32.762322069690306, -27.365395596500804 ], [ 32.762356963917263, -27.364763922312978 ], [ 32.761502346582063, -27.36286726396575 ], [ 32.761455570001267, -27.362235450261316 ], [ 32.762184533162667, -27.360341492016495 ], [ 32.762259184322424, -27.359160703835315 ], [ 32.762814539922573, -27.357183893671372 ], [ 32.763477319031558, -27.355921549091832 ], [ 32.763512972881706, -27.354658140468867 ], [ 32.764414915317609, -27.35339619567085 ], [ 32.765317678191018, -27.348343836960055 ], [ 32.765679578059739, -27.347668984450976 ], [ 32.76759090587737, -27.346452432124632 ], [ 32.768062499791903, -27.345821480571143 ], [ 32.768228605654706, -27.344558285213758 ], [ 32.769203621023976, -27.343296429172021 ], [ 32.768913519240101, -27.341400742109784 ], [ 32.76955034650689, -27.340138322177278 ], [ 32.770697559935947, -27.339532341487896 ], [ 32.77229687134453, -27.337777440167439 ], [ 32.772823739376257, -27.33759815441972 ], [ 32.773530475261339, -27.337924693338366 ], [ 32.774332166884982, -27.337619183510501 ], [ 32.774727835702549, -27.336988085655545 ], [ 32.775478661562467, -27.334462348884522 ], [ 32.773923727897916, -27.331932894425446 ], [ 32.774086836932746, -27.328142736791534 ], [ 32.774808363610028, -27.327370847660681 ], [ 32.774992274235579, -27.326880723040262 ], [ 32.774878605234456, -27.326248802577787 ], [ 32.775666244519023, -27.324354856617465 ], [ 32.777227633987231, -27.323210633474613 ], [ 32.779025471040107, -27.32 ] ] } },
{ "type": "Feature", "properties": { "depth_m": -50 }, "geometry": { "type": "LineString", "coordinates": [ [ 32.670735188108658, -27.62 ], [ 32.669863217948404, -27.618757506585958 ], [ 32.668824381942379, -27.617787805693851 ], [ 32.667129345609041, -27.615361869265101 ], [ 32.667376567699485, -27.612835630001729 ], [ 32.666743162917392, -27.61093898663308 ], [ 32.667177869321691, -27.609556162572385 ], [ 32.667729850375814, -27.608783735468855 ], [ 32.669403149967913, -27.607748712760156 ], [ 32.669661286014609, -27.607346489577186 ], [ 32.670215101914579, -27.607209080290961 ], [ 32.67054922780811, -27.606241567150871 ], [ 32.672033870503611, -27.605897921114281 ], [ 32.669582155599315, -27.605775974364452 ], [ 32.669157073236896, -27.605259384659814 ], [ 32.669252847786183, -27.603996195017476 ], [ 32.66980493899154, -27.603674792544901 ], [ 32.671585374049059, -27.603691354801004 ], [ 32.673006994326563, -27.602536937052363 ], [ 32.673311366828727, -27.604005806708685 ], [ 32.672906732519323, -27.605350166058056 ], [ 32.673706756931459, -27.605685871082045 ], [ 32.677773087979361, -27.602576923927721 ], [ 32.678957048510412, -27.601103802135228 ], [ 32.679635217637824, -27.599598580649442 ], [ 32.680821025447322, -27.594539535742449 ], [ 32.682408171431717, -27.593287851754383 ], [ 32.683177960233664, -27.591583560590511 ], [ 32.68409250747645, -27.588238009474104 ], [ 32.685917029584644, -27.586347015124169 ], [ 32.685806498109514, -27.585083342555599 ], [ 32.686043287539611, -27.584452166760002 ], [ 32.687242699475171, -27.583544551476969 ], [ 32.688189636463221, -27.58213867081432 ], [ 32.688431239544776, -27.580455137105346 ], [ 32.689489131864264, -27.576879373346653 ], [ 32.689151241679212, -27.574983480751957 ], [ 32.689773922282903, -27.573721448039059 ], [ 32.691067474725081, -27.572049969410216 ], [ 32.691723767428286, -27.570567226594665 ], [ 32.691997757983778, -27.564882417333767 ], [ 32.691784716393997, -27.563618518049608 ], [ 32.692037993828897, -27.56298736618092 ], [ 32.696526135670169, -27.559248754671678 ], [ 32.697448505434245, -27.557945542752453 ], [ 32.697632634166027, -27.557031530874859 ], [ 32.697925062336076, -27.556683151058056 ], [ 32.698150906114961, -27.554156784109104 ], [ 32.698844050555522, -27.551479669900093 ], [ 32.699041548544521, -27.548473283228684 ], [ 32.698764179229613, -27.546577536853604 ], [ 32.698012889507879, -27.544680760649829 ], [ 32.698036038186757, -27.541522234137656 ], [ 32.698428399778301, -27.54064630261464 ], [ 32.699413686668173, -27.540038698071847 ], [ 32.700126306842556, -27.538590729921665 ], [ 32.70037228805819, -27.537321505032729 ], [ 32.700964346642614, -27.536474836177412 ], [ 32.70109324020644, -27.534801049715981 ], [ 32.701630431613367, -27.534015720243698 ], [ 32.702496035394127, -27.530991627964763 ], [ 32.702442229585905, -27.529381953494202 ], [ 32.701581186937055, -27.528895563235292 ], [ 32.701800040912481, -27.528264315756459 ], [ 32.701222618633011, -27.526999643099845 ], [ 32.702632328128658, -27.523844078304649 ], [ 32.702917008452488, -27.521870222641073 ], [ 32.70450823457864, -27.517530899838913 ], [ 32.704299321883923, -27.51563530140352 ], [ 32.703331576314852, -27.514369804239195 ], [ 32.703357615160883, -27.513106423012104 ], [ 32.704284749337781, -27.511697364291866 ], [ 32.705697991489998, -27.511063745912587 ], [ 32.706199495615657, -27.509953861768885 ], [ 32.706301431286342, -27.505532043875277 ], [ 32.706724662736981, -27.503637779587741 ], [ 32.706151354627735, -27.501741411580017 ], [ 32.706148110794281, -27.500069067467262 ], [ 32.706956042642297, -27.49795279006743 ], [ 32.707084882997741, -27.496057902175021 ], [ 32.70682619275901, -27.495241295062304 ], [ 32.705418705399119, -27.494599817383531 ], [ 32.705205445681479, -27.494199257910118 ], [ 32.704921815025543, -27.491631290889515 ], [ 32.704141939151725, -27.490691231900072 ], [ 32.703818438529325, -27.489733785772607 ], [ 32.70411550809348, -27.48811625133845 ], [ 32.704633935395151, -27.487208636785873 ], [ 32.705055657256985, -27.484050926120126 ], [ 32.705679943835548, -27.481525362405016 ], [ 32.706658860567231, -27.480378462197713 ], [ 32.70862480526759, -27.479492536363292 ], [ 32.710854325290406, -27.477114154409882 ], [ 32.711659782245746, -27.475852380776164 ], [ 32.713867969710485, -27.470260541070015 ], [ 32.715530138216977, -27.467950894341755 ], [ 32.716021464907996, -27.466491654907266 ], [ 32.717327294343363, -27.465129074362384 ], [ 32.718740937087063, -27.464290306440375 ], [ 32.720162654412007, -27.462188479511411 ], [ 32.720469156025295, -27.45971336690312 ], [ 32.721589730844151, -27.457931522828211 ], [ 32.722090099256384, -27.456290170977265 ], [ 32.723012161055742, -27.455489743520324 ], [ 32.723185734459214, -27.455028903970184 ], [ 32.723399555611081, -27.451870706304771 ], [ 32.725858754293959, -27.444915758504727 ], [ 32.727797292653683, -27.443035217942459 ], [ 32.728485471362362, -27.441773109295521 ], [ 32.729428828280362, -27.43773230756031 ], [ 32.730491594475431, -27.435459743314489 ], [ 32.731284780856946, -27.432934369944661 ], [ 32.734690639610605, -27.429405399005024 ], [ 32.735133028559012, -27.42851964779031 ], [ 32.738086573666969, -27.426117810331991 ], [ 32.738818739802831, -27.424241661183121 ], [ 32.739364381777442, -27.423464474611077 ], [ 32.739505302587169, -27.4222106129703 ], [ 32.740196050075802, -27.421044455329817 ], [ 32.740962061353294, -27.42031814352282 ], [ 32.74073021151294, -27.419117299003279 ], [ 32.740933617269775, -27.417907122157338 ], [ 32.74143049017102, -27.417160373164471 ], [ 32.742275983902289, -27.414635024757342 ], [ 32.743245313516312, -27.413373355678736 ], [ 32.743145417007014, -27.412109715114738 ], [ 32.745090851882715, -27.405795993378788 ], [ 32.74651090018574, -27.398662434401711 ], [ 32.747971924301332, -27.396994220422513 ], [ 32.750771564262266, -27.392445268938644 ], [ 32.753980851433717, -27.385596581736902 ], [ 32.754343759394196, -27.383702026281746 ], [ 32.755039079686917, -27.382901283844884 ], [ 32.755746706854154, -27.38292855116514 ] ] } },
{ "type": "Feature", "properties": { "depth_m": -55 }, "geometry": { "type": "LineString", "coordinates": [ [ 32.671387513357828, -27.62 ], [ 32.669074268596923, -27.617566394228259 ], [ 32.668578179716327, -27.616628753031421 ], [ 32.667760448465167, -27.615995089646788 ], [ 32.667441794979787, -27.615232683459155 ], [ 32.667582622293068, -27.612836123746252 ], [ 32.667086348893399, -27.610939810328652 ], [ 32.66741982413825, -27.609677193166544 ], [ 32.667950285051781, -27.608981131479759 ], [ 32.670348888055784, -27.607328923398235 ], [ 32.670762335087154, -27.606432388147237 ], [ 32.672856961166374, -27.605899863610166 ], [ 32.671742056769034, -27.605752181855728 ], [ 32.671580798728755, -27.605225967711611 ], [ 32.671416479852951, -27.605751489102854 ], [ 32.669807722685022, -27.605576094729894 ], [ 32.669420681413534, -27.60528908475154 ], [ 32.669268218504932, -27.604794119429435 ], [ 32.669447195719727, -27.603996657992248 ], [ 32.670167071889082, -27.603727319247508 ], [ 32.671585034725027, -27.603805172012052 ], [ 32.673005891530877, -27.602908464465216 ], [ 32.673135034389482, -27.604005391570883 ], [ 32.672796384650447, -27.605447916404746 ], [ 32.672997208046489, -27.605833646206523 ], [ 32.673705864907014, -27.605986995198606 ], [ 32.678001582960256, -27.603414900247046 ], [ 32.679028687662971, -27.602434629126407 ], [ 32.681176405730497, -27.598970419057174 ], [ 32.681748908697415, -27.597708312808756 ], [ 32.682312987637161, -27.595182765075936 ], [ 32.684196140464891, -27.594395341549731 ], [ 32.685947367166257, -27.592796903596476 ], [ 32.686208428061335, -27.592033071633939 ], [ 32.686054848234441, -27.589505881212535 ], [ 32.687328652648389, -27.587067430246474 ], [ 32.687808599854783, -27.585087858070423 ], [ 32.688992486081808, -27.582563668451396 ], [ 32.689286912461668, -27.580588069627378 ], [ 32.690004159512135, -27.578775660161178 ], [ 32.690776358133512, -27.575588977447655 ], [ 32.693178969740956, -27.56993873544803 ], [ 32.69253258971812, -27.566778740965322 ], [ 32.692963697734712, -27.565853407983976 ], [ 32.694365822046322, -27.564255933504093 ], [ 32.693753928430446, -27.562991159012782 ], [ 32.695902890930363, -27.561181784001288 ], [ 32.698657238645595, -27.557539621468276 ], [ 32.700086797942468, -27.554158508220191 ], [ 32.700326864750814, -27.552898064067286 ], [ 32.700082687452003, -27.55227160669077 ], [ 32.700144907596354, -27.551586200521939 ], [ 32.700758959479373, -27.547845276264397 ], [ 32.700699220207262, -27.544054855405136 ], [ 32.700224570013603, -27.542790401405142 ], [ 32.700407222102498, -27.542159080410151 ], [ 32.699900794147517, -27.541526272312904 ], [ 32.701462547804503, -27.537664770284128 ], [ 32.701612097365285, -27.536476227917252 ], [ 32.702190241287653, -27.535150416632078 ], [ 32.70323658655068, -27.530794256732644 ], [ 32.704129847777828, -27.528269292425989 ], [ 32.704495550517116, -27.525111484742968 ], [ 32.704252632179326, -27.523215815957826 ], [ 32.70513317229247, -27.521313703462127 ], [ 32.70543004232168, -27.519428009156531 ], [ 32.706565400923786, -27.517530743718538 ], [ 32.707869674861612, -27.512484253086576 ], [ 32.708784668258083, -27.506168982913206 ], [ 32.709663542373384, -27.504275662550583 ], [ 32.709592955599973, -27.503499746033082 ], [ 32.707311936460059, -27.501267754334307 ], [ 32.707044012529217, -27.500479854551791 ], [ 32.70722476902565, -27.499767237223313 ], [ 32.708654054018062, -27.498588075387222 ], [ 32.708685712174336, -27.497324701698982 ], [ 32.710059059389302, -27.492273808242402 ], [ 32.710175027977527, -27.489747939028987 ], [ 32.709854790429958, -27.489114779157045 ], [ 32.709469697266123, -27.488912206879146 ], [ 32.709161551147233, -27.489471567421276 ], [ 32.708361711383311, -27.490021299660768 ], [ 32.706632635382242, -27.490276230269632 ], [ 32.706185713462936, -27.49060444998932 ], [ 32.705214499842754, -27.490799770505909 ], [ 32.704498191236759, -27.490375048274664 ], [ 32.704180716088146, -27.489734556210731 ], [ 32.705329697121527, -27.486038088839486 ], [ 32.705352306794509, -27.484791929844278 ], [ 32.705888659621969, -27.483420967388739 ], [ 32.706007760078791, -27.481526055073541 ], [ 32.706657768325222, -27.480790791504123 ], [ 32.708903508414032, -27.48026869803342 ], [ 32.709493324239894, -27.47990764637391 ], [ 32.711622036613406, -27.477747468584191 ], [ 32.715605830887633, -27.470551391362939 ], [ 32.720437150823138, -27.464116744276854 ], [ 32.721380581092653, -27.461974267856409 ], [ 32.722295408700752, -27.458924010049653 ], [ 32.723908148852068, -27.45629378620848 ], [ 32.724049529673735, -27.453767168933389 ], [ 32.724535204736291, -27.451241231746735 ], [ 32.726130081401912, -27.448085752469908 ], [ 32.727097768615145, -27.445560750481288 ], [ 32.728706832021267, -27.443440764754996 ], [ 32.730027113157412, -27.441144378806396 ], [ 32.730427752392039, -27.438618250730382 ], [ 32.73083743549472, -27.437981185629997 ], [ 32.730901290584903, -27.436772223082279 ], [ 32.731584874876049, -27.436118604129 ], [ 32.731631341195232, -27.435461942638639 ], [ 32.732978836102632, -27.433648201752984 ], [ 32.734397974733319, -27.432344661969665 ], [ 32.73714185663065, -27.428436580326522 ], [ 32.738883575677654, -27.426831965195664 ], [ 32.739370204091806, -27.425438517836234 ], [ 32.740496455387969, -27.423845838125327 ], [ 32.741079105695093, -27.421835757273101 ], [ 32.741960164862675, -27.420726122570176 ], [ 32.742169916369747, -27.418425198944998 ], [ 32.742635206968558, -27.417162602022589 ], [ 32.743496463239957, -27.415900732228998 ], [ 32.743802476664904, -27.414780539866811 ], [ 32.744633995055686, -27.414007634369458 ], [ 32.744860699226564, -27.413376320639749 ], [ 32.745668526396912, -27.408323965317692 ], [ 32.746495268909122, -27.405513843625073 ], [ 32.746712093952659, -27.403272029582553 ], [ 32.747211920817179, -27.401636893730501 ], [ 32.751477149963087, -27.393412245275783 ], [ 32.752186548320175, -27.392674624363508 ], [ 32.75259421432451, -27.392810763065338 ] ] } },
{ "type": "Feature", "properties": { "depth_m": -60 }, "geometry": { "type": "LineString", "coordinates": [ [ 32.672516022209066, -27.62 ], [ 32.671327277455617, -27.6193504322735 ], [ 32.670236503448535, -27.617896119683955 ], [ 32.669416639117813, -27.617498040022259 ], [ 32.668857873502212, -27.616498097370371 ], [ 32.667829440713142, -27.615519237964854 ], [ 32.667645067511671, -27.614731397500854 ], [ 32.667788681959159, -27.612836617196894 ], [ 32.667401535915282, -27.610940566075008 ], [ 32.667699457948622, -27.609677863007871 ], [ 32.668549726632541, -27.608884631660629 ], [ 32.669475380080989, -27.608446832557235 ], [ 32.670482674490906, -27.607448765474167 ], [ 32.670867171425471, -27.606738697483646 ], [ 32.674415086555626, -27.605949949812047 ], [ 32.679680059329584, -27.60365127964851 ], [ 32.681517663898511, -27.601987014560919 ], [ 32.683937815082771, -27.599230590263925 ], [ 32.685334560826085, -27.595821356853758 ], [ 32.687349927383323, -27.593419595894879 ], [ 32.687850657082336, -27.590701405169678 ], [ 32.689108878527591, -27.586985909271146 ], [ 32.689296038273469, -27.584459482666691 ], [ 32.690072927997576, -27.582566083915331 ], [ 32.690133175704872, -27.58067108392336 ], [ 32.691092920446962, -27.579038959771893 ], [ 32.691514145856338, -27.577240303232699 ], [ 32.692845595210628, -27.574908880410874 ], [ 32.693656693376987, -27.571564876706582 ], [ 32.694838922978683, -27.570574104829703 ], [ 32.69482276369795, -27.56971348392857 ], [ 32.695374496492832, -27.568680141196005 ], [ 32.694885370284268, -27.566783928164192 ], [ 32.695552700858187, -27.564034446976006 ], [ 32.695805533049786, -27.563526129285133 ], [ 32.696601624753079, -27.563074057175591 ], [ 32.696671387514748, -27.56236584527915 ], [ 32.697467601330416, -27.561316524424033 ], [ 32.697577531653714, -27.559840965002753 ], [ 32.69785026858262, -27.559209844300803 ], [ 32.700133605878953, -27.556738366535178 ], [ 32.701041802156247, -27.554794747881953 ], [ 32.701555694497493, -27.553579231453032 ], [ 32.702440796418337, -27.54867276928891 ], [ 32.703009707438035, -27.547784710839448 ], [ 32.702646853932634, -27.546585897388567 ], [ 32.703342373796275, -27.544060521529051 ], [ 32.703820740715948, -27.541534679493143 ], [ 32.703819024121429, -27.540271243971262 ], [ 32.704088539475386, -27.53964010190326 ], [ 32.703186345477334, -27.537111314008243 ], [ 32.703639143263068, -27.536448176321649 ], [ 32.703614675384799, -27.535274066053333 ], [ 32.703896056762808, -27.534778592371342 ], [ 32.704356995349158, -27.532025375875087 ], [ 32.70596962127329, -27.52827319475896 ], [ 32.706835877601932, -27.527011590178361 ], [ 32.706869590105619, -27.525748226549254 ], [ 32.707383609740745, -27.524485874130281 ], [ 32.707074692004085, -27.523221788619736 ], [ 32.708271709962283, -27.521329151417181 ], [ 32.708535092665535, -27.519937372566382 ], [ 32.709150031586162, -27.518804119908612 ], [ 32.709482218982323, -27.517541377803347 ], [ 32.708689148849771, -27.516330648330484 ], [ 32.708673462180926, -27.515628877026586 ], [ 32.711591161608226, -27.506211805280721 ], [ 32.712678728865697, -27.504653303326798 ], [ 32.712864651803649, -27.503650585896413 ], [ 32.712537850016808, -27.502776746222988 ], [ 32.711490016554436, -27.501752583398535 ], [ 32.711316879005707, -27.501120504547643 ], [ 32.711920703964459, -27.49859487630534 ], [ 32.711876819841635, -27.497331345279566 ], [ 32.71211908615529, -27.496553686905312 ], [ 32.711668551203964, -27.492908872466192 ], [ 32.712279379472022, -27.490383253904909 ], [ 32.711688383934003, -27.48785514832808 ], [ 32.710890454505872, -27.487367904197718 ], [ 32.710181952331766, -27.487425191615561 ], [ 32.708769993740049, -27.48848079370217 ], [ 32.70861120027562, -27.488978426656754 ], [ 32.708051381192092, -27.489515858780383 ], [ 32.706628729775716, -27.489734995215521 ], [ 32.705215631397898, -27.490374873283141 ], [ 32.704541794063381, -27.489735323159458 ], [ 32.704742552987845, -27.488472308767239 ], [ 32.705461105947478, -27.486578668673786 ], [ 32.705728897253564, -27.484684072050445 ], [ 32.706191783347869, -27.484053328674161 ], [ 32.706417328203536, -27.481526919397318 ], [ 32.706915997586151, -27.481127361294547 ], [ 32.70961711754002, -27.48038169562993 ], [ 32.711883568831176, -27.478379731932879 ], [ 32.713044269981729, -27.476270811370902 ], [ 32.716992618866534, -27.47052768995388 ], [ 32.720860702529627, -27.466215420190018 ], [ 32.722388290833486, -27.463239727287903 ], [ 32.722832598432724, -27.460081993607048 ], [ 32.724214669629902, -27.457371300952389 ], [ 32.724677517277712, -27.453987263424388 ], [ 32.725260882904543, -27.45187438941058 ], [ 32.727280283461461, -27.447671935272943 ], [ 32.728695782861436, -27.444932145781621 ], [ 32.732539798313105, -27.438622320176535 ], [ 32.733540558495676, -27.436729058606698 ], [ 32.73386683374747, -27.435466229310954 ], [ 32.734997913857384, -27.433479201984778 ], [ 32.737946216640097, -27.42885760103314 ], [ 32.739515911362503, -27.427398555936929 ], [ 32.740071116633814, -27.426002034818822 ], [ 32.740967883320991, -27.424901342671017 ], [ 32.742209172309686, -27.422215947602609 ], [ 32.743122294865465, -27.421134433811531 ], [ 32.7436144798519, -27.418427862725114 ], [ 32.744961905817419, -27.415903420291734 ], [ 32.746091514748088, -27.415565635089386 ], [ 32.746473134208472, -27.415211637055375 ] ] } },
{ "type": "Feature", "properties": { "depth_m": -65 }, "geometry": { "type": "LineString", "coordinates": [ [ 32.673145047563729, -27.62 ], [ 32.67185683877198, -27.61916337669043 ], [ 32.670126126767627, -27.617397400345524 ], [ 32.669555865131194, -27.617139720530183 ], [ 32.668712468710133, -27.615831187310157 ], [ 32.668004971486212, -27.615274670274498 ], [ 32.6678295054693, -27.614731839125657 ], [ 32.667994737576727, -27.612837110331849 ], [ 32.667665076667177, -27.610941197435928 ], [ 32.667979090755189, -27.609678532283343 ], [ 32.669614335805647, -27.608571238639701 ], [ 32.671292478381282, -27.606907194111411 ], [ 32.672995581037043, -27.606381683245512 ], [ 32.673704641864454, -27.606399854715242 ], [ 32.67796374636837, -27.604889675040933 ], [ 32.678671964811258, -27.605193675953501 ], [ 32.679381133715211, -27.605172490219864 ], [ 32.680527479841821, -27.604654312755663 ], [ 32.685067439889366, -27.6004680453538 ], [ 32.686615628452579, -27.600246224865668 ], [ 32.688711960978573, -27.59717243441629 ], [ 32.690100401162496, -27.591449353275777 ], [ 32.691850485508404, -27.58858340531285 ], [ 32.692109641634701, -27.585097460971419 ], [ 32.691982046155083, -27.583833754838427 ], [ 32.692470882629038, -27.581307991152887 ], [ 32.69505726953134, -27.577788615113953 ], [ 32.697623144052471, -27.57626560733501 ], [ 32.69759956354897, -27.57563384345038 ], [ 32.697191217284711, -27.575183460646681 ], [ 32.695590529368772, -27.574530589964283 ], [ 32.695278980727707, -27.573733634006061 ], [ 32.696289727419263, -27.573104135852734 ], [ 32.696567149582137, -27.572542122588718 ], [ 32.696422972695842, -27.571271750009071 ], [ 32.696648795143098, -27.569946355895958 ], [ 32.697207443343189, -27.569272523698796 ], [ 32.698491621848078, -27.568686941525616 ], [ 32.698787966515383, -27.56805587111689 ], [ 32.698752649998703, -27.567315274658334 ], [ 32.698292768715184, -27.566488314100152 ], [ 32.70005075492714, -27.566401821198948 ], [ 32.701589676815431, -27.565535064443857 ], [ 32.701473681821028, -27.564476278242051 ], [ 32.700891382177495, -27.564158089706623 ], [ 32.699348721208004, -27.563897123851973 ], [ 32.6986420704309, -27.563094614319922 ], [ 32.699326389507441, -27.562347942591536 ], [ 32.698655237499167, -27.55921159237495 ], [ 32.700073372390612, -27.558080397552267 ], [ 32.700782055259921, -27.558125494481658 ], [ 32.701469975681015, -27.557301936558197 ], [ 32.702672984923971, -27.556479554873576 ], [ 32.703518325075336, -27.55480005356269 ], [ 32.703675247067771, -27.553536958815055 ], [ 32.703198208853188, -27.552904226019525 ], [ 32.703648014803804, -27.550378326124672 ], [ 32.705775467041747, -27.543427345340891 ], [ 32.706533127776154, -27.542172148027905 ], [ 32.706523248543803, -27.540908695245381 ], [ 32.709598051262688, -27.537124854848742 ], [ 32.710493642033711, -27.535231572972435 ], [ 32.710543924621007, -27.534599961875774 ], [ 32.709902676136842, -27.534106793217735 ], [ 32.709622741936052, -27.533334607511229 ], [ 32.710150828337852, -27.530808841642965 ], [ 32.710359530720595, -27.528914125096886 ], [ 32.710209193672, -27.528162645364571 ], [ 32.70968780961541, -27.527364778059702 ], [ 32.708661092519243, -27.526976752594418 ], [ 32.708444992739331, -27.526383255809559 ], [ 32.708663863932991, -27.525925387768329 ], [ 32.709238876903775, -27.525633442490424 ], [ 32.709579970877229, -27.523227042856451 ], [ 32.7104097426161, -27.52196533754746 ], [ 32.710864314772984, -27.520702847457695 ], [ 32.711682721203005, -27.519590827394353 ], [ 32.712053933470926, -27.518178443787871 ], [ 32.7129404853791, -27.516288090460975 ], [ 32.714660761787329, -27.514660088859682 ], [ 32.713980421437384, -27.509338357500397 ], [ 32.714685430381657, -27.508350430476153 ], [ 32.71508649238298, -27.508372304500472 ], [ 32.715152927276371, -27.507388617839968 ], [ 32.715089562328075, -27.50718047317724 ], [ 32.714470291765977, -27.507444206104182 ], [ 32.714379413065686, -27.507827238446108 ], [ 32.713830747851738, -27.508218004701796 ], [ 32.71351929655264, -27.507578049326849 ], [ 32.714679581327466, -27.500495720441887 ], [ 32.714298040233537, -27.499953903639106 ], [ 32.713692083061126, -27.499653918228905 ], [ 32.713510440911023, -27.499229878328673 ], [ 32.713555810839615, -27.49670309117435 ], [ 32.713980472762024, -27.493545363480905 ], [ 32.713440013022463, -27.491261513234981 ], [ 32.713425962335755, -27.489753898543931 ], [ 32.712894957401794, -27.48785764229174 ], [ 32.712308499604887, -27.486852016014158 ], [ 32.710892596368545, -27.486547719329799 ], [ 32.710183696515848, -27.486758927164892 ], [ 32.707983221106034, -27.489048981666162 ], [ 32.705216512186752, -27.490044131927924 ], [ 32.704891208113146, -27.489736064441569 ], [ 32.704893743252761, -27.488813590459323 ], [ 32.705723157514427, -27.48657922292508 ], [ 32.705842401318947, -27.485231091298807 ], [ 32.706629559555466, -27.484054251960153 ], [ 32.706654156639352, -27.482154166536883 ], [ 32.706995824712159, -27.481528138162819 ], [ 32.709860157568592, -27.480599472522947 ], [ 32.711935293745242, -27.479011560796678 ], [ 32.713385031335172, -27.4767928076764 ], [ 32.716345943450413, -27.473747256207904 ], [ 32.716593531960548, -27.473200363206345 ], [ 32.719431155187735, -27.471393685523811 ], [ 32.720141954346794, -27.470384722148413 ], [ 32.720688031632939, -27.468921836231033 ], [ 32.72223016786036, -27.466398028181271 ], [ 32.723742139352474, -27.463205789306166 ], [ 32.725138167471293, -27.454860226045611 ], [ 32.726771218564409, -27.450798369328957 ], [ 32.73136714766752, -27.442410420033859 ], [ 32.733644785561481, -27.439863674710622 ], [ 32.733695373548883, -27.439236672180211 ], [ 32.735260162966782, -27.436246472612222 ], [ 32.735751217607728, -27.434787269860568 ], [ 32.738652406325052, -27.429617585679843 ], [ 32.739059740906178, -27.429522031916196 ], [ 32.73988808031541, -27.428365118527971 ], [ 32.742204234178445, -27.424490952154937 ], [ 32.74362068621209, -27.424253350969703 ] ] } }
]
}
