{"type": "FeatureCollection", "name": "icesat2_tracks", "features": [{"type": "Feature", "properties": {"track": "1340-1-5", "n": 98}, "geometry": {"type": "LineString", "coordinates": [[32.81992, -27.53104], [32.819709, -27.529067], [32.819708, -27.529054], [32.819704, -27.529016], [32.819699, -27.528978], [32.819699, -27.528978], [32.819698, -27.528971], [32.819697, -27.528959], [32.819693, -27.528927], [32.818105, -27.514498], [32.818099, -27.514441], [32.818097, -27.514422], [32.818058, -27.514068], [32.818054, -27.51403], [32.818048, -27.513973], [32.818045, -27.513948], [32.818029, -27.513801], [32.818023, -27.513744], [32.818015, -27.513674], [32.818009, -27.513617], [32.817871, -27.512379], [32.817869, -27.51236], [32.817868, -27.512347], [32.817681, -27.510594], [32.817677, -27.510555], [32.817673, -27.510524], [32.815772, -27.493185], [32.815764, -27.493115], [32.81576, -27.493077], [32.815756, -27.493044], [32.81574, -27.492904], [32.815725, -27.492769], [32.814171, -27.478641], [32.814163, -27.478565], [32.814113, -27.478112], [32.81411, -27.478087], [32.814083, -27.477851], [32.811807, -27.457101], [32.811801, -27.457036], [32.81179, -27.456934], [32.811775, -27.456793], [32.810878, -27.44858], [32.810875, -27.448549], [32.810816, -27.44803], [32.810806, -27.447948], [32.810802, -27.44791], [32.810754, -27.447484], [32.810753, -27.447478], [32.810706, -27.447048], [32.810695, -27.446939], [32.810687, -27.446869], [32.810679, -27.446792], [32.81043, -27.444544], [32.810394, -27.444206], [32.810374, -27.444014], [32.810368, -27.44395], [32.810356, -27.443842], [32.810032, -27.440875], [32.807817, -27.42067], [32.80781, -27.4206], [32.807794, -27.420448], [32.807777, -27.420296], [32.806919, -27.412482], [32.806905, -27.412354], [32.806881, -27.412144], [32.806874, -27.41208], [32.80684, -27.411773], [32.806386, -27.40763], [32.806381, -27.407579], [32.806373, -27.407503], [32.80634, -27.407205], [32.806335, -27.407154], [32.80444, -27.389863], [32.804434, -27.389812], [32.80443, -27.389774], [32.802569, -27.372795], [32.802566, -27.372763], [32.80256, -27.372707], [32.802555, -27.372656], [32.802552, -27.372631], [32.802546, -27.37258], [32.801999, -27.367609], [32.80198, -27.367425], [32.801974, -27.367361], [32.801965, -27.367279], [32.800632, -27.355211], [32.800629, -27.355186], [32.800626, -27.355154], [32.798325, -27.334167], [32.798322, -27.334136], [32.798322, -27.334136], [32.798011, -27.331283], [32.797999, -27.331181], [32.79797, -27.330915], [32.797951, -27.33075], [32.797422, -27.325901], [32.79742, -27.325876], [32.797412, -27.325812]]}}, {"type": "Feature", "properties": {"track": "1340-1-6", "n": 27}, "geometry": {"type": "LineString", "coordinates": [[32.818699, -27.528156], [32.818695, -27.528117], [32.818689, -27.52806], [32.818163, -27.523231], [32.81816, -27.523205], [32.818159, -27.523192], [32.818154, -27.523148], [32.818153, -27.523141], [32.81815, -27.52311], [32.81814, -27.52302], [32.817875, -27.520655], [32.816957, -27.512282], [32.816951, -27.512225], [32.816945, -27.512174], [32.81585, -27.502213], [32.815849, -27.502201], [32.815846, -27.502175], [32.81141, -27.461689], [32.809952, -27.448432], [32.809891, -27.447865], [32.809875, -27.447712], [32.809874, -27.447705], [32.809869, -27.447654], [32.809151, -27.441111], [32.809145, -27.441054], [32.809143, -27.441035], [32.802194, -27.377654]]}}, {"type": "Feature", "properties": {"track": "1340-11-1", "n": 472}, "geometry": {"type": "LineString", "coordinates": [[32.735671, -27.390061], [32.73567, -27.390048], [32.735666, -27.39001], [32.735664, -27.389997], [32.735508, -27.388588], [32.735497, -27.388485], [32.735496, -27.388479], [32.735495, -27.388466], [32.735479, -27.388305], [32.735461, -27.388132], [32.735458, -27.388106], [32.735455, -27.388074], [32.735392, -27.387497], [32.735392, -27.387497], [32.735387, -27.387445], [32.735387, -27.387445], [32.735382, -27.387407], [32.735381, -27.3874], [32.73538, -27.387388], [32.735379, -27.387375], [32.735376, -27.387349], [32.735375, -27.387343], [32.735371, -27.387311], [32.735353, -27.387151], [32.735346, -27.387087], [32.735345, -27.387081], [32.735342, -27.387049], [32.735341, -27.387043], [32.735338, -27.387017], [32.735336, -27.386998], [32.735336, -27.386998], [32.735331, -27.38696], [32.735328, -27.386935], [32.735325, -27.386909], [32.735325, -27.386903], [32.73532, -27.386865], [32.735312, -27.386795], [32.735305, -27.386732], [32.7353, -27.386688], [32.735293, -27.386625], [32.735292, -27.386618], [32.735288, -27.386587], [32.735288, -27.386587], [32.735285, -27.386562], [32.73528, -27.386517], [32.735277, -27.386492], [32.735269, -27.386417], [32.735263, -27.386367], [32.735259, -27.38633], [32.735252, -27.386267], [32.735247, -27.38623], [32.735247, -27.386223], [32.73524, -27.386167], [32.735237, -27.386136], [32.735233, -27.386099], [32.73523, -27.386074], [32.735209, -27.385892], [32.735205, -27.385848], [32.735202, -27.38583], [32.7352, -27.385811], [32.735196, -27.385773], [32.735191, -27.385723], [32.735186, -27.385685], [32.735186, -27.385679], [32.73518, -27.385629], [32.735177, -27.385603], [32.735175, -27.385585], [32.735172, -27.385559], [32.735171, -27.385547], [32.735161, -27.385458], [32.735154, -27.385395], [32.735153, -27.385388], [32.735148, -27.385338], [32.735147, -27.385331], [32.735144, -27.385306], [32.735142, -27.385287], [32.735141, -27.385281], [32.735141, -27.385275], [32.735135, -27.385223], [32.735131, -27.385185], [32.735128, -27.385166], [32.735128, -27.385159], [32.735125, -27.385133], [32.735125, -27.385133], [32.735112, -27.385011], [32.73511, -27.384998], [32.735108, -27.384979], [32.735102, -27.38492], [32.7351, -27.384907], [32.735097, -27.384882], [32.735095, -27.384862], [32.735087, -27.384791], [32.735084, -27.384758], [32.735081, -27.384739], [32.735081, -27.384733], [32.735078, -27.384707], [32.735078, -27.384707], [32.735077, -27.384694], [32.735072, -27.384655], [32.735071, -27.384648], [32.735067, -27.384609], [32.735067, -27.384603], [32.735067, -27.384603], [32.735067, -27.384603], [32.735064, -27.384583], [32.735057, -27.384518], [32.735057, -27.384512], [32.735056, -27.384505], [32.735051, -27.38446], [32.735045, -27.384408], [32.735044, -27.384402], [32.73504, -27.384363], [32.735035, -27.384317], [32.735033, -27.384291], [32.735028, -27.384253], [32.735028, -27.384246], [32.735018, -27.384155], [32.735009, -27.384071], [32.735008, -27.384065], [32.735003, -27.38402], [32.734997, -27.383962], [32.734995, -27.383949], [32.734995, -27.383949], [32.734991, -27.38391], [32.734989, -27.383891], [32.734988, -27.383885], [32.734988, -27.383885], [32.734984, -27.383846], [32.734974, -27.383757], [32.734974, -27.38375], [32.734973, -27.383744], [32.734969, -27.383712], [32.734967, -27.383687], [32.734962, -27.383642], [32.734959, -27.383616], [32.734959, -27.383616], [32.734953, -27.383559], [32.734953, -27.383559], [32.73495, -27.383534], [32.734949, -27.383521], [32.734942, -27.383464], [32.734943, -27.383464], [32.734942, -27.383457], [32.734941, -27.383451], [32.734941, -27.383451], [32.734938, -27.383419], [32.734937, -27.383413], [32.734927, -27.383318], [32.734924, -27.383293], [32.734918, -27.383236], [32.734916, -27.383223], [32.734911, -27.383173], [32.734909, -27.383154], [32.734907, -27.383141], [32.734907, -27.383141], [32.734907, -27.383135], [32.734907, -27.383135], [32.734903, -27.383103], [32.734903, -27.383097], [32.734902, -27.38309], [32.734901, -27.383084], [32.734898, -27.383059], [32.734892, -27.383002], [32.734888, -27.382964], [32.734885, -27.382939], [32.734881, -27.382901], [32.734881, -27.382901], [32.734872, -27.382819], [32.734866, -27.382762], [32.734865, -27.382756], [32.734864, -27.382744], [32.734863, -27.382737], [32.734862, -27.382725], [32.73486, -27.382712], [32.734859, -27.382706], [32.734859, -27.382699], [32.734855, -27.382668], [32.734855, -27.382662], [32.734848, -27.382605], [32.734839, -27.382517], [32.734838, -27.38251], [32.734838, -27.38251], [32.734835, -27.382485], [32.734833, -27.382466], [32.734832, -27.38246], [32.734829, -27.382428], [32.734826, -27.382403], [32.734824, -27.382384], [32.734815, -27.382308], [32.734815, -27.382302], [32.734814, -27.382296], [32.734813, -27.38229], [32.734813, -27.382283], [32.734811, -27.382271], [32.73481, -27.382258], [32.73481, -27.382258], [32.734805, -27.382214], [32.734805, -27.382214], [32.734801, -27.382182], [32.734793, -27.382112], [32.734793, -27.382106], [32.734789, -27.382074], [32.734788, -27.382068], [32.734787, -27.382055], [32.734786, -27.382049], [32.734783, -27.382017], [32.734782, -27.382011], [32.734781, -27.382005], [32.73477, -27.381903], [32.734769, -27.381897], [32.734767, -27.381884], [32.734767, -27.381884], [32.734766, -27.381871], [32.734765, -27.381865], [32.734764, -27.381852], [32.734762, -27.381839], [32.734758, -27.381801], [32.734757, -27.381795], [32.734746, -27.381693], [32.734743, -27.381674], [32.734743, -27.381667], [32.734739, -27.381635], [32.734738, -27.381629], [32.734738, -27.381622], [32.734733, -27.381578], [32.734728, -27.381539], [32.734726, -27.38152], [32.734725, -27.381507], [32.734725, -27.381507], [32.734724, -27.381501], [32.734722, -27.381482], [32.734722, -27.381482], [32.734722, -27.381482], [32.734721, -27.381475], [32.73472, -27.381469], [32.734717, -27.381444], [32.734714, -27.381411], [32.734705, -27.38134], [32.734703, -27.381321], [32.734703, -27.381321], [32.734703, -27.381321], [32.734696, -27.381263], [32.734687, -27.381179], [32.734686, -27.381172], [32.734686, -27.381172], [32.734684, -27.381153], [32.734684, -27.381153], [32.734682, -27.381134], [32.734675, -27.381075], [32.734665, -27.380991], [32.734665, -27.380985], [32.734664, -27.380978], [32.734659, -27.38094], [32.734659, -27.380933], [32.734657, -27.38092], [32.734654, -27.380888], [32.734639, -27.380759], [32.734637, -27.380746], [32.734635, -27.38072], [32.73463, -27.380681], [32.734629, -27.380668], [32.734619, -27.380585], [32.734616, -27.380552], [32.734612, -27.38052], [32.734612, -27.380514], [32.734609, -27.380495], [32.734605, -27.38045], [32.734605, -27.38045], [32.734603, -27.38043], [32.734602, -27.380424], [32.734599, -27.380398], [32.734598, -27.380385], [32.734595, -27.380366], [32.734593, -27.380347], [32.734593, -27.380347], [32.734588, -27.380296], [32.734584, -27.380264], [32.734582, -27.380238], [32.734563, -27.380066], [32.734561, -27.380047], [32.734561, -27.380047], [32.73455, -27.379939], [32.73455, -27.379933], [32.734548, -27.379914], [32.734547, -27.379901], [32.734545, -27.379889], [32.734545, -27.379882], [32.734545, -27.379882], [32.734543, -27.379863], [32.73454, -27.379838], [32.734539, -27.379826], [32.734537, -27.379807], [32.734537, -27.379807], [32.734537, -27.3798], [32.734537, -27.3798], [32.734533, -27.379769], [32.734533, -27.379763], [32.734532, -27.379756], [32.734531, -27.379744], [32.73453, -27.379737], [32.734524, -27.379674], [32.734523, -27.379668], [32.734523, -27.379662], [32.734522, -27.379656], [32.734519, -27.379624], [32.734514, -27.379574], [32.734512, -27.379561], [32.734511, -27.379549], [32.734511, -27.379542], [32.734511, -27.379542], [32.7345, -27.379442], [32.7345, -27.379435], [32.734498, -27.379423], [32.734495, -27.379385], [32.734493, -27.379372], [32.734489, -27.379328], [32.734487, -27.379309], [32.734486, -27.379303], [32.734466, -27.379107], [32.734462, -27.379069], [32.734459, -27.379038], [32.734448, -27.378943], [32.734446, -27.378917], [32.734444, -27.378899], [32.73444, -27.37886], [32.73444, -27.37886], [32.734433, -27.378797], [32.734427, -27.378745], [32.734426, -27.378739], [32.734426, -27.378739], [32.734425, -27.378726], [32.734422, -27.378701], [32.734422, -27.378701], [32.734421, -27.378694], [32.734421, -27.378694], [32.73442, -27.378688], [32.734419, -27.378675], [32.734418, -27.378668], [32.734412, -27.378611], [32.734412, -27.378611], [32.73441, -27.378598], [32.734407, -27.378572], [32.734406, -27.378566], [32.734396, -27.378476], [32.734395, -27.378469], [32.734394, -27.378457], [32.734388, -27.378405], [32.734386, -27.378392], [32.734386, -27.378392], [32.73438, -27.378334], [32.734379, -27.378328], [32.734375, -27.378296], [32.734372, -27.37827], [32.734372, -27.37827], [32.734368, -27.378238], [32.734368, -27.378231], [32.734368, -27.378231], [32.734365, -27.378206], [32.734364, -27.378199], [32.734363, -27.378193], [32.734363, -27.378193], [32.734359, -27.378161], [32.734353, -27.378109], [32.734353, -27.378103], [32.734353, -27.378103], [32.734348, -27.378064], [32.734346, -27.378045], [32.734344, -27.378032], [32.734336, -27.377961], [32.734314, -27.377768], [32.73431, -27.377742], [32.734309, -27.377729], [32.734307, -27.37771], [32.734292, -27.377582], [32.734285, -27.377518], [32.734282, -27.377492], [32.73428, -27.377473], [32.734279, -27.377466], [32.734278, -27.37746], [32.734278, -27.37746], [32.734277, -27.377454], [32.734277, -27.377447], [32.734273, -27.377415], [32.734272, -27.377403], [32.734271, -27.377396], [32.734271, -27.377396], [32.73427, -27.37739], [32.73427, -27.37739], [32.734268, -27.377364], [32.734264, -27.377332], [32.734263, -27.377326], [32.734258, -27.377275], [32.734257, -27.377269], [32.734253, -27.37723], [32.734251, -27.377211], [32.734248, -27.377192], [32.734246, -27.377167], [32.734243, -27.377141], [32.734243, -27.377141], [32.734241, -27.377129], [32.73424, -27.377116], [32.734239, -27.37711], [32.734237, -27.37709], [32.734234, -27.377065], [32.734233, -27.377052], [32.734232, -27.377046], [32.734231, -27.377033], [32.734229, -27.377014], [32.734226, -27.376989], [32.734223, -27.376957], [32.73422, -27.376931], [32.734218, -27.376912], [32.734213, -27.376868], [32.734212, -27.376862], [32.734211, -27.376855], [32.734211, -27.376855], [32.734208, -27.376824], [32.734204, -27.376792], [32.734203, -27.376779], [32.7342, -27.376754], [32.7342, -27.376747], [32.734198, -27.376728], [32.734197, -27.376722], [32.734196, -27.376709], [32.734195, -27.376703], [32.734193, -27.376684], [32.734193, -27.376684], [32.734193, -27.376684], [32.734192, -27.376678], [32.734192, -27.376678], [32.734191, -27.376665], [32.73419, -27.376659], [32.734189, -27.376652], [32.734186, -27.376621], [32.734185, -27.376614], [32.734184, -27.376608], [32.734184, -27.376602], [32.734181, -27.376576], [32.73418, -27.37657], [32.734178, -27.376544], [32.734177, -27.376538], [32.734171, -27.376481], [32.73417, -27.376475], [32.73417, -27.376475], [32.73417, -27.376475], [32.73417, -27.376475], [32.734161, -27.376392], [32.73416, -27.376386], [32.734159, -27.376373], [32.734159, -27.376373], [32.734158, -27.376367], [32.734157, -27.376361], [32.734155, -27.376342], [32.734153, -27.376323], [32.734153, -27.376316], [32.734153, -27.376316], [32.734146, -27.376253], [32.734146, -27.376253], [32.734143, -27.376227], [32.734141, -27.376208], [32.734136, -27.376164], [32.734134, -27.376145], [32.734133, -27.376139], [32.734132, -27.376126], [32.734132, -27.376126], [32.73413, -27.376113], [32.734127, -27.376088], [32.734127, -27.376081], [32.734127, -27.376081], [32.73412, -27.376024], [32.734114, -27.375967], [32.734091, -27.375758]]}}, {"type": "Feature", "properties": {"track": "1340-11-2", "n": 40}, "geometry": {"type": "LineString", "coordinates": [[32.752778, -27.553594], [32.752776, -27.553575], [32.734533, -27.38768], [32.734528, -27.387635], [32.734524, -27.387597], [32.734523, -27.387584], [32.734464, -27.387016], [32.734429, -27.386691], [32.73442, -27.386608], [32.73442, -27.386601], [32.734409, -27.386499], [32.734402, -27.386436], [32.734401, -27.386429], [32.734396, -27.386378], [32.73439, -27.386327], [32.73438, -27.386232], [32.734376, -27.3862], [32.73434, -27.385875], [32.734336, -27.385837], [32.734334, -27.385818], [32.734332, -27.385805], [32.734332, -27.385805], [32.734323, -27.385722], [32.734232, -27.384932], [32.734232, -27.384932], [32.73423, -27.384907], [32.734229, -27.384907], [32.734187, -27.384538], [32.734182, -27.384487], [32.734173, -27.38441], [32.734167, -27.384359], [32.734154, -27.384238], [32.734154, -27.384238], [32.733989, -27.382712], [32.733986, -27.382686], [32.733981, -27.382642], [32.733979, -27.382623], [32.733599, -27.379126], [32.733597, -27.379101], [32.733592, -27.379056]]}}, {"type": "Feature", "properties": {"track": "1340-11-3", "n": 166}, "geometry": {"type": "LineString", "coordinates": [[32.70875, -27.445432], [32.708736, -27.44531], [32.708735, -27.445297], [32.708731, -27.445259], [32.708729, -27.445246], [32.708727, -27.445227], [32.708687, -27.444869], [32.708683, -27.444837], [32.708682, -27.44483], [32.708682, -27.44483], [32.708681, -27.444818], [32.70867, -27.444716], [32.708665, -27.444671], [32.708661, -27.44464], [32.708659, -27.44462], [32.708654, -27.444582], [32.708646, -27.444506], [32.708642, -27.444474], [32.708635, -27.444411], [32.70863, -27.44436], [32.70862, -27.444272], [32.708619, -27.444259], [32.708614, -27.444215], [32.708609, -27.44417], [32.708591, -27.444006], [32.708589, -27.443987], [32.708587, -27.443968], [32.708583, -27.44393], [32.708582, -27.443918], [32.70858, -27.443899], [32.708579, -27.443892], [32.708579, -27.443892], [32.708574, -27.443848], [32.708572, -27.443823], [32.708572, -27.443823], [32.708568, -27.443792], [32.708566, -27.443767], [32.708561, -27.443716], [32.708554, -27.443653], [32.708553, -27.443647], [32.708547, -27.443584], [32.708547, -27.443584], [32.70854, -27.443515], [32.708533, -27.443452], [32.708531, -27.443433], [32.708524, -27.443357], [32.708519, -27.443306], [32.708512, -27.443243], [32.70851, -27.443224], [32.708509, -27.443212], [32.708506, -27.443186], [32.708502, -27.443148], [32.708498, -27.443111], [32.708496, -27.443085], [32.708495, -27.443079], [32.708494, -27.443066], [32.708488, -27.443009], [32.708487, -27.442997], [32.708486, -27.44299], [32.708482, -27.442946], [32.708476, -27.442889], [32.708475, -27.442882], [32.708468, -27.442812], [32.708468, -27.442812], [32.708465, -27.442781], [32.708465, -27.442781], [32.708459, -27.442724], [32.708458, -27.442711], [32.708453, -27.442666], [32.70845, -27.442641], [32.708448, -27.442621], [32.708447, -27.442609], [32.70844, -27.442538], [32.708435, -27.442493], [32.708433, -27.442481], [32.708433, -27.442481], [32.708434, -27.44248], [32.708431, -27.442461], [32.708421, -27.442359], [32.708419, -27.442346], [32.708418, -27.442333], [32.708416, -27.44232], [32.708416, -27.44232], [32.708414, -27.442295], [32.708407, -27.44223], [32.708401, -27.442173], [32.708395, -27.442115], [32.70839, -27.44207], [32.708386, -27.442031], [32.708385, -27.442025], [32.708373, -27.441915], [32.708372, -27.441903], [32.708371, -27.441896], [32.70837, -27.44189], [32.708368, -27.44187], [32.708365, -27.441838], [32.708362, -27.441813], [32.708351, -27.441716], [32.708343, -27.441645], [32.708343, -27.441645], [32.708341, -27.441626], [32.70834, -27.44162], [32.708341, -27.44162], [32.708339, -27.441607], [32.708339, -27.441607], [32.708338, -27.441601], [32.708338, -27.441594], [32.708337, -27.441588], [32.708336, -27.441575], [32.708334, -27.441562], [32.708334, -27.441562], [32.708333, -27.441549], [32.708331, -27.441536], [32.708324, -27.441472], [32.708322, -27.441453], [32.708317, -27.441408], [32.708314, -27.441382], [32.708313, -27.441376], [32.708309, -27.441337], [32.708308, -27.441325], [32.708303, -27.441286], [32.708302, -27.441274], [32.708301, -27.441267], [32.708297, -27.441229], [32.708296, -27.441222], [32.708293, -27.441197], [32.708293, -27.44119], [32.708262, -27.440916], [32.708255, -27.440852], [32.708255, -27.440852], [32.708253, -27.440839], [32.70825, -27.440814], [32.70825, -27.440814], [32.708219, -27.44054], [32.708214, -27.440495], [32.708212, -27.440476], [32.708203, -27.4404], [32.708177, -27.440164], [32.708175, -27.440152], [32.70817, -27.440107], [32.708165, -27.440062], [32.708163, -27.440043], [32.708162, -27.440031], [32.708157, -27.439986], [32.708144, -27.439865], [32.708143, -27.439858], [32.70814, -27.439833], [32.708139, -27.439827], [32.708139, -27.43982], [32.708137, -27.439807], [32.70813, -27.439737], [32.708129, -27.439731], [32.708129, -27.439731], [32.70812, -27.439648], [32.708118, -27.439635], [32.708118, -27.439635], [32.708116, -27.439616], [32.708114, -27.439597], [32.708113, -27.439591], [32.708113, -27.439584], [32.708113, -27.439584], [32.70811, -27.439559], [32.708109, -27.439546], [32.708107, -27.439533], [32.708095, -27.439419], [32.708084, -27.439323]]}}, {"type": "Feature", "properties": {"track": "1340-11-4", "n": 18}, "geometry": {"type": "LineString", "coordinates": [[32.722711, -27.581351], [32.722679, -27.581058], [32.70754, -27.443003], [32.707539, -27.442997], [32.707536, -27.442965], [32.707535, -27.442959], [32.707516, -27.442786], [32.707514, -27.442767], [32.707395, -27.441665], [32.707391, -27.441633], [32.707387, -27.441595], [32.707382, -27.44155], [32.707382, -27.441544], [32.707367, -27.44141], [32.707363, -27.441372], [32.707362, -27.441366], [32.707347, -27.441226], [32.707346, -27.441219]]}}, {"type": "Feature", "properties": {"track": "1340-11-5", "n": 559}, "geometry": {"type": "LineString", "coordinates": [[32.68606, -27.540547], [32.686052, -27.540472], [32.686051, -27.540466], [32.686049, -27.54044], [32.686023, -27.540201], [32.68602, -27.540176], [32.686018, -27.540151], [32.686011, -27.540087], [32.686003, -27.540012], [32.685961, -27.539618], [32.685948, -27.539496], [32.685927, -27.539297], [32.685808, -27.538189], [32.685804, -27.538157], [32.685795, -27.538074], [32.685699, -27.53723], [32.685696, -27.537204], [32.685693, -27.537173], [32.685683, -27.53709], [32.685681, -27.537065], [32.685675, -27.537014], [32.685666, -27.536932], [32.685599, -27.536298], [32.685598, -27.536292], [32.685595, -27.53626], [32.685542, -27.53577], [32.68554, -27.535745], [32.685538, -27.535732], [32.685531, -27.535662], [32.685524, -27.535604], [32.685514, -27.535515], [32.685512, -27.535496], [32.68551, -27.535476], [32.685504, -27.535425], [32.685504, -27.535425], [32.685483, -27.535233], [32.685366, -27.534196], [32.685327, -27.533854], [32.685321, -27.533803], [32.685314, -27.533739], [32.68513, -27.532038], [32.685124, -27.531987], [32.685122, -27.531967], [32.684728, -27.528379], [32.68471, -27.528214], [32.684703, -27.528157], [32.684384, -27.525196], [32.684381, -27.525164], [32.684381, -27.525164], [32.684277, -27.524207], [32.68385, -27.520303], [32.683842, -27.52024], [32.683843, -27.52024], [32.683757, -27.519473], [32.683753, -27.519441], [32.683745, -27.519371], [32.683708, -27.519014], [32.683692, -27.518867], [32.683686, -27.518802], [32.683685, -27.518796], [32.683684, -27.51879], [32.683681, -27.518758], [32.683678, -27.518726], [32.683678, -27.518726], [32.68367, -27.518655], [32.683607, -27.518071], [32.683602, -27.518026], [32.683588, -27.517898], [32.683585, -27.517872], [32.683571, -27.517757], [32.683565, -27.517706], [32.683507, -27.517227], [32.68349, -27.51708], [32.683475, -27.516952], [32.683472, -27.51692], [32.683471, -27.516913], [32.683471, -27.516913], [32.683469, -27.5169], [32.683453, -27.516753], [32.683437, -27.516612], [32.68339, -27.516137], [32.683382, -27.516054], [32.68338, -27.516041], [32.683375, -27.515984], [32.683365, -27.515888], [32.683362, -27.515856], [32.683362, -27.51585], [32.68336, -27.515831], [32.683271, -27.514975], [32.683266, -27.514925], [32.683266, -27.514925], [32.683126, -27.513708], [32.683122, -27.513675], [32.683119, -27.513649], [32.683061, -27.513129], [32.683051, -27.513038], [32.68305, -27.513025], [32.683048, -27.513012], [32.683045, -27.512979], [32.683038, -27.512915], [32.682962, -27.512175], [32.682955, -27.512106], [32.682952, -27.512074], [32.682948, -27.512043], [32.682944, -27.511998], [32.68294, -27.51196], [32.682936, -27.511923], [32.682928, -27.511841], [32.682925, -27.511815], [32.682923, -27.511797], [32.682908, -27.511652], [32.682906, -27.511633], [32.682894, -27.511519], [32.682894, -27.511519], [32.682894, -27.511519], [32.68289, -27.511488], [32.682878, -27.511374], [32.682868, -27.511286], [32.682859, -27.511203], [32.682852, -27.511146], [32.682847, -27.511102], [32.682844, -27.511077], [32.682834, -27.510988], [32.682832, -27.510969], [32.682824, -27.510899], [32.682752, -27.510261], [32.682744, -27.51019], [32.68273, -27.510054], [32.682721, -27.509971], [32.682707, -27.509842], [32.682701, -27.50979], [32.682697, -27.509752], [32.682695, -27.509733], [32.682694, -27.509726], [32.68269, -27.509688], [32.682672, -27.509521], [32.682664, -27.509444], [32.68265, -27.509322], [32.682649, -27.50931], [32.682633, -27.509163], [32.68261, -27.508947], [32.682606, -27.508916], [32.682599, -27.508853], [32.682598, -27.508846], [32.682588, -27.508758], [32.682582, -27.508702], [32.682575, -27.508639], [32.682553, -27.508438], [32.682295, -27.506077], [32.682286, -27.506], [32.68228, -27.505942], [32.682263, -27.505794], [32.682261, -27.505775], [32.682258, -27.505749], [32.682233, -27.505524], [32.682232, -27.505512], [32.682228, -27.505473], [32.682209, -27.505301], [32.682185, -27.505078], [32.682162, -27.50485], [32.682153, -27.504768], [32.682139, -27.504628], [32.682136, -27.504603], [32.682135, -27.50459], [32.682132, -27.504565], [32.682124, -27.504483], [32.682119, -27.504438], [32.682111, -27.504362], [32.682097, -27.504223], [32.682076, -27.504032], [32.682074, -27.504013], [32.682068, -27.503956], [32.682068, -27.503956], [32.682063, -27.503904], [32.682045, -27.503744], [32.682043, -27.503724], [32.682041, -27.503712], [32.682034, -27.503647], [32.682032, -27.503628], [32.682031, -27.503621], [32.682031, -27.503615], [32.68203, -27.503609], [32.682023, -27.503551], [32.68202, -27.503525], [32.682013, -27.503461], [32.682001, -27.503351], [32.681995, -27.5033], [32.68199, -27.503255], [32.681981, -27.503184], [32.681979, -27.503165], [32.681977, -27.503146], [32.68197, -27.503082], [32.681966, -27.50305], [32.681943, -27.502852], [32.681932, -27.502756], [32.68192, -27.502647], [32.6819, -27.502477], [32.681889, -27.502383], [32.681887, -27.502364], [32.681887, -27.502358], [32.681885, -27.502345], [32.68188, -27.502295], [32.68188, -27.502295], [32.681874, -27.502245], [32.681868, -27.502188], [32.681856, -27.502088], [32.681855, -27.502075], [32.681854, -27.502069], [32.681847, -27.502006], [32.681833, -27.501874], [32.681833, -27.501874], [32.681831, -27.501855], [32.681829, -27.501842], [32.681828, -27.50183], [32.681821, -27.501767], [32.68182, -27.501761], [32.681809, -27.501653], [32.681807, -27.501635], [32.681804, -27.501609], [32.681799, -27.501565], [32.681796, -27.50154], [32.681793, -27.501508], [32.681786, -27.501439], [32.681784, -27.501426], [32.681784, -27.50142], [32.681782, -27.501407], [32.681782, -27.501407], [32.681776, -27.50135], [32.681775, -27.501337], [32.681772, -27.501312], [32.681769, -27.50128], [32.681768, -27.501273], [32.681756, -27.501152], [32.681752, -27.50112], [32.681752, -27.501113], [32.681751, -27.501107], [32.681745, -27.501056], [32.681744, -27.501043], [32.681742, -27.501024], [32.681741, -27.501011], [32.681731, -27.500915], [32.68173, -27.500902], [32.681728, -27.500889], [32.681728, -27.500882], [32.681726, -27.50087], [32.681722, -27.500831], [32.68172, -27.500805], [32.681716, -27.500767], [32.681711, -27.500722], [32.68171, -27.500715], [32.6817, -27.500619], [32.681695, -27.500567], [32.681693, -27.500554], [32.681692, -27.500548], [32.681692, -27.500541], [32.681688, -27.500509], [32.681684, -27.500471], [32.681673, -27.500361], [32.681666, -27.500303], [32.681663, -27.500271], [32.681657, -27.50022], [32.681657, -27.500213], [32.681655, -27.500194], [32.681651, -27.500155], [32.681649, -27.500142], [32.681649, -27.500136], [32.681648, -27.500129], [32.681641, -27.500065], [32.681639, -27.500052], [32.681634, -27.500007], [32.68163, -27.499969], [32.68163, -27.499969], [32.681624, -27.499911], [32.681619, -27.499866], [32.681618, -27.49986], [32.681618, -27.49986], [32.681617, -27.499853], [32.681611, -27.499796], [32.681611, -27.499796], [32.681608, -27.499777], [32.681606, -27.499751], [32.681605, -27.499745], [32.681603, -27.499725], [32.681601, -27.499706], [32.681599, -27.499687], [32.681596, -27.499668], [32.681592, -27.499629], [32.681592, -27.499629], [32.681584, -27.499559], [32.681583, -27.499546], [32.681582, -27.49954], [32.681576, -27.499489], [32.681568, -27.499412], [32.681567, -27.499406], [32.681567, -27.499406], [32.681565, -27.499387], [32.681565, -27.499387], [32.681564, -27.49938], [32.681562, -27.499361], [32.681562, -27.499355], [32.681554, -27.499285], [32.681554, -27.499285], [32.681552, -27.499272], [32.68155, -27.499253], [32.681548, -27.499234], [32.681545, -27.499202], [32.681543, -27.499189], [32.681542, -27.499183], [32.681543, -27.499183], [32.681541, -27.49917], [32.681538, -27.499144], [32.681538, -27.499138], [32.681536, -27.499125], [32.681536, -27.499119], [32.681535, -27.499113], [32.68153, -27.499068], [32.681523, -27.499004], [32.681523, -27.499004], [32.681522, -27.498992], [32.68152, -27.498979], [32.681515, -27.498928], [32.681513, -27.498915], [32.681511, -27.498896], [32.681511, -27.498896], [32.681511, -27.49889], [32.68151, -27.498883], [32.681506, -27.498845], [32.681503, -27.49882], [32.681502, -27.498807], [32.6815, -27.498788], [32.681492, -27.498718], [32.681483, -27.498629], [32.681482, -27.498617], [32.681481, -27.498604], [32.681479, -27.498585], [32.681472, -27.498521], [32.681472, -27.498521], [32.681469, -27.49849], [32.681467, -27.498471], [32.681466, -27.498464], [32.681466, -27.498464], [32.681459, -27.498394], [32.681458, -27.498388], [32.681454, -27.498344], [32.681453, -27.498331], [32.681447, -27.49828], [32.681443, -27.498242], [32.681435, -27.498159], [32.681431, -27.498121], [32.68143, -27.498115], [32.68143, -27.498108], [32.681428, -27.498096], [32.681428, -27.498089], [32.681426, -27.498077], [32.681425, -27.498064], [32.681418, -27.498], [32.681418, -27.497994], [32.681413, -27.497943], [32.681404, -27.49786], [32.681396, -27.497784], [32.681392, -27.497745], [32.681388, -27.497707], [32.681384, -27.497675], [32.681381, -27.497643], [32.681378, -27.497618], [32.681376, -27.497592], [32.681373, -27.497567], [32.681373, -27.497567], [32.681373, -27.497567], [32.681372, -27.49756], [32.681369, -27.497535], [32.681366, -27.497503], [32.681362, -27.497471], [32.681352, -27.497374], [32.681351, -27.497368], [32.681338, -27.497252], [32.681337, -27.497246], [32.681333, -27.497207], [32.68133, -27.497182], [32.681329, -27.497175], [32.681324, -27.49713], [32.681324, -27.49713], [32.681322, -27.497111], [32.6813, -27.496912], [32.681297, -27.496893], [32.681296, -27.49688], [32.681294, -27.496861], [32.681289, -27.496823], [32.681287, -27.496803], [32.68128, -27.496746], [32.681278, -27.496727], [32.681273, -27.496682], [32.681269, -27.49665], [32.681268, -27.496637], [32.681264, -27.496605], [32.681263, -27.496592], [32.68126, -27.496573], [32.681256, -27.496535], [32.681256, -27.496535], [32.681254, -27.496522], [32.681251, -27.496497], [32.681252, -27.496497], [32.681249, -27.496478], [32.681249, -27.496478], [32.681249, -27.496478], [32.681249, -27.496471], [32.681248, -27.496465], [32.681246, -27.496446], [32.681244, -27.496433], [32.681243, -27.49642], [32.681238, -27.496382], [32.681234, -27.49635], [32.681233, -27.496337], [32.681229, -27.496305], [32.681228, -27.496293], [32.681225, -27.496267], [32.68122, -27.496223], [32.681207, -27.496109], [32.681203, -27.496071], [32.681201, -27.496052], [32.681195, -27.496008], [32.681194, -27.495995], [32.681194, -27.495995], [32.681187, -27.495932], [32.681183, -27.495901], [32.681179, -27.495863], [32.681178, -27.495856], [32.681177, -27.49585], [32.681169, -27.495774], [32.681169, -27.495774], [32.681166, -27.495755], [32.681154, -27.495648], [32.681154, -27.495648], [32.681153, -27.495636], [32.681148, -27.495591], [32.681146, -27.495572], [32.681145, -27.495566], [32.681119, -27.495326], [32.681117, -27.495307], [32.681113, -27.495269], [32.681107, -27.495219], [32.681106, -27.495206], [32.681095, -27.495105], [32.681094, -27.495098], [32.681094, -27.495098], [32.68109, -27.495061], [32.681088, -27.495042], [32.681086, -27.495016], [32.681086, -27.495016], [32.681084, -27.495003], [32.681084, -27.495003], [32.681084, -27.494997], [32.681083, -27.494991], [32.68108, -27.494965], [32.681078, -27.49494], [32.681075, -27.494914], [32.681073, -27.494895], [32.681072, -27.494889], [32.681072, -27.494883], [32.681071, -27.494876], [32.681069, -27.494857], [32.681068, -27.494851], [32.681067, -27.494838], [32.681065, -27.494819], [32.681062, -27.494787], [32.681061, -27.494781], [32.68106, -27.494774], [32.681058, -27.494749], [32.681056, -27.49473], [32.681056, -27.49473], [32.681054, -27.494717], [32.681053, -27.494698], [32.681052, -27.494691], [32.681048, -27.494653], [32.681047, -27.494647], [32.681046, -27.494634], [32.681045, -27.494621], [32.681045, -27.494621], [32.681041, -27.494583], [32.68104, -27.494576], [32.68104, -27.494576], [32.681039, -27.49457], [32.681039, -27.494564], [32.681038, -27.494557], [32.681036, -27.494538], [32.681033, -27.494512], [32.681033, -27.494506], [32.681033, -27.494506], [32.681032, -27.4945], [32.681028, -27.494461], [32.681026, -27.494436], [32.681025, -27.494429], [32.681023, -27.494416], [32.681024, -27.494416], [32.681024, -27.494416], [32.681023, -27.49441], [32.681023, -27.49441], [32.681022, -27.494404], [32.681022, -27.494397], [32.681021, -27.494391], [32.681021, -27.494391], [32.68102, -27.494384], [32.681017, -27.494352], [32.681012, -27.494301], [32.681011, -27.494295], [32.681011, -27.494295], [32.681011, -27.494295], [32.68101, -27.494282], [32.681007, -27.494256], [32.681004, -27.494231], [32.681004, -27.494224], [32.681003, -27.494218], [32.681002, -27.494212], [32.681, -27.494192], [32.681, -27.494186], [32.680997, -27.49416], [32.680997, -27.49416], [32.680996, -27.494154], [32.680996, -27.494147], [32.680995, -27.494141], [32.680992, -27.494115], [32.680992, -27.494115], [32.680985, -27.494045], [32.680984, -27.494038], [32.680983, -27.494026], [32.680982, -27.494019], [32.68098, -27.494], [32.680979, -27.493987], [32.680977, -27.493968], [32.680976, -27.493961], [32.680976, -27.493961], [32.680974, -27.493936], [32.680973, -27.493929], [32.680969, -27.493891], [32.680968, -27.493884], [32.680966, -27.493865], [32.680965, -27.493859], [32.680965, -27.493852], [32.680965, -27.493852], [32.680965, -27.493852], [32.68096, -27.493807], [32.680954, -27.49375], [32.680954, -27.49375], [32.680948, -27.493692], [32.680944, -27.493653], [32.680939, -27.493615], [32.680934, -27.493564], [32.680933, -27.493557], [32.680931, -27.493538], [32.680931, -27.493538], [32.68093, -27.493525], [32.680927, -27.493506], [32.680926, -27.493493], [32.680924, -27.493474], [32.680921, -27.493448], [32.680918, -27.493422], [32.680908, -27.493333], [32.680902, -27.493275], [32.680902, -27.493275]]}}, {"type": "Feature", "properties": {"track": "1340-11-6", "n": 36}, "geometry": {"type": "LineString", "coordinates": [[32.684704, -27.536405], [32.682753, -27.518559], [32.68275, -27.518533], [32.682749, -27.518527], [32.681335, -27.505595], [32.681327, -27.505519], [32.68131, -27.505347], [32.681305, -27.505302], [32.680704, -27.499809], [32.680486, -27.497822], [32.680462, -27.497599], [32.680459, -27.497573], [32.680453, -27.497516], [32.680437, -27.497376], [32.680431, -27.497312], [32.680428, -27.497293], [32.680412, -27.49714], [32.680411, -27.497133], [32.680411, -27.497127], [32.680407, -27.497095], [32.680406, -27.497082], [32.680404, -27.49707], [32.680397, -27.497], [32.680392, -27.496955], [32.680389, -27.496929], [32.680264, -27.495767], [32.680256, -27.49569], [32.680254, -27.495678], [32.680253, -27.495665], [32.680249, -27.495627], [32.680249, -27.495627], [32.680246, -27.495602], [32.680242, -27.495564], [32.680241, -27.495557], [32.680238, -27.495532], [32.680234, -27.495494]]}}, {"type": "Feature", "properties": {"track": "1340-12-3", "n": 40}, "geometry": {"type": "LineString", "coordinates": [[32.817531, -27.547569], [32.817522, -27.547487], [32.817515, -27.547411], [32.817506, -27.547322], [32.817063, -27.543221], [32.817055, -27.543144], [32.817046, -27.543068], [32.816599, -27.538984], [32.816594, -27.53894], [32.816591, -27.538914], [32.81658, -27.538818], [32.816571, -27.538735], [32.816441, -27.537556], [32.81644, -27.537543], [32.81643, -27.537454], [32.815793, -27.531622], [32.815792, -27.531609], [32.815782, -27.53152], [32.814569, -27.520409], [32.814568, -27.520396], [32.814563, -27.520345], [32.814563, -27.520345], [32.814551, -27.52023], [32.814547, -27.520198], [32.814543, -27.52016], [32.814539, -27.520122], [32.814537, -27.520102], [32.809198, -27.471097], [32.809194, -27.471059], [32.809185, -27.470982], [32.80814, -27.461381], [32.808135, -27.461329], [32.808126, -27.461246], [32.80181, -27.403545], [32.801808, -27.403526], [32.801799, -27.403437], [32.801792, -27.403373], [32.794011, -27.33295], [32.792659, -27.320692], [32.792659, -27.320686]]}}, {"type": "Feature", "properties": {"track": "1340-12-4", "n": 9}, "geometry": {"type": "LineString", "coordinates": [[32.816997, -27.550816], [32.816992, -27.550771], [32.816986, -27.550713], [32.816977, -27.55063], [32.816968, -27.550547], [32.805346, -27.444107], [32.805343, -27.444075], [32.805338, -27.44403], [32.805335, -27.444005]]}}, {"type": "Feature", "properties": {"track": "1340-12-5", "n": 70}, "geometry": {"type": "LineString", "coordinates": [[32.792353, -27.619367], [32.792345, -27.619291], [32.792344, -27.619285], [32.7922, -27.618044], [32.792194, -27.617993], [32.79219, -27.617961], [32.792187, -27.617936], [32.792181, -27.617879], [32.792171, -27.61779], [32.791516, -27.61181], [32.791515, -27.611804], [32.791511, -27.611766], [32.79151, -27.611753], [32.791503, -27.61169], [32.787598, -27.576228], [32.787597, -27.576222], [32.787592, -27.576183], [32.787518, -27.575526], [32.787513, -27.575481], [32.787509, -27.575437], [32.787457, -27.574952], [32.787451, -27.574888], [32.787448, -27.574863], [32.787447, -27.57485], [32.787442, -27.574805], [32.78744, -27.574786], [32.787402, -27.574416], [32.787399, -27.574391], [32.787391, -27.574315], [32.787305, -27.573531], [32.787302, -27.573505], [32.787294, -27.573429], [32.786904, -27.569896], [32.786895, -27.569819], [32.786891, -27.569775], [32.786192, -27.563438], [32.785984, -27.561549], [32.785981, -27.561517], [32.785971, -27.561429], [32.785299, -27.555278], [32.785291, -27.555209], [32.785288, -27.555183], [32.784428, -27.54732], [32.784422, -27.547268], [32.784418, -27.547236], [32.783416, -27.537937], [32.783408, -27.537868], [32.783398, -27.537785], [32.783396, -27.537766], [32.783389, -27.537703], [32.782149, -27.526318], [32.78214, -27.526236], [32.782138, -27.526217], [32.7819, -27.524012], [32.781895, -27.523967], [32.781889, -27.523916], [32.78188, -27.523839], [32.781872, -27.523769], [32.781447, -27.519829], [32.781444, -27.519803], [32.78144, -27.519772], [32.781418, -27.519569], [32.781416, -27.51955], [32.781416, -27.51955], [32.779315, -27.500293], [32.775807, -27.467878], [32.775805, -27.467859], [32.773518, -27.446957], [32.773516, -27.446932], [32.773509, -27.446875]]}}, {"type": "Feature", "properties": {"track": "1340-12-6", "n": 11}, "geometry": {"type": "LineString", "coordinates": [[32.790704, -27.612285], [32.790701, -27.612253], [32.790697, -27.612215], [32.786744, -27.576451], [32.786742, -27.576432], [32.786733, -27.57635], [32.786723, -27.57626], [32.786721, -27.576241], [32.786718, -27.576216], [32.776239, -27.480303], [32.776234, -27.480259]]}}, {"type": "Feature", "properties": {"track": "1340-15-1", "n": 359}, "geometry": {"type": "LineString", "coordinates": [[32.723254, -27.425864], [32.723151, -27.424868], [32.723118, -27.424544], [32.722951, -27.423002], [32.722943, -27.422926], [32.722923, -27.422736], [32.722889, -27.422421], [32.722885, -27.422377], [32.722881, -27.422345], [32.722879, -27.42232], [32.722655, -27.42012], [32.72263, -27.41989], [32.722621, -27.419813], [32.722591, -27.419525], [32.722588, -27.419506], [32.722587, -27.419493], [32.722586, -27.41948], [32.722577, -27.419397], [32.722573, -27.419365], [32.722562, -27.419257], [32.72253, -27.418946], [32.722511, -27.418756], [32.722511, -27.418749], [32.722508, -27.418718], [32.722503, -27.418673], [32.722502, -27.418661], [32.722499, -27.418629], [32.722495, -27.418591], [32.722488, -27.418515], [32.722485, -27.418483], [32.722484, -27.418477], [32.722482, -27.418458], [32.722462, -27.418255], [32.72245, -27.418122], [32.722447, -27.418096], [32.722447, -27.41809], [32.722442, -27.418046], [32.722439, -27.418007], [32.722407, -27.417682], [32.722407, -27.417682], [32.722404, -27.41765], [32.722403, -27.417644], [32.722378, -27.417389], [32.722377, -27.417376], [32.722374, -27.417344], [32.722372, -27.417331], [32.72237, -27.417306], [32.722369, -27.4173], [32.722368, -27.417287], [32.722364, -27.417249], [32.722363, -27.417236], [32.72235, -27.417102], [32.722345, -27.417058], [32.722341, -27.41702], [32.722337, -27.416981], [32.722337, -27.416975], [32.72233, -27.416911], [32.722328, -27.416886], [32.722325, -27.416861], [32.722325, -27.416861], [32.722323, -27.416842], [32.722322, -27.416829], [32.722315, -27.416765], [32.722308, -27.416689], [32.722298, -27.416594], [32.722238, -27.41602], [32.722237, -27.416013], [32.722236, -27.416001], [32.722235, -27.415994], [32.722234, -27.415982], [32.722234, -27.415982], [32.722215, -27.41581], [32.722214, -27.415804], [32.722211, -27.415772], [32.722209, -27.41576], [32.722206, -27.415728], [32.7222, -27.415677], [32.722188, -27.415575], [32.722185, -27.415544], [32.72218, -27.415499], [32.722178, -27.41548], [32.722176, -27.415467], [32.722175, -27.415454], [32.722173, -27.415442], [32.72216, -27.415326], [32.72216, -27.415326], [32.72216, -27.415326], [32.722159, -27.41532], [32.722156, -27.415294], [32.722154, -27.415275], [32.722149, -27.415237], [32.722149, -27.41523], [32.722141, -27.415166], [32.722126, -27.415037], [32.72212, -27.414986], [32.722118, -27.414967], [32.722116, -27.414947], [32.722114, -27.414935], [32.722112, -27.414915], [32.722112, -27.414915], [32.722106, -27.414864], [32.722105, -27.414851], [32.722103, -27.414832], [32.722102, -27.414825], [32.722097, -27.41478], [32.722097, -27.41478], [32.722091, -27.414729], [32.722084, -27.414671], [32.722083, -27.414658], [32.722078, -27.414619], [32.722077, -27.414606], [32.722056, -27.41442], [32.72205, -27.414362], [32.722049, -27.414355], [32.72204, -27.414265], [32.722035, -27.41422], [32.722029, -27.414163], [32.722024, -27.414118], [32.722016, -27.414041], [32.722016, -27.414034], [32.722013, -27.414009], [32.721985, -27.413728], [32.721968, -27.413555], [32.721965, -27.413517], [32.72196, -27.413466], [32.721953, -27.413396], [32.721949, -27.413358], [32.721947, -27.413332], [32.721933, -27.413199], [32.721928, -27.413141], [32.721928, -27.413141], [32.721926, -27.413129], [32.721926, -27.413122], [32.721919, -27.413059], [32.721906, -27.412925], [32.721895, -27.412824], [32.721894, -27.412811], [32.721887, -27.412741], [32.721885, -27.412728], [32.721884, -27.412716], [32.721881, -27.41269], [32.721879, -27.412671], [32.721879, -27.412671], [32.721877, -27.412652], [32.721877, -27.412646], [32.721871, -27.412595], [32.72187, -27.412582], [32.721867, -27.412557], [32.721866, -27.412544], [32.721864, -27.412531], [32.721864, -27.412525], [32.721856, -27.412455], [32.721846, -27.412366], [32.721841, -27.412322], [32.721839, -27.412303], [32.721839, -27.412297], [32.721836, -27.412271], [32.721828, -27.412201], [32.721826, -27.412182], [32.721825, -27.412169], [32.721817, -27.4121], [32.721803, -27.411966], [32.721801, -27.411947], [32.721794, -27.411884], [32.721794, -27.411884], [32.721789, -27.411839], [32.721783, -27.411788], [32.721781, -27.411769], [32.721781, -27.411769], [32.721776, -27.411725], [32.721775, -27.411712], [32.721774, -27.411706], [32.721771, -27.411674], [32.721769, -27.411661], [32.721765, -27.411623], [32.721764, -27.41161], [32.721763, -27.411604], [32.721761, -27.411578], [32.721759, -27.411559], [32.721753, -27.411502], [32.72175, -27.411477], [32.721749, -27.41147], [32.721749, -27.41147], [32.721749, -27.41147], [32.721746, -27.411438], [32.721743, -27.411407], [32.721737, -27.411356], [32.721733, -27.411317], [32.721731, -27.411292], [32.721726, -27.411247], [32.721725, -27.411241], [32.721723, -27.411216], [32.721717, -27.411158], [32.721716, -27.411152], [32.721712, -27.411114], [32.721708, -27.411069], [32.721705, -27.411044], [32.721703, -27.411025], [32.721703, -27.411018], [32.721701, -27.410999], [32.721692, -27.410917], [32.72169, -27.410897], [32.721689, -27.410885], [32.721685, -27.410847], [32.721681, -27.410802], [32.721666, -27.410662], [32.721663, -27.41063], [32.721663, -27.410624], [32.72166, -27.410599], [32.721659, -27.410592], [32.721659, -27.410586], [32.721654, -27.410541], [32.72165, -27.410497], [32.721648, -27.410478], [32.721647, -27.410471], [32.721647, -27.410465], [32.721645, -27.410452], [32.721637, -27.41037], [32.721636, -27.410357], [32.721635, -27.410351], [32.721632, -27.410319], [32.721625, -27.410249], [32.721621, -27.410211], [32.721616, -27.410166], [32.721612, -27.410128], [32.721612, -27.410122], [32.72161, -27.410109], [32.721611, -27.410109], [32.721609, -27.41009], [32.721607, -27.410071], [32.721605, -27.410059], [32.721602, -27.410021], [32.721599, -27.409995], [32.721596, -27.40997], [32.721587, -27.409874], [32.721584, -27.409849], [32.721584, -27.409843], [32.72158, -27.409805], [32.721578, -27.409792], [32.721576, -27.409773], [32.721576, -27.409767], [32.721575, -27.40976], [32.721575, -27.409754], [32.721567, -27.409684], [32.721565, -27.409665], [32.721562, -27.409633], [32.72156, -27.409608], [32.721558, -27.409589], [32.721547, -27.409481], [32.721544, -27.409455], [32.72154, -27.409417], [32.721538, -27.409392], [32.721517, -27.409194], [32.721518, -27.409194], [32.721516, -27.409175], [32.721515, -27.409169], [32.721515, -27.409169], [32.721513, -27.40915], [32.721512, -27.409143], [32.721499, -27.40901], [32.721497, -27.408997], [32.721496, -27.408984], [32.721496, -27.408984], [32.721495, -27.408978], [32.721484, -27.408869], [32.721482, -27.408844], [32.721442, -27.408453], [32.721441, -27.408447], [32.721439, -27.408428], [32.721438, -27.408421], [32.721437, -27.408415], [32.721435, -27.408396], [32.721435, -27.408389], [32.721435, -27.408389], [32.721435, -27.408389], [32.721434, -27.408383], [32.721431, -27.408351], [32.721431, -27.408351], [32.721429, -27.408332], [32.721428, -27.408325], [32.721428, -27.408325], [32.721426, -27.408306], [32.721404, -27.408095], [32.7214, -27.408062], [32.7214, -27.408056], [32.7214, -27.408056], [32.721395, -27.408011], [32.721392, -27.407979], [32.721358, -27.407664], [32.721359, -27.407664], [32.721358, -27.407658], [32.721357, -27.407651], [32.72135, -27.407587], [32.72135, -27.407581], [32.721347, -27.407555], [32.721346, -27.407549], [32.721345, -27.407536], [32.721344, -27.407529], [32.721344, -27.407529], [32.721343, -27.407523], [32.721341, -27.407504], [32.721341, -27.407497], [32.721339, -27.407478], [32.721338, -27.407472], [32.721337, -27.407465], [32.721337, -27.407459], [32.721336, -27.407452], [32.721336, -27.407452], [32.721334, -27.407433], [32.721333, -27.407427], [32.721332, -27.40742], [32.721332, -27.407414], [32.72133, -27.407401], [32.72133, -27.407394], [32.721328, -27.407375], [32.721325, -27.407349], [32.721324, -27.407343], [32.721323, -27.407337], [32.721321, -27.407317], [32.721321, -27.407311], [32.72132, -27.407305], [32.721317, -27.407279], [32.721316, -27.407266], [32.721313, -27.40724], [32.721311, -27.407221], [32.721311, -27.407221], [32.721311, -27.407215], [32.72131, -27.407208], [32.721307, -27.407183], [32.721307, -27.407183], [32.721306, -27.407176], [32.721306, -27.40717], [32.721304, -27.407157], [32.721304, -27.407157], [32.7213, -27.407118], [32.7213, -27.407112], [32.721298, -27.407099], [32.721298, -27.407093], [32.721296, -27.407074], [32.721293, -27.407054], [32.721293, -27.407048], [32.721289, -27.407009], [32.721279, -27.40692], [32.721276, -27.406894], [32.721276, -27.406888], [32.721275, -27.406881], [32.721274, -27.406875], [32.721274, -27.406875], [32.721272, -27.406856], [32.721267, -27.406805], [32.721267, -27.406805], [32.721266, -27.406798], [32.721265, -27.406785], [32.721264, -27.406779], [32.721262, -27.40676], [32.72126, -27.406741], [32.721257, -27.406709], [32.721254, -27.406683], [32.721236, -27.406511]]}}, {"type": "Feature", "properties": {"track": "1340-15-2", "n": 26}, "geometry": {"type": "LineString", "coordinates": [[32.721565, -27.418594], [32.721559, -27.418537], [32.721557, -27.418524], [32.721557, -27.418518], [32.721555, -27.418499], [32.721519, -27.418181], [32.721433, -27.417377], [32.721431, -27.417358], [32.72143, -27.417352], [32.721369, -27.416776], [32.721368, -27.41677], [32.721365, -27.416738], [32.721361, -27.416706], [32.721261, -27.415798], [32.721259, -27.415785], [32.721257, -27.415766], [32.72125, -27.415702], [32.721242, -27.415632], [32.721234, -27.415562], [32.720855, -27.41205], [32.720849, -27.411999], [32.720837, -27.411884], [32.720834, -27.411852], [32.720829, -27.411808], [32.720476, -27.408519], [32.720471, -27.408474]]}}, {"type": "Feature", "properties": {"track": "1340-15-3", "n": 187}, "geometry": {"type": "LineString", "coordinates": [[32.69652, -27.480613], [32.696512, -27.480549], [32.696505, -27.480479], [32.695792, -27.474461], [32.695788, -27.474429], [32.695787, -27.474423], [32.695784, -27.474391], [32.695777, -27.474333], [32.695597, -27.472853], [32.695597, -27.472847], [32.695593, -27.472815], [32.695576, -27.472676], [32.695569, -27.472613], [32.695565, -27.472581], [32.695557, -27.472518], [32.695555, -27.472499], [32.695547, -27.472436], [32.695514, -27.472157], [32.695507, -27.472106], [32.695499, -27.472037], [32.695497, -27.472018], [32.695483, -27.47191], [32.695481, -27.471891], [32.695479, -27.471878], [32.69546, -27.471712], [32.695457, -27.471694], [32.695397, -27.471199], [32.695387, -27.471115], [32.695267, -27.470088], [32.695232, -27.469773], [32.695223, -27.469698], [32.69522, -27.469666], [32.695209, -27.469565], [32.69512, -27.468789], [32.695116, -27.468757], [32.695116, -27.468757], [32.695097, -27.468596], [32.695097, -27.468596], [32.695094, -27.46857], [32.695093, -27.468564], [32.695092, -27.468557], [32.695085, -27.468493], [32.695075, -27.468416], [32.695072, -27.46839], [32.695071, -27.468377], [32.695063, -27.468313], [32.695059, -27.46828], [32.695056, -27.468255], [32.695045, -27.468165], [32.695042, -27.468139], [32.695038, -27.468107], [32.695037, -27.468094], [32.695036, -27.468088], [32.695032, -27.468056], [32.69503, -27.468036], [32.695028, -27.468023], [32.695027, -27.468017], [32.695023, -27.467979], [32.695021, -27.467966], [32.695021, -27.467966], [32.695016, -27.467921], [32.695011, -27.467882], [32.695009, -27.467863], [32.695002, -27.467812], [32.695, -27.467793], [32.694986, -27.467679], [32.694983, -27.467653], [32.694982, -27.467641], [32.694971, -27.467552], [32.69497, -27.467539], [32.694967, -27.46752], [32.694964, -27.467495], [32.694963, -27.467482], [32.694961, -27.46747], [32.694959, -27.467451], [32.694955, -27.467419], [32.694954, -27.467406], [32.694953, -27.4674], [32.694951, -27.467387], [32.69495, -27.467375], [32.694946, -27.467343], [32.694941, -27.467305], [32.694941, -27.467299], [32.694934, -27.467242], [32.694934, -27.467242], [32.69492, -27.467127], [32.69492, -27.467127], [32.694919, -27.467115], [32.694912, -27.467058], [32.694908, -27.467026], [32.694906, -27.467007], [32.694899, -27.46695], [32.694893, -27.466899], [32.694889, -27.466867], [32.694885, -27.466829], [32.694879, -27.466778], [32.694877, -27.466759], [32.694853, -27.466555], [32.694848, -27.46651], [32.694838, -27.466426], [32.694836, -27.466413], [32.694836, -27.466406], [32.69483, -27.466355], [32.694829, -27.466348], [32.694827, -27.466335], [32.694827, -27.466335], [32.694825, -27.466316], [32.694821, -27.466284], [32.694817, -27.466245], [32.694815, -27.466232], [32.694802, -27.466115], [32.694795, -27.466057], [32.694794, -27.466044], [32.694792, -27.466031], [32.694788, -27.465992], [32.694785, -27.465973], [32.694781, -27.465934], [32.694777, -27.465902], [32.694777, -27.465902], [32.694776, -27.465895], [32.694772, -27.465857], [32.694771, -27.46585], [32.69477, -27.465837], [32.69477, -27.465837], [32.694764, -27.465786], [32.694757, -27.465734], [32.694757, -27.465727], [32.694756, -27.465721], [32.694751, -27.465682], [32.694751, -27.465676], [32.694745, -27.465631], [32.694742, -27.465598], [32.694739, -27.465579], [32.694735, -27.465541], [32.694732, -27.465521], [32.69473, -27.465502], [32.694726, -27.465463], [32.694723, -27.465444], [32.69472, -27.465418], [32.69471, -27.465329], [32.694708, -27.465316], [32.694706, -27.465296], [32.6947, -27.465245], [32.694694, -27.465201], [32.694692, -27.465188], [32.694688, -27.46515], [32.694688, -27.46515], [32.694685, -27.465124], [32.694682, -27.465099], [32.694676, -27.465048], [32.694669, -27.464998], [32.694665, -27.46496], [32.69466, -27.464922], [32.694651, -27.464846], [32.694639, -27.464751], [32.694636, -27.464726], [32.694632, -27.464694], [32.694631, -27.464688], [32.694626, -27.464644], [32.694598, -27.464417], [32.694598, -27.46441], [32.694591, -27.464354], [32.694591, -27.464354], [32.694585, -27.464309], [32.694584, -27.464297], [32.694582, -27.464284], [32.694575, -27.464227], [32.694573, -27.464208], [32.694573, -27.464208], [32.694572, -27.464202], [32.69457, -27.464177], [32.694567, -27.464158], [32.694566, -27.464151], [32.69456, -27.464101], [32.694558, -27.464082], [32.694557, -27.464069], [32.694554, -27.464044], [32.694542, -27.463942], [32.694539, -27.463923], [32.694539, -27.463923], [32.69454, -27.463923], [32.694537, -27.463904], [32.694513, -27.463694], [32.69451, -27.463668], [32.694501, -27.463592], [32.694498, -27.46356], [32.694488, -27.463476]]}}, {"type": "Feature", "properties": {"track": "1340-15-5", "n": 199}, "geometry": {"type": "LineString", "coordinates": [[32.677326, -27.607863], [32.677325, -27.607857], [32.677322, -27.607832], [32.673889, -27.577327], [32.673882, -27.577262], [32.67374, -27.575901], [32.673701, -27.575544], [32.673697, -27.575512], [32.673664, -27.575206], [32.673663, -27.575199], [32.673662, -27.575187], [32.673661, -27.57518], [32.673654, -27.575117], [32.673646, -27.57504], [32.673478, -27.573457], [32.673444, -27.573132], [32.673406, -27.572768], [32.673402, -27.572724], [32.673399, -27.572698], [32.673365, -27.572366], [32.673362, -27.572341], [32.673354, -27.572258], [32.673352, -27.572245], [32.673352, -27.572239], [32.67335, -27.572226], [32.673345, -27.572169], [32.67334, -27.572124], [32.673333, -27.572054], [32.673318, -27.571907], [32.673316, -27.571895], [32.673314, -27.571869], [32.673311, -27.571844], [32.673308, -27.571812], [32.673307, -27.571806], [32.673307, -27.571806], [32.673303, -27.571761], [32.673301, -27.571748], [32.673301, -27.571748], [32.673299, -27.571729], [32.673299, -27.571723], [32.673298, -27.571716], [32.673297, -27.571704], [32.673293, -27.571672], [32.673292, -27.571659], [32.67329, -27.57164], [32.673286, -27.571602], [32.673281, -27.571557], [32.673277, -27.571519], [32.673274, -27.571481], [32.673257, -27.571328], [32.673255, -27.571303], [32.673253, -27.571284], [32.673251, -27.571264], [32.67324, -27.571163], [32.673233, -27.571099], [32.67323, -27.571067], [32.67323, -27.571067], [32.673228, -27.571048], [32.673227, -27.571042], [32.673225, -27.571023], [32.673222, -27.570991], [32.673215, -27.570927], [32.673213, -27.570915], [32.67321, -27.570883], [32.673188, -27.570679], [32.67318, -27.570609], [32.673179, -27.570597], [32.673176, -27.570565], [32.673167, -27.570482], [32.673163, -27.57045], [32.673163, -27.570444], [32.673162, -27.570438], [32.673158, -27.570399], [32.673156, -27.57038], [32.673154, -27.570368], [32.673149, -27.570317], [32.673139, -27.570227], [32.673138, -27.570215], [32.673135, -27.570189], [32.673133, -27.57017], [32.673127, -27.570113], [32.673126, -27.570106], [32.673123, -27.570075], [32.673122, -27.570062], [32.673121, -27.570055], [32.673121, -27.570055], [32.673118, -27.57003], [32.673106, -27.569909], [32.673104, -27.56989], [32.673102, -27.569877], [32.673101, -27.569871], [32.673101, -27.569871], [32.673096, -27.56982], [32.673096, -27.569813], [32.673095, -27.569807], [32.673094, -27.5698], [32.673093, -27.569788], [32.673087, -27.569737], [32.673085, -27.569711], [32.67308, -27.569666], [32.673059, -27.569462], [32.673054, -27.569411], [32.673048, -27.569353], [32.673048, -27.569353], [32.673046, -27.569328], [32.673043, -27.569309], [32.673034, -27.569213], [32.673016, -27.56904], [32.673009, -27.56897], [32.673008, -27.568957], [32.673007, -27.568951], [32.673007, -27.568951], [32.672996, -27.568835], [32.672913, -27.568011], [32.672911, -27.567998], [32.672908, -27.56796], [32.672905, -27.567934], [32.672899, -27.56787], [32.672893, -27.567819], [32.672885, -27.567743], [32.672871, -27.567603], [32.672871, -27.567603], [32.67287, -27.56759], [32.672865, -27.567545], [32.672864, -27.567533], [32.672859, -27.567488], [32.672855, -27.56745], [32.67282, -27.567119], [32.672819, -27.567113], [32.672811, -27.567037], [32.672803, -27.566954], [32.672794, -27.566872], [32.67279, -27.566834], [32.672789, -27.566827], [32.67278, -27.566745], [32.672781, -27.566745], [32.672779, -27.566732], [32.672774, -27.566682], [32.67277, -27.56665], [32.67277, -27.566643], [32.672768, -27.566624], [32.672757, -27.566516], [32.672754, -27.566491], [32.672753, -27.566478], [32.672749, -27.56644], [32.672748, -27.566434], [32.672748, -27.566434], [32.672747, -27.566428], [32.672747, -27.566421], [32.672746, -27.566415], [32.672743, -27.566389], [32.672741, -27.566364], [32.672738, -27.566339], [32.672735, -27.566307], [32.672734, -27.5663], [32.672734, -27.5663], [32.672734, -27.566294], [32.672732, -27.566281], [32.672729, -27.566243], [32.672728, -27.566237], [32.672727, -27.56623], [32.672727, -27.56623], [32.672726, -27.566211], [32.672723, -27.566192], [32.672723, -27.566186], [32.67272, -27.566154], [32.672719, -27.566148], [32.672718, -27.566135], [32.672716, -27.566122], [32.672715, -27.566109], [32.672715, -27.566109], [32.672715, -27.566109], [32.672714, -27.566103], [32.672714, -27.566103], [32.672714, -27.566097], [32.672712, -27.566084], [32.672711, -27.566071], [32.67271, -27.566065], [32.67271, -27.566059], [32.67271, -27.566059], [32.672705, -27.566008], [32.672705, -27.566008], [32.672703, -27.565988], [32.672703, -27.565988], [32.672702, -27.565976], [32.672702, -27.565976], [32.672701, -27.565963], [32.672699, -27.56595], [32.672699, -27.565944], [32.672697, -27.565925], [32.672696, -27.565918], [32.672696, -27.565912], [32.672693, -27.565886], [32.672688, -27.565835], [32.672688, -27.565835], [32.672687, -27.565822], [32.672686, -27.56581], [32.672686, -27.56581], [32.672685, -27.565797]]}}, {"type": "Feature", "properties": {"track": "1340-15-6", "n": 22}, "geometry": {"type": "LineString", "coordinates": [[32.672897, -27.575805], [32.672892, -27.57576], [32.672884, -27.575683], [32.672614, -27.573354], [32.672597, -27.5732], [32.672594, -27.573174], [32.672591, -27.573149], [32.67235, -27.571052], [32.672176, -27.569481], [32.672174, -27.569456], [32.672166, -27.569385], [32.672165, -27.569372], [32.672062, -27.568414], [32.672052, -27.568325], [32.672043, -27.568248], [32.672043, -27.568248], [32.672042, -27.568241], [32.672038, -27.56821], [32.672031, -27.568146], [32.672025, -27.568094], [32.672021, -27.568062], [32.672003, -27.567916]]}}, {"type": "Feature", "properties": {"track": "1340-16-3", "n": 19}, "geometry": {"type": "LineString", "coordinates": [[32.734896, -27.386837], [32.734584, -27.383978], [32.734583, -27.383965], [32.734575, -27.383889], [32.734562, -27.383768], [32.734562, -27.383768], [32.734561, -27.383761], [32.73456, -27.383749], [32.734282, -27.381196], [32.734276, -27.381139], [32.734273, -27.381113], [32.734272, -27.3811], [32.734269, -27.381081], [32.734266, -27.381049], [32.734239, -27.380806], [32.734235, -27.380761], [32.734233, -27.380748], [32.734228, -27.380703], [32.73375, -27.376378]]}}, {"type": "Feature", "properties": {"track": "1340-16-5", "n": 27}, "geometry": {"type": "LineString", "coordinates": [[32.708336, -27.445086], [32.708331, -27.445041], [32.708328, -27.44501], [32.708092, -27.442879], [32.70803, -27.442328], [32.708027, -27.442303], [32.708026, -27.44229], [32.708023, -27.442264], [32.707948, -27.441565], [32.707946, -27.441546], [32.707941, -27.441495], [32.707941, -27.441495], [32.707937, -27.441457], [32.707923, -27.441324], [32.707919, -27.44128], [32.707917, -27.441261], [32.707819, -27.440347], [32.707819, -27.440347], [32.707816, -27.440321], [32.707816, -27.440321], [32.707746, -27.439705], [32.707741, -27.43966], [32.707728, -27.439544], [32.707725, -27.439525], [32.707725, -27.439525], [32.707661, -27.438934], [32.707661, -27.438934]]}}, {"type": "Feature", "properties": {"track": "1340-18-1", "n": 73}, "geometry": {"type": "LineString", "coordinates": [[32.661802, -27.618546], [32.661792, -27.61845], [32.661783, -27.618367], [32.661454, -27.615241], [32.661402, -27.614738], [32.661351, -27.614239], [32.66125, -27.613253], [32.661239, -27.61315], [32.660939, -27.610334], [32.660889, -27.609855], [32.660875, -27.609721], [32.660853, -27.609517], [32.660839, -27.609389], [32.660776, -27.608793], [32.660768, -27.608716], [32.660747, -27.608523], [32.660747, -27.608523], [32.660741, -27.608465], [32.66074, -27.608459], [32.660738, -27.608433], [32.660737, -27.60842], [32.660731, -27.608369], [32.660731, -27.608369], [32.66073, -27.608362], [32.66073, -27.608356], [32.660624, -27.607356], [32.660618, -27.607305], [32.660616, -27.607286], [32.660593, -27.607065], [32.660478, -27.606013], [32.660466, -27.605904], [32.660461, -27.605859], [32.660459, -27.60584], [32.660431, -27.605582], [32.660428, -27.605556], [32.660428, -27.605556], [32.660426, -27.605543], [32.660423, -27.605518], [32.660423, -27.605511], [32.660421, -27.605492], [32.660419, -27.605479], [32.660417, -27.60546], [32.660416, -27.605447], [32.660415, -27.605441], [32.660414, -27.605434], [32.660413, -27.605421], [32.660411, -27.605408], [32.660409, -27.605383], [32.660398, -27.605286], [32.660398, -27.60528], [32.660395, -27.605254], [32.660394, -27.605248], [32.660363, -27.604953], [32.660361, -27.604934], [32.660361, -27.604934], [32.659886, -27.60049], [32.659881, -27.600433], [32.659877, -27.600401], [32.659869, -27.600324], [32.659854, -27.600171], [32.659852, -27.600158], [32.659848, -27.600113], [32.659847, -27.600107], [32.659845, -27.600088], [32.659843, -27.600062], [32.65984, -27.600037], [32.659836, -27.599998], [32.659776, -27.599452], [32.659774, -27.599439], [32.659772, -27.599419], [32.659699, -27.598764], [32.659694, -27.598725], [32.659682, -27.59861]]}}, {"type": "Feature", "properties": {"track": "1340-18-3", "n": 61}, "geometry": {"type": "LineString", "coordinates": [[32.687178, -27.550346], [32.68717, -27.550269], [32.68717, -27.550269], [32.687167, -27.550244], [32.687146, -27.55006], [32.687128, -27.549894], [32.686612, -27.54539], [32.686609, -27.545358], [32.686601, -27.545283], [32.68569, -27.537268], [32.685686, -27.537236], [32.685683, -27.53721], [32.685665, -27.537056], [32.685516, -27.535736], [32.685509, -27.535666], [32.685449, -27.535118], [32.685447, -27.535093], [32.68544, -27.535035], [32.685439, -27.535022], [32.683956, -27.521813], [32.683948, -27.521736], [32.683704, -27.519521], [32.683703, -27.519514], [32.683278, -27.51568], [32.683268, -27.515596], [32.683261, -27.515525], [32.683255, -27.515474], [32.683099, -27.51409], [32.683094, -27.51404], [32.683088, -27.513989], [32.682796, -27.511239], [32.682787, -27.511156], [32.68277, -27.511015], [32.682651, -27.509953], [32.682561, -27.509156], [32.682545, -27.509015], [32.682442, -27.508083], [32.68244, -27.508058], [32.68232, -27.506921], [32.681981, -27.503779], [32.681975, -27.503721], [32.681972, -27.503696], [32.681972, -27.503696], [32.681285, -27.497373], [32.681284, -27.497367], [32.681283, -27.497354], [32.68128, -27.497329], [32.681233, -27.496913], [32.68123, -27.496887], [32.681218, -27.496772], [32.681212, -27.496721], [32.681211, -27.496714], [32.681102, -27.495675], [32.681086, -27.495515], [32.681082, -27.495483], [32.681021, -27.494893], [32.680949, -27.494215], [32.680941, -27.494139], [32.680779, -27.492641], [32.680764, -27.492493], [32.680755, -27.492403]]}}, {"type": "Feature", "properties": {"track": "1340-18-4", "n": 13}, "geometry": {"type": "LineString", "coordinates": [[32.68835, -27.553544], [32.688336, -27.553416], [32.688322, -27.553294], [32.687491, -27.545885], [32.687488, -27.545859], [32.687487, -27.545847], [32.687486, -27.54584], [32.683479, -27.509002], [32.683476, -27.508977], [32.68347, -27.508919], [32.683364, -27.507962], [32.683362, -27.507942], [32.68336, -27.50793]]}}, {"type": "Feature", "properties": {"track": "1340-18-5", "n": 51}, "geometry": {"type": "LineString", "coordinates": [[32.715291, -27.507618], [32.710739, -27.46534], [32.708478, -27.444299], [32.708448, -27.444025], [32.708439, -27.443949], [32.708383, -27.443447], [32.708369, -27.44332], [32.708294, -27.442656], [32.708247, -27.44224], [32.708219, -27.441984], [32.708154, -27.441396], [32.708149, -27.441351], [32.708146, -27.441326], [32.708146, -27.441319], [32.708098, -27.440873], [32.708096, -27.44086], [32.708094, -27.440835], [32.70808, -27.440714], [32.708066, -27.44058], [32.708061, -27.440535], [32.70806, -27.440529], [32.708057, -27.440497], [32.708051, -27.44044], [32.708047, -27.440402], [32.708045, -27.440383], [32.708044, -27.440383], [32.70804, -27.440345], [32.70804, -27.440345], [32.708038, -27.440326], [32.708022, -27.440173], [32.708016, -27.440122], [32.708009, -27.440058], [32.708008, -27.440046], [32.708008, -27.440046], [32.708005, -27.44002], [32.707996, -27.439938], [32.707989, -27.439874], [32.707988, -27.439868], [32.707988, -27.439868], [32.707983, -27.439817], [32.707981, -27.439804], [32.707977, -27.439766], [32.707975, -27.43974], [32.707974, -27.439734], [32.707957, -27.439581], [32.707955, -27.439562], [32.707952, -27.439537], [32.707898, -27.439033], [32.707893, -27.438988], [32.707878, -27.438854], [32.707862, -27.438701]]}}, {"type": "Feature", "properties": {"track": "1340-18-6", "n": 3}, "geometry": {"type": "LineString", "coordinates": [[32.709036, -27.441522], [32.708854, -27.439881], [32.708849, -27.439842]]}}, {"type": "Feature", "properties": {"track": "1340-19-1", "n": 107}, "geometry": {"type": "LineString", "coordinates": [[32.760053, -27.330605], [32.760051, -27.330585], [32.760048, -27.330566], [32.760035, -27.330451], [32.760032, -27.330419], [32.760025, -27.330356], [32.759925, -27.329447], [32.759925, -27.329441], [32.759918, -27.329377], [32.759918, -27.329377], [32.759887, -27.329086], [32.759882, -27.329042], [32.759873, -27.328959], [32.75987, -27.328927], [32.759714, -27.32751], [32.759711, -27.327485], [32.759706, -27.327434], [32.759678, -27.327198], [32.759674, -27.32716], [32.759664, -27.32707], [32.759663, -27.327064], [32.759654, -27.326988], [32.759613, -27.326624], [32.759601, -27.326521], [32.759595, -27.32647], [32.75957, -27.326247], [32.759564, -27.326189], [32.75956, -27.326151], [32.759558, -27.326132], [32.759553, -27.32608], [32.759545, -27.32601], [32.759541, -27.325965], [32.759539, -27.325946], [32.759533, -27.325895], [32.759528, -27.32585], [32.75952, -27.325767], [32.759514, -27.32571], [32.759506, -27.325639], [32.759469, -27.325287], [32.759463, -27.325229], [32.759462, -27.325217], [32.759459, -27.325191], [32.759454, -27.325146], [32.759449, -27.325095], [32.759438, -27.324992], [32.759435, -27.324967], [32.759389, -27.324556], [32.759339, -27.324114], [32.759334, -27.324076], [32.75933, -27.324038], [32.759299, -27.32375], [32.759298, -27.323744], [32.759288, -27.323655], [32.759284, -27.32361], [32.759268, -27.323458], [32.759265, -27.323433], [32.759264, -27.32342], [32.759263, -27.323414], [32.759263, -27.323407], [32.759257, -27.32335], [32.75924, -27.323192], [32.75924, -27.323185], [32.759239, -27.323179], [32.759232, -27.323109], [32.759231, -27.323103], [32.759225, -27.32304], [32.759223, -27.323021], [32.759208, -27.322875], [32.759191, -27.322716], [32.759165, -27.322468], [32.759142, -27.322252], [32.759125, -27.322105], [32.759125, -27.322098], [32.759102, -27.321894], [32.759083, -27.321727], [32.759082, -27.321721], [32.759077, -27.32167], [32.759076, -27.321663], [32.759076, -27.321663], [32.759075, -27.321657], [32.759073, -27.321638], [32.759043, -27.321375], [32.759042, -27.321362], [32.759037, -27.321324], [32.75902, -27.32117], [32.759011, -27.321093], [32.75901, -27.321081], [32.758988, -27.320882], [32.758986, -27.32087], [32.758985, -27.320857], [32.75898, -27.320812], [32.758973, -27.320748], [32.758967, -27.320691], [32.758967, -27.320691], [32.758963, -27.320659], [32.758953, -27.320563], [32.758951, -27.32055], [32.758949, -27.320525], [32.758946, -27.320499], [32.758946, -27.320499], [32.758945, -27.320487], [32.758929, -27.32034], [32.758929, -27.32034], [32.758928, -27.320333], [32.758917, -27.320231], [32.758915, -27.320212], [32.758908, -27.320142]]}}, {"type": "Feature", "properties": {"track": "1340-2-1", "n": 9}, "geometry": {"type": "LineString", "coordinates": [[32.766, -27.409447], [32.765992, -27.409371], [32.765982, -27.409282], [32.761522, -27.368531], [32.761518, -27.368493], [32.761515, -27.368468], [32.757117, -27.328222], [32.757112, -27.328184], [32.757109, -27.328158]]}}, {"type": "Feature", "properties": {"track": "1340-2-2", "n": 2}, "geometry": {"type": "LineString", "coordinates": [[32.760477, -27.350411], [32.760469, -27.350335]]}}, {"type": "Feature", "properties": {"track": "1340-2-3", "n": 90}, "geometry": {"type": "LineString", "coordinates": [[32.811874, -27.526223], [32.811866, -27.526147], [32.811856, -27.526052], [32.811835, -27.525856], [32.811828, -27.525792], [32.811826, -27.525773], [32.811789, -27.52543], [32.811778, -27.525328], [32.811765, -27.525213], [32.811753, -27.52511], [32.811732, -27.524924], [32.81173, -27.524904], [32.811717, -27.524782], [32.81155, -27.523309], [32.811547, -27.523284], [32.811506, -27.522916], [32.81149, -27.522777], [32.811316, -27.521154], [32.811232, -27.520344], [32.811224, -27.520274], [32.811213, -27.520172], [32.811188, -27.519948], [32.811178, -27.519865], [32.811143, -27.519564], [32.810978, -27.518044], [32.810962, -27.517897], [32.810932, -27.51761], [32.81092, -27.517508], [32.810913, -27.517445], [32.810888, -27.517228], [32.810884, -27.51719], [32.810858, -27.516967], [32.810827, -27.516706], [32.810805, -27.516515], [32.810342, -27.512299], [32.810306, -27.511972], [32.810287, -27.511793], [32.81022, -27.511183], [32.810189, -27.510889], [32.810187, -27.510876], [32.81017, -27.510716], [32.810155, -27.510576], [32.810133, -27.510365], [32.810092, -27.509983], [32.81009, -27.509964], [32.810057, -27.509666], [32.810053, -27.509628], [32.810034, -27.509456], [32.809987, -27.509036], [32.809982, -27.508991], [32.809961, -27.508806], [32.809952, -27.508723], [32.809914, -27.50839], [32.809883, -27.50812], [32.809874, -27.508036], [32.809847, -27.507799], [32.809828, -27.507632], [32.809823, -27.507581], [32.809787, -27.507256], [32.809768, -27.507078], [32.809717, -27.506577], [32.809711, -27.506519], [32.809707, -27.506488], [32.809678, -27.506203], [32.809665, -27.506069], [32.809655, -27.505974], [32.809653, -27.505955], [32.809642, -27.505841], [32.809614, -27.505574], [32.809353, -27.503319], [32.809346, -27.503255], [32.809213, -27.502003], [32.809199, -27.501868], [32.809197, -27.501855], [32.809145, -27.501367], [32.809133, -27.501258], [32.809129, -27.50122], [32.809089, -27.500844], [32.809077, -27.500731], [32.809068, -27.500648], [32.809061, -27.500579], [32.809008, -27.500087], [32.808976, -27.499797], [32.808969, -27.499727], [32.808956, -27.499613], [32.808951, -27.499568], [32.808938, -27.499448], [32.792499, -27.349738], [32.792496, -27.349713], [32.792491, -27.349668]]}}, {"type": "Feature", "properties": {"track": "1340-24-1", "n": 16}, "geometry": {"type": "LineString", "coordinates": [[32.758968, -27.617292], [32.758963, -27.617248], [32.758723, -27.615035], [32.758716, -27.614977], [32.75808, -27.609229], [32.754889, -27.580185], [32.754885, -27.580141], [32.754881, -27.580103], [32.754297, -27.574736], [32.753825, -27.570434], [32.747715, -27.5147], [32.747703, -27.514585], [32.736779, -27.414846], [32.736775, -27.414813], [32.73677, -27.414756], [32.733527, -27.385258]]}}, {"type": "Feature", "properties": {"track": "1340-24-2", "n": 3}, "geometry": {"type": "LineString", "coordinates": [[32.756344, -27.585465], [32.756343, -27.585459], [32.756337, -27.585402]]}}, {"type": "Feature", "properties": {"track": "1340-24-3", "n": 8}, "geometry": {"type": "LineString", "coordinates": [[32.779617, -27.504054], [32.779364, -27.501778], [32.779359, -27.501733], [32.779346, -27.501618], [32.769308, -27.410242], [32.769287, -27.41004], [32.765111, -27.372006], [32.765104, -27.371942]]}}, {"type": "Feature", "properties": {"track": "1340-3-1", "n": 26}, "geometry": {"type": "LineString", "coordinates": [[32.759856, -27.329739], [32.759854, -27.329719], [32.75985, -27.329681], [32.759844, -27.329616], [32.759774, -27.328962], [32.759767, -27.328892], [32.759664, -27.327987], [32.759648, -27.327854], [32.759648, -27.327848], [32.759646, -27.327835], [32.759395, -27.325469], [32.759392, -27.325437], [32.759387, -27.325393], [32.759378, -27.32531], [32.759373, -27.325272], [32.759012, -27.321995], [32.759002, -27.321906], [32.759001, -27.321893], [32.758998, -27.321874], [32.75899, -27.321799], [32.758958, -27.321508], [32.758955, -27.321483], [32.758953, -27.32147], [32.758903, -27.321022], [32.758864, -27.320666], [32.758852, -27.320565]]}}, {"type": "Feature", "properties": {"track": "1340-7-1", "n": 181}, "geometry": {"type": "LineString", "coordinates": [[32.715706, -27.518392], [32.708332, -27.452458], [32.708329, -27.452426], [32.708326, -27.452401], [32.7083, -27.452166], [32.708288, -27.452045], [32.708279, -27.451969], [32.708277, -27.45195], [32.708274, -27.451918], [32.708269, -27.451867], [32.708237, -27.451567], [32.708203, -27.451241], [32.707757, -27.447044], [32.70775, -27.446979], [32.707749, -27.446979], [32.707747, -27.44696], [32.707707, -27.446601], [32.707698, -27.446524], [32.707688, -27.446434], [32.707679, -27.446351], [32.707679, -27.446351], [32.707676, -27.446326], [32.707675, -27.446319], [32.707674, -27.446306], [32.707666, -27.446236], [32.707656, -27.446147], [32.707655, -27.44614], [32.707653, -27.446128], [32.707646, -27.446064], [32.707549, -27.445173], [32.707545, -27.445135], [32.707542, -27.445109], [32.707521, -27.444912], [32.70752, -27.444906], [32.70752, -27.444899], [32.707516, -27.444868], [32.707516, -27.444861], [32.707514, -27.444849], [32.707508, -27.444791], [32.707505, -27.44476], [32.707505, -27.44476], [32.707504, -27.444747], [32.707499, -27.444702], [32.707498, -27.444696], [32.707497, -27.444683], [32.707495, -27.444664], [32.707493, -27.444645], [32.707486, -27.444588], [32.707484, -27.444562], [32.707478, -27.444511], [32.707478, -27.444511], [32.707423, -27.444008], [32.707421, -27.443989], [32.70742, -27.443982], [32.707417, -27.44395], [32.707414, -27.443925], [32.707411, -27.443899], [32.707404, -27.443835], [32.707403, -27.443823], [32.707398, -27.443784], [32.707391, -27.443721], [32.707391, -27.443714], [32.707388, -27.443695], [32.707387, -27.443682], [32.707386, -27.443676], [32.707386, -27.443676], [32.707385, -27.443663], [32.707385, -27.443663], [32.707383, -27.443644], [32.707379, -27.443612], [32.707379, -27.443606], [32.70737, -27.443529], [32.707366, -27.443491], [32.707365, -27.443484], [32.707365, -27.443484], [32.707359, -27.443427], [32.707357, -27.443414], [32.707357, -27.443408], [32.707356, -27.443401], [32.707354, -27.443382], [32.707353, -27.443376], [32.707353, -27.443369], [32.707351, -27.443356], [32.707345, -27.443299], [32.707344, -27.443293], [32.707344, -27.443293], [32.707341, -27.443261], [32.70734, -27.443254], [32.707339, -27.443248], [32.707338, -27.443235], [32.707338, -27.443235], [32.707326, -27.443126], [32.707325, -27.44312], [32.707325, -27.44312], [32.707324, -27.443114], [32.707324, -27.443114], [32.707321, -27.443088], [32.70732, -27.443075], [32.707314, -27.443024], [32.707314, -27.443018], [32.707313, -27.443011], [32.707312, -27.443005], [32.707312, -27.443005], [32.707312, -27.442998], [32.707311, -27.442992], [32.707307, -27.44296], [32.707307, -27.442954], [32.707307, -27.442954], [32.707306, -27.442947], [32.707306, -27.442947], [32.707303, -27.442915], [32.707295, -27.442845], [32.707294, -27.442839], [32.707293, -27.442832], [32.707293, -27.442832], [32.707293, -27.442832], [32.707292, -27.44282], [32.707291, -27.442813], [32.707291, -27.442813], [32.70729, -27.442807], [32.707287, -27.442775], [32.707286, -27.442762], [32.707285, -27.442756], [32.707282, -27.44273], [32.707281, -27.442717], [32.707281, -27.442717], [32.707275, -27.442666], [32.707273, -27.442647], [32.707271, -27.442628], [32.707269, -27.442609], [32.707268, -27.442596], [32.707265, -27.44257], [32.707265, -27.44257], [32.707264, -27.442558], [32.707262, -27.442545], [32.70726, -27.442519], [32.707259, -27.442513], [32.707255, -27.442475], [32.707255, -27.442475], [32.707254, -27.442468], [32.707253, -27.442462], [32.707252, -27.442449], [32.707251, -27.442443], [32.707251, -27.442443], [32.707249, -27.442423], [32.707249, -27.442417], [32.707249, -27.442417], [32.707244, -27.442372], [32.707219, -27.442136], [32.707219, -27.442136], [32.707219, -27.442136], [32.707215, -27.442098], [32.707214, -27.442092], [32.707211, -27.442066], [32.707211, -27.44206], [32.707122, -27.441207], [32.707122, -27.441207], [32.707121, -27.441194], [32.707121, -27.441194], [32.707121, -27.441194], [32.707121, -27.441194], [32.707117, -27.441162], [32.707116, -27.441149], [32.707116, -27.441149], [32.707115, -27.441136], [32.707111, -27.441098], [32.707111, -27.441098], [32.707108, -27.441066], [32.707106, -27.441047], [32.707104, -27.441028], [32.707104, -27.441028], [32.7071, -27.440996], [32.707097, -27.440964], [32.707096, -27.440958], [32.707096, -27.440958], [32.707096, -27.440952], [32.707094, -27.440932], [32.707091, -27.440907], [32.707087, -27.440862], [32.707085, -27.440849], [32.707041, -27.440421]]}}, {"type": "Feature", "properties": {"track": "1340-7-2", "n": 4}, "geometry": {"type": "LineString", "coordinates": [[32.711107, -27.469662], [32.711105, -27.469643], [32.711106, -27.469643], [32.708326, -27.443939]]}}, {"type": "Feature", "properties": {"track": "1340-7-3", "n": 113}, "geometry": {"type": "LineString", "coordinates": [[32.759211, -27.615976], [32.759196, -27.615836], [32.759088, -27.614866], [32.759055, -27.614576], [32.759038, -27.614422], [32.759029, -27.614345], [32.758994, -27.614045], [32.758965, -27.613786], [32.758932, -27.613483], [32.758906, -27.61325], [32.758894, -27.613143], [32.758589, -27.610368], [32.758498, -27.609547], [32.752644, -27.554216], [32.752639, -27.554172], [32.749845, -27.528219], [32.749844, -27.528206], [32.749836, -27.528143], [32.749831, -27.528098], [32.749831, -27.528092], [32.749827, -27.52806], [32.749824, -27.528028], [32.746917, -27.502225], [32.746915, -27.502206], [32.746914, -27.5022], [32.746905, -27.50213], [32.73481, -27.392958], [32.734807, -27.392932], [32.734807, -27.392926], [32.734749, -27.392426], [32.734498, -27.390198], [32.734495, -27.390173], [32.734491, -27.390141], [32.734482, -27.390064], [32.734477, -27.390025], [32.734468, -27.389942], [32.734466, -27.389929], [32.734451, -27.389801], [32.734445, -27.389749], [32.734435, -27.38966], [32.734425, -27.389576], [32.734414, -27.389474], [32.734405, -27.389397], [32.734405, -27.389397], [32.734398, -27.389333], [32.734395, -27.389307], [32.734387, -27.389237], [32.734384, -27.389211], [32.734378, -27.389153], [32.734353, -27.388936], [32.734338, -27.388802], [32.734328, -27.388706], [32.734315, -27.388585], [32.734307, -27.388515], [32.734305, -27.388502], [32.734292, -27.388381], [32.734268, -27.388159], [32.734266, -27.388147], [32.734266, -27.38814], [32.734264, -27.388121], [32.734263, -27.388115], [32.73426, -27.38809], [32.734245, -27.387951], [32.734238, -27.387887], [32.734234, -27.387856], [32.734231, -27.387824], [32.73423, -27.387811], [32.734228, -27.387799], [32.734228, -27.387799], [32.734223, -27.387748], [32.734222, -27.387748], [32.73422, -27.387729], [32.73422, -27.387723], [32.734216, -27.387691], [32.734216, -27.387691], [32.734197, -27.38752], [32.734196, -27.387507], [32.734192, -27.387476], [32.734172, -27.387298], [32.734097, -27.386635], [32.734076, -27.38645], [32.734052, -27.386238], [32.734048, -27.3862], [32.734032, -27.386065], [32.73403, -27.386046], [32.733979, -27.385597], [32.733906, -27.384943], [32.733906, -27.384937], [32.733893, -27.384822], [32.733889, -27.38479], [32.733886, -27.384764], [32.733886, -27.384758], [32.733885, -27.384752], [32.733884, -27.384745], [32.733883, -27.384733], [32.733883, -27.384733], [32.733883, -27.384733], [32.733881, -27.38472], [32.73388, -27.384707], [32.73388, -27.384707], [32.733878, -27.384688], [32.733875, -27.384669], [32.733727, -27.383383], [32.733719, -27.383313], [32.733715, -27.383276], [32.733633, -27.382563], [32.733633, -27.382563], [32.733631, -27.382544], [32.733374, -27.38027], [32.733178, -27.378535], [32.733176, -27.378522], [32.733174, -27.378503], [32.733168, -27.378446]]}}, {"type": "Feature", "properties": {"track": "1340-7-4", "n": 34}, "geometry": {"type": "LineString", "coordinates": [[32.758765, -27.603094], [32.758761, -27.603062], [32.758756, -27.603011], [32.758739, -27.602858], [32.758733, -27.602801], [32.758733, -27.602795], [32.758732, -27.602788], [32.75359, -27.55408], [32.753583, -27.554016], [32.753578, -27.553972], [32.752531, -27.544522], [32.752525, -27.544465], [32.75252, -27.54442], [32.752516, -27.544388], [32.751989, -27.539673], [32.751979, -27.539584], [32.751972, -27.539521], [32.747234, -27.497709], [32.747225, -27.497633], [32.747221, -27.497595], [32.735468, -27.391378], [32.735461, -27.391314], [32.735461, -27.391308], [32.735157, -27.388655], [32.735155, -27.388636], [32.735151, -27.388598], [32.735148, -27.388566], [32.735134, -27.388432], [32.735123, -27.38833], [32.734262, -27.380558], [32.734262, -27.380558], [32.734244, -27.380398], [32.734243, -27.380385], [32.734232, -27.380289]]}}, {"type": "Feature", "properties": {"track": "1340-7-5", "n": 106}, "geometry": {"type": "LineString", "coordinates": [[32.79062, -27.600728], [32.790618, -27.600715], [32.79061, -27.600632], [32.780714, -27.508625], [32.779744, -27.500078], [32.779741, -27.500052], [32.779738, -27.50002], [32.77973, -27.499956], [32.779727, -27.499931], [32.779425, -27.4973], [32.77939, -27.497001], [32.779386, -27.49697], [32.779383, -27.496944], [32.760426, -27.326114], [32.760422, -27.326082], [32.760418, -27.326044], [32.760408, -27.325948], [32.7604, -27.325865], [32.760398, -27.325852], [32.760386, -27.325737], [32.76035, -27.325413], [32.760348, -27.325388], [32.760341, -27.325331], [32.76034, -27.325318], [32.760325, -27.325185], [32.760324, -27.325179], [32.760324, -27.325172], [32.760322, -27.32516], [32.760295, -27.324912], [32.760294, -27.3249], [32.760292, -27.324887], [32.76029, -27.324861], [32.760265, -27.324633], [32.760245, -27.324442], [32.760242, -27.324417], [32.760236, -27.32436], [32.760231, -27.324309], [32.760227, -27.324264], [32.760226, -27.324258], [32.760198, -27.323984], [32.760173, -27.323735], [32.760172, -27.323722], [32.760167, -27.323677], [32.760165, -27.323658], [32.760158, -27.323582], [32.760149, -27.323492], [32.760146, -27.323467], [32.760138, -27.323384], [32.760135, -27.323358], [32.760129, -27.323301], [32.760125, -27.323263], [32.760124, -27.32325], [32.760117, -27.323186], [32.760093, -27.322957], [32.760089, -27.322918], [32.760082, -27.322855], [32.76008, -27.322835], [32.760078, -27.32281], [32.760075, -27.322791], [32.760071, -27.322746], [32.760066, -27.322702], [32.760057, -27.322619], [32.760057, -27.322612], [32.760051, -27.322561], [32.760048, -27.322536], [32.760047, -27.322523], [32.760038, -27.322434], [32.760034, -27.322402], [32.760034, -27.322402], [32.760032, -27.322383], [32.76003, -27.322364], [32.76002, -27.322268], [32.760013, -27.322205], [32.760013, -27.322205], [32.76001, -27.322173], [32.760006, -27.322135], [32.759992, -27.322007], [32.75999, -27.321988], [32.759987, -27.321957], [32.759986, -27.32195], [32.759983, -27.321918], [32.759982, -27.321912], [32.759981, -27.321906], [32.759979, -27.321887], [32.759978, -27.321874], [32.759977, -27.321867], [32.759964, -27.32174], [32.759959, -27.321689], [32.759956, -27.321664], [32.759955, -27.321651], [32.759949, -27.321594], [32.759948, -27.321581], [32.759947, -27.321581], [32.75994, -27.321505], [32.75994, -27.321505], [32.759931, -27.321422], [32.759851, -27.320657], [32.75985, -27.32065], [32.759849, -27.320637], [32.759846, -27.320612], [32.759792, -27.320106], [32.759788, -27.320067], [32.759786, -27.320048], [32.759785, -27.320042], [32.759781, -27.320003], [32.759781, -27.320003]]}}, {"type": "Feature", "properties": {"track": "1340-7-6", "n": 18}, "geometry": {"type": "LineString", "coordinates": [[32.791545, -27.600428], [32.791539, -27.600377], [32.791534, -27.600332], [32.790325, -27.588796], [32.790319, -27.588733], [32.790316, -27.588707], [32.779753, -27.492981], [32.779745, -27.49291], [32.779735, -27.492828], [32.775714, -27.45625], [32.775693, -27.456052], [32.76764, -27.383875], [32.767631, -27.383793], [32.767628, -27.383761], [32.767624, -27.383729], [32.761327, -27.325099], [32.761319, -27.325016], [32.76131, -27.324926]]}}, {"type": "Feature", "properties": {"track": "1340-9-4", "n": 8}, "geometry": {"type": "LineString", "coordinates": [[32.792427, -27.613009], [32.792427, -27.613002], [32.792427, -27.613002], [32.792427, -27.613002], [32.792423, -27.61297], [32.792415, -27.612894], [32.792413, -27.612881], [32.772606, -27.433976]]}}, {"type": "Feature", "properties": {"track": "220-11-1", "n": 615}, "geometry": {"type": "LineString", "coordinates": [[32.673284, -27.582215], [32.673291, -27.582158], [32.673294, -27.582132], [32.673298, -27.582094], [32.673646, -27.57893], [32.673651, -27.578885], [32.673653, -27.57886], [32.673656, -27.57884], [32.67366, -27.578795], [32.673663, -27.578776], [32.673665, -27.57875], [32.673674, -27.578673], [32.673676, -27.578654], [32.673676, -27.578654], [32.673687, -27.578551], [32.673688, -27.578544], [32.673688, -27.578544], [32.673691, -27.578512], [32.673702, -27.578409], [32.673707, -27.578364], [32.673733, -27.578126], [32.67375, -27.577966], [32.673753, -27.577947], [32.673755, -27.577928], [32.673795, -27.577571], [32.673828, -27.577272], [32.673828, -27.577272], [32.67383, -27.577253], [32.673839, -27.577171], [32.673894, -27.576675], [32.673913, -27.576496], [32.673934, -27.576305], [32.673936, -27.576286], [32.674283, -27.573143], [32.674295, -27.573034], [32.674305, -27.572945], [32.674324, -27.572774], [32.674327, -27.572742], [32.674349, -27.572539], [32.6744, -27.572068], [32.674401, -27.572062], [32.674403, -27.572043], [32.674412, -27.57196], [32.674412, -27.57196], [32.674418, -27.571903], [32.674428, -27.571814], [32.674431, -27.571789], [32.674436, -27.571738], [32.674467, -27.571444], [32.674469, -27.571425], [32.674484, -27.571285], [32.674497, -27.571164], [32.6745, -27.571138], [32.674537, -27.5708], [32.674553, -27.570648], [32.674593, -27.570292], [32.674593, -27.570286], [32.674597, -27.570254], [32.674606, -27.570178], [32.674608, -27.570153], [32.674617, -27.570077], [32.674625, -27.570007], [32.674635, -27.569918], [32.67465, -27.569785], [32.674661, -27.56969], [32.674664, -27.569665], [32.674671, -27.569601], [32.674718, -27.569182], [32.674723, -27.569137], [32.674726, -27.569105], [32.674736, -27.569022], [32.674737, -27.569009], [32.674744, -27.568945], [32.674797, -27.568458], [32.674803, -27.5684], [32.674807, -27.568368], [32.674807, -27.568368], [32.674808, -27.568355], [32.674811, -27.568329], [32.674811, -27.568329], [32.674824, -27.568207], [32.674825, -27.568201], [32.674826, -27.568188], [32.674831, -27.568149], [32.67488, -27.567694], [32.674889, -27.567611], [32.674893, -27.567579], [32.674903, -27.567483], [32.674916, -27.567361], [32.674918, -27.567342], [32.674925, -27.567285], [32.674932, -27.567214], [32.674942, -27.567125], [32.67496, -27.566966], [32.674967, -27.566902], [32.67497, -27.566877], [32.674971, -27.566864], [32.674972, -27.566851], [32.674977, -27.566813], [32.674982, -27.566768], [32.674982, -27.566768], [32.674987, -27.566717], [32.674992, -27.566692], [32.674994, -27.566666], [32.674997, -27.566647], [32.674996, -27.566641], [32.675007, -27.566539], [32.675011, -27.566508], [32.675025, -27.566381], [32.675035, -27.566292], [32.675053, -27.566133], [32.675078, -27.565911], [32.675089, -27.565809], [32.675093, -27.565777], [32.675095, -27.565752], [32.675109, -27.565631], [32.675118, -27.565548], [32.675129, -27.565446], [32.675138, -27.565363], [32.675149, -27.56526], [32.675153, -27.565222], [32.675163, -27.565126], [32.675168, -27.565081], [32.675187, -27.564896], [32.675187, -27.564896], [32.67519, -27.56487], [32.675206, -27.564723], [32.675206, -27.564723], [32.675211, -27.564672], [32.675212, -27.564659], [32.675227, -27.564524], [32.675235, -27.564448], [32.675245, -27.564352], [32.675255, -27.564256], [32.675314, -27.563729], [32.675318, -27.563698], [32.675319, -27.563691], [32.675562, -27.561473], [32.67561, -27.561032], [32.675615, -27.560987], [32.675618, -27.560961], [32.67562, -27.560942], [32.675622, -27.560929], [32.675628, -27.560872], [32.675635, -27.560808], [32.675741, -27.559871], [32.675742, -27.559871], [32.67575, -27.559794], [32.675762, -27.559692], [32.675774, -27.559584], [32.675779, -27.559539], [32.675792, -27.559418], [32.675793, -27.559412], [32.675793, -27.559412], [32.675811, -27.559252], [32.676466, -27.553246], [32.676469, -27.55322], [32.676471, -27.553208], [32.676471, -27.553208], [32.676479, -27.553131], [32.67648, -27.553125], [32.676485, -27.553086], [32.676486, -27.553073], [32.676508, -27.552875], [32.676509, -27.552869], [32.676516, -27.552811], [32.676516, -27.552805], [32.676517, -27.552798], [32.678093, -27.53848], [32.6781, -27.538417], [32.678101, -27.538411], [32.67811, -27.538329], [32.678116, -27.538285], [32.678119, -27.53826], [32.678122, -27.538234], [32.678124, -27.538216], [32.678129, -27.538172], [32.678131, -27.538159], [32.678131, -27.538153], [32.678132, -27.538147], [32.678133, -27.53814], [32.678135, -27.538122], [32.678135, -27.538122], [32.678136, -27.538115], [32.678137, -27.538109], [32.67814, -27.538084], [32.67814, -27.538078], [32.678141, -27.538071], [32.678141, -27.538071], [32.678142, -27.538065], [32.678149, -27.538009], [32.678149, -27.538009], [32.678155, -27.537958], [32.678157, -27.53794], [32.67816, -27.537915], [32.67816, -27.537915], [32.678161, -27.537902], [32.678163, -27.537883], [32.678178, -27.537758], [32.678182, -27.537726], [32.678185, -27.537701], [32.678317, -27.536475], [32.67832, -27.536443], [32.678348, -27.536171], [32.678355, -27.536106], [32.678493, -27.534872], [32.678505, -27.534758], [32.678621, -27.533682], [32.678821, -27.531909], [32.678827, -27.531852], [32.678831, -27.53182], [32.678844, -27.531699], [32.678875, -27.531426], [32.678878, -27.531394], [32.678887, -27.531312], [32.67889, -27.531286], [32.6789, -27.531191], [32.678927, -27.530943], [32.67894, -27.530829], [32.678957, -27.53067], [32.678974, -27.530505], [32.67899, -27.530358], [32.679021, -27.530065], [32.679048, -27.529816], [32.679081, -27.529521], [32.679463, -27.526013], [32.679475, -27.525911], [32.679489, -27.525784], [32.679492, -27.525759], [32.679507, -27.525619], [32.679513, -27.525569], [32.679518, -27.525524], [32.679529, -27.525429], [32.679531, -27.52541], [32.679536, -27.525366], [32.679543, -27.525309], [32.679544, -27.525296], [32.679624, -27.524588], [32.679644, -27.524417], [32.679644, -27.524417], [32.679646, -27.524398], [32.679658, -27.524289], [32.680151, -27.519781], [32.68017, -27.519615], [32.680173, -27.519583], [32.680185, -27.519476], [32.680195, -27.519394], [32.680204, -27.519312], [32.680211, -27.519249], [32.680989, -27.512158], [32.680998, -27.512082], [32.68105, -27.511617], [32.681063, -27.511496], [32.68108, -27.511343], [32.681092, -27.511235], [32.681095, -27.511209], [32.681099, -27.511177], [32.681235, -27.509942], [32.681238, -27.509916], [32.681265, -27.509668], [32.68128, -27.509534], [32.681299, -27.509362], [32.681488, -27.507646], [32.681496, -27.50757], [32.681501, -27.507519], [32.681696, -27.505739], [32.681706, -27.50565], [32.681709, -27.505624], [32.681711, -27.505605], [32.681717, -27.505548], [32.681723, -27.505497], [32.68173, -27.505433], [32.681742, -27.505325], [32.681747, -27.505286], [32.681775, -27.50503], [32.681795, -27.504851], [32.681797, -27.504832], [32.681797, -27.504832], [32.681812, -27.504697], [32.681813, -27.504685], [32.681855, -27.504306], [32.681861, -27.504255], [32.681862, -27.504242], [32.681863, -27.504229], [32.681863, -27.504229], [32.681872, -27.504159], [32.682041, -27.502617], [32.682057, -27.502464], [32.682062, -27.502413], [32.682066, -27.502382], [32.682125, -27.501809], [32.682144, -27.501643], [32.682158, -27.501516], [32.682164, -27.501459], [32.68218, -27.501325], [32.682203, -27.501121], [32.682215, -27.501019], [32.682231, -27.500885], [32.682244, -27.50077], [32.682258, -27.500656], [32.682258, -27.500649], [32.682278, -27.500478], [32.682314, -27.500154], [32.682326, -27.500053], [32.682333, -27.49999], [32.682345, -27.499876], [32.682354, -27.499787], [32.682371, -27.499629], [32.682379, -27.49956], [32.68245, -27.498899], [32.682458, -27.498822], [32.68247, -27.498714], [32.682472, -27.498701], [32.682481, -27.498618], [32.682482, -27.498611], [32.682483, -27.498599], [32.682511, -27.498349], [32.682511, -27.498342], [32.682515, -27.49831], [32.682521, -27.498259], [32.682524, -27.498227], [32.682533, -27.49815], [32.682546, -27.498034], [32.68256, -27.497905], [32.682563, -27.497879], [32.682563, -27.497873], [32.682572, -27.49779], [32.682587, -27.497655], [32.682589, -27.497635], [32.682591, -27.497616], [32.682595, -27.497577], [32.682596, -27.497571], [32.682598, -27.497552], [32.6826, -27.497539], [32.682606, -27.497481], [32.682619, -27.497365], [32.682623, -27.497327], [32.682627, -27.497288], [32.682632, -27.497237], [32.682638, -27.497179], [32.682639, -27.497179], [32.68265, -27.497077], [32.682662, -27.496962], [32.682677, -27.496821], [32.682684, -27.496757], [32.682687, -27.496732], [32.682699, -27.496617], [32.682703, -27.496579], [32.682712, -27.496496], [32.682716, -27.496465], [32.682718, -27.496439], [32.68272, -27.496427], [32.68272, -27.496427], [32.68272, -27.496427], [32.682783, -27.49585], [32.68279, -27.495787], [32.682794, -27.495743], [32.682795, -27.495736], [32.682796, -27.49573], [32.682803, -27.495667], [32.682828, -27.495439], [32.682843, -27.495292], [32.682858, -27.495158], [32.682859, -27.495146], [32.682862, -27.49512], [32.682872, -27.495031], [32.682872, -27.495031], [32.682876, -27.494992], [32.682882, -27.494935], [32.682896, -27.494807], [32.682922, -27.494564], [32.682931, -27.49448], [32.682932, -27.494474], [32.682948, -27.49432], [32.68295, -27.494301], [32.682952, -27.494288], [32.682953, -27.494275], [32.682957, -27.494243], [32.682957, -27.494243], [32.682958, -27.494231], [32.682959, -27.494224], [32.682959, -27.494224], [32.682961, -27.494205], [32.682962, -27.494192], [32.682964, -27.49418], [32.682965, -27.494167], [32.682966, -27.494154], [32.682971, -27.494109], [32.682978, -27.494052], [32.68299, -27.493944], [32.682995, -27.493899], [32.683, -27.493849], [32.683001, -27.493842], [32.683001, -27.493842], [32.683002, -27.493829], [32.683014, -27.493722], [32.683022, -27.493652], [32.683029, -27.493588], [32.683037, -27.493519], [32.683041, -27.493487], [32.683044, -27.493462], [32.683059, -27.493329], [32.683062, -27.493303], [32.683068, -27.493246], [32.683074, -27.493196], [32.683078, -27.493158], [32.683085, -27.4931], [32.683088, -27.493075], [32.683092, -27.493037], [32.683097, -27.492993], [32.683105, -27.492923], [32.683108, -27.492891], [32.683121, -27.492777], [32.683122, -27.49277], [32.683123, -27.492764], [32.683125, -27.492745], [32.683126, -27.492732], [32.683129, -27.492713], [32.683132, -27.492687], [32.683139, -27.492617], [32.683142, -27.492598], [32.683144, -27.492578], [32.683148, -27.49254], [32.68315, -27.492521], [32.683151, -27.492515], [32.683165, -27.492393], [32.683173, -27.492322], [32.683183, -27.492233], [32.683189, -27.492175], [32.683193, -27.492136], [32.683198, -27.492098], [32.683207, -27.492014], [32.68322, -27.491899], [32.68322, -27.491899], [32.683222, -27.49188], [32.683224, -27.49186], [32.683226, -27.491841], [32.683236, -27.491751], [32.683237, -27.491738], [32.683241, -27.491706], [32.683242, -27.4917], [32.683244, -27.491681], [32.683246, -27.491661], [32.683248, -27.491642], [32.683254, -27.491584], [32.683256, -27.491565], [32.683256, -27.491565], [32.683257, -27.491559], [32.683257, -27.491559], [32.68326, -27.491533], [32.683261, -27.491527], [32.683261, -27.49152], [32.683261, -27.49152], [32.683268, -27.491463], [32.683268, -27.491456], [32.683274, -27.491405], [32.683276, -27.491386], [32.683276, -27.491386], [32.683277, -27.49138], [32.683282, -27.491329], [32.683284, -27.491316], [32.683285, -27.491303], [32.683286, -27.49129], [32.683287, -27.491284], [32.68329, -27.491252], [32.683301, -27.491157], [32.683305, -27.491118], [32.683306, -27.491106], [32.683309, -27.49108], [32.683314, -27.491036], [32.683321, -27.490966], [32.683325, -27.490928], [32.683329, -27.490896], [32.68333, -27.490889], [32.683336, -27.490826], [32.68335, -27.490699], [32.68335, -27.490699], [32.683352, -27.490686], [32.683361, -27.490598], [32.683362, -27.490591], [32.683364, -27.490572], [32.683374, -27.490477], [32.683374, -27.490477], [32.683376, -27.490464], [32.683377, -27.490452], [32.683377, -27.490452], [32.683377, -27.490452], [32.683378, -27.490445], [32.683378, -27.490439], [32.68338, -27.490426], [32.683385, -27.490376], [32.683385, -27.490376], [32.683396, -27.490274], [32.6834, -27.490236], [32.683402, -27.490224], [32.68341, -27.490154], [32.683413, -27.490122], [32.683414, -27.490116], [32.683421, -27.490046], [32.683426, -27.490002], [32.683428, -27.489983], [32.683433, -27.489939], [32.683434, -27.489932], [32.683435, -27.48992], [32.683438, -27.489894], [32.68344, -27.489875], [32.683444, -27.489843], [32.683457, -27.489723], [32.683627, -27.488181], [32.683632, -27.488136], [32.683636, -27.488097], [32.683638, -27.488078], [32.68364, -27.488058], [32.683649, -27.487975], [32.68365, -27.487968], [32.683652, -27.487949], [32.683657, -27.487898], [32.683658, -27.487891], [32.683658, -27.487891], [32.683663, -27.48784], [32.683668, -27.487802], [32.68367, -27.487776], [32.683681, -27.487674], [32.683682, -27.487667], [32.683684, -27.487654], [32.683693, -27.487565], [32.683703, -27.487476], [32.683706, -27.487451], [32.68371, -27.487413], [32.683713, -27.487387], [32.683714, -27.487381], [32.683715, -27.487368], [32.683718, -27.487343], [32.683723, -27.487299], [32.683724, -27.487292], [32.683727, -27.487261], [32.683728, -27.487254], [32.683732, -27.487216], [32.683738, -27.487166], [32.683739, -27.487153], [32.683744, -27.487109], [32.683745, -27.487096], [32.683747, -27.487083], [32.683747, -27.487077], [32.683748, -27.487071], [32.683749, -27.487064], [32.68375, -27.487052], [32.683752, -27.487039], [32.683752, -27.487033], [32.683754, -27.48702], [32.683755, -27.487007], [32.683757, -27.486988], [32.683764, -27.486932], [32.683766, -27.486906], [32.683771, -27.486862], [32.683773, -27.486849], [32.683774, -27.486843], [32.683774, -27.486837], [32.683775, -27.48683], [32.683776, -27.486818], [32.683781, -27.48678], [32.683781, -27.486774], [32.683781, -27.486774], [32.683782, -27.486767], [32.68379, -27.486698], [32.68379, -27.486698], [32.683793, -27.486673], [32.6838, -27.48661], [32.6838, -27.48661], [32.683808, -27.486534], [32.683809, -27.486521], [32.68381, -27.486515], [32.68381, -27.486515], [32.683811, -27.486508], [32.683813, -27.48649], [32.683816, -27.486464], [32.683816, -27.486464], [32.683817, -27.486452], [32.683822, -27.486414], [32.683822, -27.486407], [32.683827, -27.486363], [32.683828, -27.486356], [32.683828, -27.486356], [32.683829, -27.486344], [32.683831, -27.486331], [32.683831, -27.486331], [32.683831, -27.486331], [32.683834, -27.486306], [32.683835, -27.486293], [32.683836, -27.48628], [32.683845, -27.486204], [32.683846, -27.486191], [32.683846, -27.486191], [32.683847, -27.486185], [32.683856, -27.486103], [32.683857, -27.486096], [32.683859, -27.486077], [32.68386, -27.486064], [32.683864, -27.486026], [32.683865, -27.48602], [32.683874, -27.485937], [32.683875, -27.485931], [32.683878, -27.485905], [32.683878, -27.485905], [32.683888, -27.48581], [32.683897, -27.485727], [32.683943, -27.485312], [32.683946, -27.485287], [32.683946, -27.485287], [32.683964, -27.48512], [32.683965, -27.485114], [32.683967, -27.485095], [32.683968, -27.485089], [32.683968, -27.485082], [32.683969, -27.485076]]}}, {"type": "Feature", "properties": {"track": "220-11-2", "n": 14}, "geometry": {"type": "LineString", "coordinates": [[32.675819, -27.567367], [32.675823, -27.567335], [32.67583, -27.567271], [32.677298, -27.553921], [32.677299, -27.553908], [32.677305, -27.553858], [32.685136, -27.482699], [32.685168, -27.482413], [32.685169, -27.482407], [32.685169, -27.482407], [32.685173, -27.482369], [32.685176, -27.482343], [32.685177, -27.482337], [32.68518, -27.482305]]}}, {"type": "Feature", "properties": {"track": "220-11-3", "n": 263}, "geometry": {"type": "LineString", "coordinates": [[32.702774, -27.615262], [32.702778, -27.615217], [32.70653, -27.581065], [32.70653, -27.581065], [32.708133, -27.566431], [32.708137, -27.566399], [32.708145, -27.566329], [32.708687, -27.561417], [32.708696, -27.561329], [32.708702, -27.561272], [32.708703, -27.561266], [32.712216, -27.529242], [32.712221, -27.529191], [32.712229, -27.529108], [32.71223, -27.529102], [32.712479, -27.526817], [32.712481, -27.526805], [32.712484, -27.526773], [32.715613, -27.498314], [32.715622, -27.498231], [32.715628, -27.498174], [32.715629, -27.498167], [32.723641, -27.425048], [32.723643, -27.425029], [32.723646, -27.425003], [32.723696, -27.424536], [32.723698, -27.424523], [32.723704, -27.424465], [32.723727, -27.424247], [32.723733, -27.424189], [32.723739, -27.424131], [32.723741, -27.424112], [32.723751, -27.424022], [32.723751, -27.424022], [32.723754, -27.423989], [32.723763, -27.423906], [32.723767, -27.423874], [32.723769, -27.423848], [32.723773, -27.423816], [32.723778, -27.423771], [32.723805, -27.423514], [32.723985, -27.421895], [32.724001, -27.421762], [32.72404, -27.42142], [32.724049, -27.421344], [32.72405, -27.421337], [32.724065, -27.421198], [32.72418, -27.420104], [32.724183, -27.420071], [32.724192, -27.419981], [32.724217, -27.419731], [32.724224, -27.41966], [32.724267, -27.419258], [32.724271, -27.41922], [32.724284, -27.419106], [32.724819, -27.414337], [32.724819, -27.414337], [32.724821, -27.414318], [32.724899, -27.413584], [32.724903, -27.413546], [32.724905, -27.413521], [32.724933, -27.413249], [32.724942, -27.413167], [32.724946, -27.413129], [32.72495, -27.413084], [32.724955, -27.41304], [32.724955, -27.41304], [32.724958, -27.413008], [32.725041, -27.412199], [32.725046, -27.412154], [32.72505, -27.412116], [32.725054, -27.412077], [32.725058, -27.412038], [32.72531, -27.409846], [32.725312, -27.409814], [32.725314, -27.409801], [32.725319, -27.409763], [32.725643, -27.406776], [32.725647, -27.406744], [32.72565, -27.406712], [32.725654, -27.40668], [32.725655, -27.406673], [32.725658, -27.406648], [32.72566, -27.406622], [32.725661, -27.406616], [32.725661, -27.406616], [32.725674, -27.406494], [32.72568, -27.406443], [32.725682, -27.40643], [32.72569, -27.406353], [32.725737, -27.405918], [32.725741, -27.405886], [32.725749, -27.40581], [32.725785, -27.405477], [32.725811, -27.405227], [32.725812, -27.405221], [32.726031, -27.403201], [32.726034, -27.403176], [32.726055, -27.402986], [32.726056, -27.402973], [32.726064, -27.402903], [32.72607, -27.402852], [32.726075, -27.402802], [32.726076, -27.402795], [32.72611, -27.40249], [32.726113, -27.402464], [32.726118, -27.402413], [32.726128, -27.40233], [32.726139, -27.402228], [32.726192, -27.401756], [32.726203, -27.401653], [32.726223, -27.401475], [32.726234, -27.401373], [32.726234, -27.401373], [32.726244, -27.40129], [32.726246, -27.401265], [32.726248, -27.401245], [32.726258, -27.401156], [32.726258, -27.401156], [32.726264, -27.401099], [32.726269, -27.401054], [32.726282, -27.400933], [32.726284, -27.400914], [32.726287, -27.400889], [32.726288, -27.400882], [32.726292, -27.400844], [32.726293, -27.400838], [32.726293, -27.400831], [32.726295, -27.400819], [32.726296, -27.400806], [32.726299, -27.400781], [32.726305, -27.400723], [32.726307, -27.400711], [32.72631, -27.400679], [32.726324, -27.400545], [32.726326, -27.400532], [32.726327, -27.400526], [32.726327, -27.40052], [32.726329, -27.400507], [32.726332, -27.400475], [32.726351, -27.400303], [32.726355, -27.400259], [32.726374, -27.400086], [32.726381, -27.400023], [32.726388, -27.399959], [32.726388, -27.399959], [32.726395, -27.399889], [32.726396, -27.399882], [32.726398, -27.399863], [32.726398, -27.399863], [32.7264, -27.39985], [32.7264, -27.39985], [32.726418, -27.399685], [32.726422, -27.399646], [32.726425, -27.399621], [32.726425, -27.399614], [32.726431, -27.399563], [32.72644, -27.39948], [32.726457, -27.399321], [32.726458, -27.399314], [32.72646, -27.399295], [32.726487, -27.39904], [32.726489, -27.399021], [32.726588, -27.398122], [32.726761, -27.39654], [32.726762, -27.396534], [32.726762, -27.396534], [32.726763, -27.396528], [32.726765, -27.396509], [32.726775, -27.396414], [32.726777, -27.396395], [32.726779, -27.396376], [32.72678, -27.396369], [32.726785, -27.396319], [32.726789, -27.396287], [32.726789, -27.396281], [32.726791, -27.396268], [32.726791, -27.396262], [32.726791, -27.396262], [32.726791, -27.396262], [32.726797, -27.396205], [32.7268, -27.396179], [32.726801, -27.396166], [32.726804, -27.396147], [32.726804, -27.396141], [32.726806, -27.396128], [32.726806, -27.396122], [32.726815, -27.39604], [32.726815, -27.39604], [32.726818, -27.396008], [32.72682, -27.395995], [32.72682, -27.395989], [32.726829, -27.395913], [32.726829, -27.395913], [32.72683, -27.3959], [32.726831, -27.395894], [32.726833, -27.395875], [32.726833, -27.395875], [32.726837, -27.395836], [32.726837, -27.395836], [32.72684, -27.395805], [32.72684, -27.395805], [32.726841, -27.395798], [32.726841, -27.395792], [32.726842, -27.395786], [32.726844, -27.395773], [32.726846, -27.395754], [32.726846, -27.395747], [32.726846, -27.395747], [32.726854, -27.395671], [32.726856, -27.395658], [32.726859, -27.395633], [32.726859, -27.395633], [32.726863, -27.395595], [32.726864, -27.395582], [32.726865, -27.395576], [32.726868, -27.395544], [32.726869, -27.395537], [32.726869, -27.395537], [32.726873, -27.395499], [32.726873, -27.395499], [32.726876, -27.395474], [32.726876, -27.395474], [32.726876, -27.395474], [32.726878, -27.395448], [32.726878, -27.395448], [32.72688, -27.395436], [32.72688, -27.395436], [32.726883, -27.395404], [32.726889, -27.395346], [32.72689, -27.39534], [32.726891, -27.395334], [32.726891, -27.395327], [32.726894, -27.395302], [32.726894, -27.395302], [32.726895, -27.395295], [32.726898, -27.39527], [32.726898, -27.395263], [32.7269, -27.395251], [32.726905, -27.395199], [32.72691, -27.395155], [32.726911, -27.395148], [32.726912, -27.395142], [32.726912, -27.395142], [32.726932, -27.394956], [32.726935, -27.394937], [32.726958, -27.394732], [32.726958, -27.394732], [32.726964, -27.39468], [32.726965, -27.394668], [32.726966, -27.394655], [32.726966, -27.394655], [32.726977, -27.394565], [32.726977, -27.394565], [32.726984, -27.394501], [32.726993, -27.394417], [32.726994, -27.39441], [32.726999, -27.394365], [32.726999, -27.394365], [32.727002, -27.39434], [32.727002, -27.39434], [32.727023, -27.394159], [32.727028, -27.394114]]}}, {"type": "Feature", "properties": {"track": "220-11-4", "n": 3}, "geometry": {"type": "LineString", "coordinates": [[32.703917, -27.613371], [32.727472, -27.398559], [32.727477, -27.398514]]}}, {"type": "Feature", "properties": {"track": "220-11-5", "n": 32}, "geometry": {"type": "LineString", "coordinates": [[32.738602, -27.590698], [32.738603, -27.590686], [32.738609, -27.590634], [32.74031, -27.575066], [32.74032, -27.574977], [32.740328, -27.574901], [32.740337, -27.574825], [32.740345, -27.574748], [32.740348, -27.574717], [32.74035, -27.574697], [32.740356, -27.574646], [32.742893, -27.551484], [32.742903, -27.551395], [32.742907, -27.551357], [32.742908, -27.551345], [32.742914, -27.551294], [32.745084, -27.531466], [32.7451, -27.531327], [32.745111, -27.531219], [32.746894, -27.514935], [32.746903, -27.514846], [32.74691, -27.514782], [32.74692, -27.514686], [32.746922, -27.514667], [32.746927, -27.514616], [32.748061, -27.504146], [32.74908, -27.494923], [32.749083, -27.494898], [32.749087, -27.494866], [32.760773, -27.387898], [32.760776, -27.387867], [32.760776, -27.387867]]}}, {"type": "Feature", "properties": {"track": "220-11-6", "n": 30}, "geometry": {"type": "LineString", "coordinates": [[32.739288, -27.59292], [32.73929, -27.592895], [32.739297, -27.592838], [32.741153, -27.57587], [32.741156, -27.575845], [32.741161, -27.5758], [32.742094, -27.567302], [32.742096, -27.567283], [32.7421, -27.567244], [32.743364, -27.555674], [32.743371, -27.555611], [32.743378, -27.555553], [32.746103, -27.530628], [32.746109, -27.530577], [32.746115, -27.530526], [32.748155, -27.511856], [32.756143, -27.438793], [32.756147, -27.438754], [32.756156, -27.438678], [32.757315, -27.428029], [32.758931, -27.413293], [32.758936, -27.413249], [32.758937, -27.413236], [32.758942, -27.413191], [32.759226, -27.410559], [32.75923, -27.41052], [32.759231, -27.410514], [32.759665, -27.406568], [32.759673, -27.406491], [32.759677, -27.406453]]}}, {"type": "Feature", "properties": {"track": "220-16-1", "n": 3}, "geometry": {"type": "LineString", "coordinates": [[32.652008, -27.480345], [32.653237, -27.469252], [32.653252, -27.469117]]}}, {"type": "Feature", "properties": {"track": "220-16-5", "n": 141}, "geometry": {"type": "LineString", "coordinates": [[32.726924, -27.398747], [32.726926, -27.398728], [32.726927, -27.398721], [32.726938, -27.398619], [32.726939, -27.398613], [32.726941, -27.3986], [32.726943, -27.398575], [32.726945, -27.398562], [32.726946, -27.398549], [32.726948, -27.39853], [32.726948, -27.39853], [32.726955, -27.398467], [32.726955, -27.398467], [32.726957, -27.398454], [32.72701, -27.397971], [32.727014, -27.397939], [32.727016, -27.397914], [32.727027, -27.397812], [32.727028, -27.397812], [32.727029, -27.397799], [32.727034, -27.397755], [32.727037, -27.397729], [32.727037, -27.397729], [32.727116, -27.397003], [32.727123, -27.396939], [32.727138, -27.396805], [32.727141, -27.396773], [32.727142, -27.396766], [32.727143, -27.39676], [32.727143, -27.39676], [32.727144, -27.396747], [32.727145, -27.396741], [32.727151, -27.396683], [32.727153, -27.39667], [32.727159, -27.396619], [32.72716, -27.396606], [32.727164, -27.396574], [32.727167, -27.396542], [32.727168, -27.396536], [32.727168, -27.396536], [32.72717, -27.396516], [32.727171, -27.39651], [32.727171, -27.396504], [32.727174, -27.396478], [32.727174, -27.396478], [32.727175, -27.396471], [32.727176, -27.396459], [32.727177, -27.396452], [32.727177, -27.396452], [32.727178, -27.396446], [32.727178, -27.396439], [32.727181, -27.396414], [32.727182, -27.396407], [32.727185, -27.396375], [32.727186, -27.396369], [32.727188, -27.396356], [32.727188, -27.39635], [32.727188, -27.39635], [32.727195, -27.396292], [32.727195, -27.396285], [32.727195, -27.396285], [32.727196, -27.396279], [32.727196, -27.396279], [32.727197, -27.396273], [32.727197, -27.396273], [32.727198, -27.39626], [32.7272, -27.396247], [32.727202, -27.396228], [32.727203, -27.396215], [32.727203, -27.396215], [32.727205, -27.396202], [32.72721, -27.396157], [32.727215, -27.396112], [32.727215, -27.396112], [32.727226, -27.396009], [32.72723, -27.395971], [32.727254, -27.395753], [32.727259, -27.395708], [32.727264, -27.395663], [32.727269, -27.395612], [32.727276, -27.395555], [32.727278, -27.395529], [32.72728, -27.395517], [32.727281, -27.395504], [32.727285, -27.395472], [32.727287, -27.395453], [32.727287, -27.395453], [32.727289, -27.395427], [32.727289, -27.395427], [32.727312, -27.395217], [32.727313, -27.395211], [32.72732, -27.395141], [32.72734, -27.394957], [32.727357, -27.394798], [32.727364, -27.394741], [32.727422, -27.39422], [32.727424, -27.394195], [32.727425, -27.394189], [32.727427, -27.394176], [32.727428, -27.394163], [32.727429, -27.394157], [32.72743, -27.394144], [32.727445, -27.39401], [32.727446, -27.39401], [32.727447, -27.393998], [32.72745, -27.393972], [32.727453, -27.39394], [32.727454, -27.393934], [32.727461, -27.393877], [32.727463, -27.393858], [32.727468, -27.393819], [32.727469, -27.393807], [32.72747, -27.3938], [32.727472, -27.393781], [32.727473, -27.393775], [32.727474, -27.393762], [32.727481, -27.393698], [32.727485, -27.393666], [32.727487, -27.393647], [32.72749, -27.393628], [32.727505, -27.393494], [32.727507, -27.393475], [32.727507, -27.393475], [32.72751, -27.393456], [32.727514, -27.393417], [32.727517, -27.393392], [32.72752, -27.393366], [32.727523, -27.393341], [32.727523, -27.393341], [32.727541, -27.393181], [32.727543, -27.393168], [32.727543, -27.393168], [32.727558, -27.393034], [32.727563, -27.39299], [32.727572, -27.392913], [32.727575, -27.392887], [32.727578, -27.392862], [32.72758, -27.392843], [32.727583, -27.392811], [32.727584, -27.392804], [32.727593, -27.392721]]}}, {"type": "Feature", "properties": {"track": "220-16-6", "n": 2}, "geometry": {"type": "LineString", "coordinates": [[32.728761, -27.391353], [32.728769, -27.39129]]}}, {"type": "Feature", "properties": {"track": "220-18-1", "n": 8}, "geometry": {"type": "LineString", "coordinates": [[32.72572, -27.400133], [32.725725, -27.400082], [32.725726, -27.400075], [32.72573, -27.400037], [32.72573, -27.400037], [32.725736, -27.399973], [32.725743, -27.399909], [32.725746, -27.399884]]}}, {"type": "Feature", "properties": {"track": "220-19-1", "n": 193}, "geometry": {"type": "LineString", "coordinates": [[32.705904, -27.452281], [32.706067, -27.45075], [32.706068, -27.450737], [32.706075, -27.450667], [32.706077, -27.450648], [32.706138, -27.450071], [32.706142, -27.450033], [32.706151, -27.449945], [32.706159, -27.449875], [32.706174, -27.449741], [32.706182, -27.449677], [32.706191, -27.4496], [32.706203, -27.449498], [32.706206, -27.449472], [32.706209, -27.44944], [32.706227, -27.449293], [32.706234, -27.449235], [32.706243, -27.449158], [32.706273, -27.448902], [32.706319, -27.448493], [32.706329, -27.448397], [32.70633, -27.448391], [32.706331, -27.448378], [32.706332, -27.448365], [32.706336, -27.448327], [32.706341, -27.448283], [32.706344, -27.448245], [32.706345, -27.448238], [32.706361, -27.448074], [32.706368, -27.448004], [32.706375, -27.447928], [32.706384, -27.447839], [32.706398, -27.447694], [32.706403, -27.447637], [32.706406, -27.447605], [32.706411, -27.447555], [32.706412, -27.447542], [32.706414, -27.447529], [32.706428, -27.447384], [32.706431, -27.447346], [32.706436, -27.447295], [32.706441, -27.447251], [32.706443, -27.447238], [32.706443, -27.447231], [32.706449, -27.447174], [32.706481, -27.446881], [32.706482, -27.446875], [32.706484, -27.446856], [32.706503, -27.44669], [32.706511, -27.44662], [32.706512, -27.446607], [32.706522, -27.446517], [32.706524, -27.446505], [32.706533, -27.446421], [32.706535, -27.446409], [32.706537, -27.446389], [32.706538, -27.446383], [32.706552, -27.446262], [32.706555, -27.446236], [32.706561, -27.446185], [32.706568, -27.446121], [32.706571, -27.446095], [32.706573, -27.446076], [32.706576, -27.446057], [32.706577, -27.446044], [32.706577, -27.446044], [32.706598, -27.445853], [32.706599, -27.445846], [32.706602, -27.445814], [32.706603, -27.445801], [32.706608, -27.445757], [32.706614, -27.445706], [32.706619, -27.445655], [32.70662, -27.445642], [32.70663, -27.445553], [32.706632, -27.445534], [32.706633, -27.445521], [32.706638, -27.445476], [32.706639, -27.44547], [32.70665, -27.445368], [32.706653, -27.445336], [32.706658, -27.445285], [32.706679, -27.445081], [32.706695, -27.444934], [32.706696, -27.444921], [32.706699, -27.444896], [32.706723, -27.444666], [32.706732, -27.444589], [32.706732, -27.444589], [32.706736, -27.444551], [32.706736, -27.444544], [32.706736, -27.444544], [32.706738, -27.444532], [32.706739, -27.444525], [32.706739, -27.444519], [32.706741, -27.4445], [32.706744, -27.44448], [32.706756, -27.444372], [32.706763, -27.444308], [32.70677, -27.444244], [32.706772, -27.444225], [32.706773, -27.444218], [32.706777, -27.44418], [32.706785, -27.444103], [32.706787, -27.44409], [32.706789, -27.444071], [32.706795, -27.44402], [32.706796, -27.444007], [32.706797, -27.444001], [32.7068, -27.443975], [32.706807, -27.443911], [32.70681, -27.443879], [32.706811, -27.443873], [32.706814, -27.443847], [32.706816, -27.443835], [32.706816, -27.443828], [32.706817, -27.443822], [32.706818, -27.443816], [32.706818, -27.443816], [32.70682, -27.443796], [32.70682, -27.44379], [32.706822, -27.443777], [32.706824, -27.443758], [32.706828, -27.44372], [32.706829, -27.443713], [32.706833, -27.443675], [32.706833, -27.443675], [32.706834, -27.443669], [32.706835, -27.443662], [32.706835, -27.443662], [32.706835, -27.443662], [32.706836, -27.44365], [32.706838, -27.443631], [32.706838, -27.443631], [32.706843, -27.443592], [32.706843, -27.443586], [32.706848, -27.443548], [32.706851, -27.443516], [32.706855, -27.443478], [32.706861, -27.443427], [32.706862, -27.44342], [32.706866, -27.443376], [32.70687, -27.443345], [32.706872, -27.443326], [32.706933, -27.44275], [32.706934, -27.442737], [32.70695, -27.442592], [32.706952, -27.442573], [32.70696, -27.442497], [32.706961, -27.442484], [32.70697, -27.442395], [32.706979, -27.442313], [32.706983, -27.442275], [32.70699, -27.442211], [32.706992, -27.442192], [32.707005, -27.442077], [32.707007, -27.442057], [32.707032, -27.441833], [32.707032, -27.441833], [32.707042, -27.441743], [32.707043, -27.44173], [32.707047, -27.441698], [32.707051, -27.441653], [32.707051, -27.441653], [32.707052, -27.441647], [32.707054, -27.441634], [32.707054, -27.441634], [32.707054, -27.441634], [32.707055, -27.441621], [32.707088, -27.441325], [32.707088, -27.441325], [32.707089, -27.441318], [32.707092, -27.441292], [32.707092, -27.441292], [32.707092, -27.441292], [32.707093, -27.441286], [32.707093, -27.44128], [32.707094, -27.441273], [32.707095, -27.441267], [32.707096, -27.44126], [32.707126, -27.440983], [32.707138, -27.440881], [32.707146, -27.440804], [32.707148, -27.440785], [32.707152, -27.440747], [32.707159, -27.440689], [32.707164, -27.440638], [32.707178, -27.440511], [32.707181, -27.440479], [32.707183, -27.440466], [32.707187, -27.440428], [32.707188, -27.440415], [32.707192, -27.440377]]}}, {"type": "Feature", "properties": {"track": "220-2-1", "n": 500}, "geometry": {"type": "LineString", "coordinates": [[32.673146, -27.572154], [32.67317, -27.57193], [32.673177, -27.571866], [32.673194, -27.571713], [32.673194, -27.571713], [32.673196, -27.571694], [32.673225, -27.571438], [32.673254, -27.571184], [32.673267, -27.57107], [32.673272, -27.571026], [32.673277, -27.570981], [32.673277, -27.570975], [32.673277, -27.570975], [32.673279, -27.570956], [32.673285, -27.570906], [32.673308, -27.570704], [32.673315, -27.570647], [32.673325, -27.570552], [32.673326, -27.570546], [32.673331, -27.570502], [32.673332, -27.570496], [32.673335, -27.570464], [32.673354, -27.5703], [32.673359, -27.570249], [32.673363, -27.570218], [32.673365, -27.570199], [32.673405, -27.569837], [32.673412, -27.569772], [32.673513, -27.568828], [32.673521, -27.56875], [32.673526, -27.568705], [32.673528, -27.568685], [32.673538, -27.568588], [32.673538, -27.568582], [32.673548, -27.568492], [32.67355, -27.568473], [32.673554, -27.568435], [32.673571, -27.568276], [32.673573, -27.568257], [32.673575, -27.568231], [32.673576, -27.568225], [32.673577, -27.568219], [32.673577, -27.568212], [32.673581, -27.568174], [32.673581, -27.568174], [32.673581, -27.568174], [32.673582, -27.568168], [32.673584, -27.568149], [32.673587, -27.568124], [32.673587, -27.568117], [32.67359, -27.568098], [32.67359, -27.568092], [32.673592, -27.568073], [32.6736, -27.567997], [32.673604, -27.567959], [32.673604, -27.567959], [32.673608, -27.567922], [32.673608, -27.567922], [32.673609, -27.567915], [32.67361, -27.567909], [32.673611, -27.567896], [32.673613, -27.567878], [32.673615, -27.567859], [32.673618, -27.567827], [32.673619, -27.567821], [32.673621, -27.567802], [32.673628, -27.567739], [32.673633, -27.567695], [32.673633, -27.567689], [32.673635, -27.56767], [32.673641, -27.567613], [32.673642, -27.567607], [32.673652, -27.567513], [32.673653, -27.567507], [32.673656, -27.567475], [32.673661, -27.567431], [32.673667, -27.567375], [32.673669, -27.567356], [32.67367, -27.56735], [32.673671, -27.567337], [32.673671, -27.567337], [32.673672, -27.567331], [32.673672, -27.567325], [32.673674, -27.567306], [32.673675, -27.567299], [32.673675, -27.567299], [32.673682, -27.567236], [32.673691, -27.567154], [32.673696, -27.567103], [32.673699, -27.567078], [32.67371, -27.566976], [32.67371, -27.566976], [32.673718, -27.566907], [32.673719, -27.5669], [32.673719, -27.566894], [32.673721, -27.566881], [32.673721, -27.566875], [32.673726, -27.56683], [32.673728, -27.566811], [32.673729, -27.566805], [32.673731, -27.566792], [32.673731, -27.566786], [32.673733, -27.566767], [32.673735, -27.566748], [32.673744, -27.566671], [32.673744, -27.566665], [32.673749, -27.566627], [32.673752, -27.566595], [32.673759, -27.566531], [32.67376, -27.566525], [32.673763, -27.566493], [32.673766, -27.566474], [32.673773, -27.56641], [32.673775, -27.566384], [32.673778, -27.566365], [32.673802, -27.566141], [32.673804, -27.566128], [32.673811, -27.566058], [32.673814, -27.566039], [32.673881, -27.565426], [32.673881, -27.565426], [32.673888, -27.565362], [32.673892, -27.565324], [32.673897, -27.565279], [32.673899, -27.56526], [32.6739, -27.565253], [32.673913, -27.565139], [32.673916, -27.565107], [32.67392, -27.565075], [32.673923, -27.565049], [32.673927, -27.565017], [32.673929, -27.564992], [32.673938, -27.564915], [32.673946, -27.564845], [32.67395, -27.564814], [32.67395, -27.564814], [32.673951, -27.564801], [32.673955, -27.564769], [32.673956, -27.564756], [32.673973, -27.564616], [32.673974, -27.564603], [32.673977, -27.564578], [32.673979, -27.564559], [32.673982, -27.56454], [32.673984, -27.564521], [32.673985, -27.564508], [32.673987, -27.564495], [32.673989, -27.564476], [32.673991, -27.564463], [32.674143, -27.563127], [32.674145, -27.563108], [32.674145, -27.563108], [32.674158, -27.56298], [32.674375, -27.560957], [32.674383, -27.560893], [32.674391, -27.560817], [32.674393, -27.560798], [32.674398, -27.560753], [32.674398, -27.560747], [32.674399, -27.56074], [32.674406, -27.560677], [32.67441, -27.560645], [32.67441, -27.560639], [32.674411, -27.560632], [32.674413, -27.560613], [32.674422, -27.560531], [32.674423, -27.560525], [32.674424, -27.560512], [32.678997, -27.518837], [32.679003, -27.518779], [32.679018, -27.51864], [32.679052, -27.518321], [32.679055, -27.518289], [32.679122, -27.517658], [32.679122, -27.517658], [32.679131, -27.517569], [32.679149, -27.517416], [32.679182, -27.517123], [32.679197, -27.516989], [32.679254, -27.516497], [32.679262, -27.516426], [32.67927, -27.516356], [32.679273, -27.51633], [32.679317, -27.515927], [32.679348, -27.515639], [32.679348, -27.515632], [32.679354, -27.515581], [32.679354, -27.515575], [32.679403, -27.515102], [32.679415, -27.514987], [32.679454, -27.514624], [32.679473, -27.514447], [32.679475, -27.514421], [32.6795, -27.514193], [32.679503, -27.514167], [32.679532, -27.513907], [32.679534, -27.513888], [32.679541, -27.513824], [32.67955, -27.513742], [32.679564, -27.513614], [32.679569, -27.513569], [32.679586, -27.513423], [32.679601, -27.513282], [32.679624, -27.513084], [32.679648, -27.512873], [32.679654, -27.512815], [32.679677, -27.512617], [32.679686, -27.512534], [32.679696, -27.512451], [32.679696, -27.512451], [32.679727, -27.512178], [32.679737, -27.512089], [32.679764, -27.511854], [32.679767, -27.511822], [32.679768, -27.511809], [32.679783, -27.511683], [32.679788, -27.511638], [32.679794, -27.511581], [32.679795, -27.511568], [32.6798, -27.511524], [32.679804, -27.511486], [32.679805, -27.51148], [32.679807, -27.511461], [32.679817, -27.511365], [32.679819, -27.511353], [32.679825, -27.511296], [32.679833, -27.511226], [32.679841, -27.511149], [32.679852, -27.511041], [32.679856, -27.511003], [32.679857, -27.510997], [32.679863, -27.510933], [32.679865, -27.51092], [32.679869, -27.510875], [32.679891, -27.510665], [32.679892, -27.510652], [32.679896, -27.510614], [32.679912, -27.51046], [32.679921, -27.510371], [32.679922, -27.510364], [32.679938, -27.510211], [32.679947, -27.510121], [32.679953, -27.510063], [32.679953, -27.510063], [32.679955, -27.510044], [32.679983, -27.509788], [32.679983, -27.509782], [32.680001, -27.509622], [32.680004, -27.509597], [32.680031, -27.50936], [32.680031, -27.50936], [32.680041, -27.509271], [32.680057, -27.509123], [32.680062, -27.509085], [32.680076, -27.508957], [32.680084, -27.508893], [32.68011, -27.508663], [32.680111, -27.50865], [32.680113, -27.508637], [32.680143, -27.508355], [32.680152, -27.508265], [32.680168, -27.508118], [32.680168, -27.508111], [32.68017, -27.508099], [32.680172, -27.508079], [32.680172, -27.508079], [32.680216, -27.507663], [32.680229, -27.507535], [32.680251, -27.507331], [32.680257, -27.507287], [32.680284, -27.507052], [32.680285, -27.507039], [32.68029, -27.507001], [32.680317, -27.506766], [32.680384, -27.506209], [32.680385, -27.506202], [32.680419, -27.505903], [32.680433, -27.505775], [32.680442, -27.505692], [32.680443, -27.505685], [32.680448, -27.50564], [32.6805, -27.505153], [32.680504, -27.505115], [32.680506, -27.505095], [32.680507, -27.505089], [32.68054, -27.504769], [32.680579, -27.504401], [32.680593, -27.504268], [32.680602, -27.504186], [32.680603, -27.50418], [32.680604, -27.504173], [32.680606, -27.504154], [32.680639, -27.503844], [32.680644, -27.503794], [32.680702, -27.503246], [32.68072, -27.503073], [32.680725, -27.503028], [32.680729, -27.502983], [32.68073, -27.502977], [32.680736, -27.502919], [32.680738, -27.5029], [32.680752, -27.502765], [32.680756, -27.502733], [32.680757, -27.502727], [32.680757, -27.50272], [32.680764, -27.502656], [32.680765, -27.502643], [32.680783, -27.502483], [32.680784, -27.50247], [32.680788, -27.502432], [32.68079, -27.502413], [32.680829, -27.50207], [32.680832, -27.502039], [32.680839, -27.501982], [32.680841, -27.501963], [32.680847, -27.501912], [32.680847, -27.501906], [32.68085, -27.501887], [32.680859, -27.501805], [32.680863, -27.501774], [32.680868, -27.50173], [32.680903, -27.501434], [32.680911, -27.501364], [32.680912, -27.501352], [32.680925, -27.501244], [32.680927, -27.501225], [32.680937, -27.501143], [32.680979, -27.500779], [32.680982, -27.500753], [32.680983, -27.500746], [32.680988, -27.500701], [32.680988, -27.500701], [32.680989, -27.500695], [32.680992, -27.500663], [32.680992, -27.500663], [32.680996, -27.50063], [32.681002, -27.500579], [32.681011, -27.500495], [32.68102, -27.500417], [32.681025, -27.500372], [32.68103, -27.500326], [32.681032, -27.500307], [32.681044, -27.500203], [32.681066, -27.499996], [32.681081, -27.499861], [32.681091, -27.499764], [32.681095, -27.499732], [32.681102, -27.499662], [32.681103, -27.499656], [32.681107, -27.499618], [32.681109, -27.499599], [32.68111, -27.499586], [32.681121, -27.499491], [32.681121, -27.499485], [32.681123, -27.499466], [32.681125, -27.499453], [32.681126, -27.49944], [32.681131, -27.499396], [32.681136, -27.499345], [32.681144, -27.49927], [32.681153, -27.499182], [32.681158, -27.499138], [32.681158, -27.499138], [32.681159, -27.499131], [32.681159, -27.499125], [32.68116, -27.499119], [32.681164, -27.499081], [32.681165, -27.499069], [32.68118, -27.498931], [32.681182, -27.498912], [32.681211, -27.498636], [32.681216, -27.498585], [32.681222, -27.498529], [32.681232, -27.498441], [32.681241, -27.498351], [32.681251, -27.498262], [32.681259, -27.498185], [32.681263, -27.498147], [32.681304, -27.497774], [32.681304, -27.497768], [32.681306, -27.497755], [32.681307, -27.497742], [32.681309, -27.497723], [32.681315, -27.497671], [32.681334, -27.497497], [32.681336, -27.497471], [32.68134, -27.497439], [32.681362, -27.497239], [32.681371, -27.497148], [32.681372, -27.497142], [32.681374, -27.497122], [32.681378, -27.497084], [32.68139, -27.496975], [32.681401, -27.496873], [32.681404, -27.496847], [32.681405, -27.496835], [32.681408, -27.496809], [32.681417, -27.496726], [32.681424, -27.496656], [32.681429, -27.496611], [32.681434, -27.49656], [32.681436, -27.496547], [32.681436, -27.496547], [32.681439, -27.496516], [32.681441, -27.496497], [32.681453, -27.496388], [32.681454, -27.496382], [32.681455, -27.496369], [32.681456, -27.496357], [32.681459, -27.496331], [32.681467, -27.496255], [32.681468, -27.496249], [32.681469, -27.496236], [32.68147, -27.49623], [32.681471, -27.496223], [32.681481, -27.496128], [32.681496, -27.495988], [32.681497, -27.495982], [32.681499, -27.495963], [32.681503, -27.495919], [32.681507, -27.495887], [32.681507, -27.495887], [32.681512, -27.495842], [32.681513, -27.49583], [32.681518, -27.495785], [32.681519, -27.495779], [32.681519, -27.495772], [32.68152, -27.495766], [32.681523, -27.495741], [32.681523, -27.495741], [32.68155, -27.495486], [32.68155, -27.495486], [32.68155, -27.495486], [32.681551, -27.49548], [32.681561, -27.495391], [32.681567, -27.495334], [32.681571, -27.495302], [32.681573, -27.495283], [32.681602, -27.495016], [32.681603, -27.495003], [32.681603, -27.495003], [32.681608, -27.494965], [32.681613, -27.494914], [32.681615, -27.494901], [32.681802, -27.4932], [32.681806, -27.493161], [32.681808, -27.493142], [32.681809, -27.49313], [32.681839, -27.492843], [32.681841, -27.492824], [32.681843, -27.492811], [32.681846, -27.492779], [32.681853, -27.492709], [32.681854, -27.492703], [32.681854, -27.492703], [32.681865, -27.492601], [32.681869, -27.492563], [32.681871, -27.492537], [32.681872, -27.492531], [32.681874, -27.492512], [32.681877, -27.492486], [32.681881, -27.492448], [32.681883, -27.492429], [32.681883, -27.492422], [32.681883, -27.492422], [32.681885, -27.49241], [32.68189, -27.492359], [32.681892, -27.49234], [32.681894, -27.492327], [32.681898, -27.492289], [32.681897, -27.492289], [32.681914, -27.492129], [32.681918, -27.492097], [32.68192, -27.492072], [32.68192, -27.492072], [32.68192, -27.492072], [32.681936, -27.491925], [32.681937, -27.491919], [32.68194, -27.491887], [32.681942, -27.491867], [32.681946, -27.491836], [32.681947, -27.491829], [32.68195, -27.491797], [32.681951, -27.491791], [32.681963, -27.491682], [32.681972, -27.491599], [32.682313, -27.488524], [32.682314, -27.488518], [32.682315, -27.488505], [32.682318, -27.48848], [32.68232, -27.488467], [32.682327, -27.48841], [32.68233, -27.488378], [32.682335, -27.48834], [32.682337, -27.488321], [32.682343, -27.488271], [32.682345, -27.488252], [32.682347, -27.488239], [32.68235, -27.488214], [32.682363, -27.488094]]}}, {"type": "Feature", "properties": {"track": "220-2-2", "n": 9}, "geometry": {"type": "LineString", "coordinates": [[32.671638, -27.576968], [32.680409, -27.496757], [32.68041, -27.496751], [32.680412, -27.496732], [32.680416, -27.496693], [32.680417, -27.496687], [32.680422, -27.496642], [32.680434, -27.496528], [32.680438, -27.496496]]}}, {"type": "Feature", "properties": {"track": "220-24-1", "n": 521}, "geometry": {"type": "LineString", "coordinates": [[32.67853, -27.557307], [32.67868, -27.555908], [32.678786, -27.55492], [32.67882, -27.554607], [32.678834, -27.554478], [32.678851, -27.554325], [32.678862, -27.554222], [32.678892, -27.553953], [32.678902, -27.553864], [32.67891, -27.553787], [32.678933, -27.553578], [32.678944, -27.553477], [32.678955, -27.553376], [32.678957, -27.553363], [32.678958, -27.55335], [32.678964, -27.553294], [32.678977, -27.55318], [32.678989, -27.553066], [32.679006, -27.552915], [32.679053, -27.552479], [32.679055, -27.552453], [32.679061, -27.552402], [32.679064, -27.552364], [32.679083, -27.552185], [32.679094, -27.552077], [32.679104, -27.551987], [32.679108, -27.551943], [32.679123, -27.551796], [32.67913, -27.551732], [32.679135, -27.551687], [32.679158, -27.551463], [32.679164, -27.551406], [32.679167, -27.55138], [32.67918, -27.551252], [32.679184, -27.551215], [32.67919, -27.551158], [32.679197, -27.551094], [32.679201, -27.551056], [32.679208, -27.550993], [32.679213, -27.550942], [32.679219, -27.550892], [32.679223, -27.550854], [32.679232, -27.550772], [32.679236, -27.550734], [32.679245, -27.550646], [32.679247, -27.550633], [32.679253, -27.550576], [32.679257, -27.550538], [32.679263, -27.550488], [32.679265, -27.550469], [32.679268, -27.550444], [32.679271, -27.550412], [32.679274, -27.550387], [32.679277, -27.550362], [32.679279, -27.550336], [32.679296, -27.550185], [32.679301, -27.550141], [32.679309, -27.550071], [32.679311, -27.550052], [32.679313, -27.550033], [32.679321, -27.549963], [32.679324, -27.549931], [32.679325, -27.549918], [32.679327, -27.549899], [32.67933, -27.549874], [32.679336, -27.549816], [32.679338, -27.549797], [32.679339, -27.549791], [32.679351, -27.549682], [32.679362, -27.54958], [32.679379, -27.54942], [32.679383, -27.549382], [32.679397, -27.549254], [32.679399, -27.549235], [32.679404, -27.549183], [32.679411, -27.549119], [32.679416, -27.549074], [32.679422, -27.549023], [32.679424, -27.549004], [32.679425, -27.548998], [32.679427, -27.548978], [32.679427, -27.548972], [32.679431, -27.54894], [32.679438, -27.548876], [32.679444, -27.548825], [32.679447, -27.548793], [32.67945, -27.548767], [32.679453, -27.548742], [32.67946, -27.548678], [32.679463, -27.548653], [32.679466, -27.548627], [32.679468, -27.548608], [32.679473, -27.548564], [32.679478, -27.548526], [32.67948, -27.548507], [32.679483, -27.548481], [32.679486, -27.548449], [32.679489, -27.54843], [32.679493, -27.548392], [32.679493, -27.548392], [32.6795, -27.548329], [32.679504, -27.548297], [32.679506, -27.548278], [32.679509, -27.548253], [32.679511, -27.548234], [32.679517, -27.548183], [32.679521, -27.548152], [32.679523, -27.548133], [32.679526, -27.548108], [32.679534, -27.548038], [32.679538, -27.548], [32.679546, -27.547937], [32.679549, -27.547905], [32.679554, -27.547861], [32.679557, -27.547836], [32.679559, -27.547823], [32.679563, -27.547786], [32.679567, -27.547748], [32.679573, -27.547697], [32.679579, -27.547647], [32.679582, -27.547615], [32.679584, -27.547596], [32.679586, -27.547584], [32.679587, -27.547571], [32.679593, -27.547514], [32.679601, -27.547445], [32.679603, -27.547432], [32.679606, -27.547394], [32.679613, -27.547331], [32.679619, -27.547274], [32.679627, -27.547191], [32.679634, -27.547128], [32.679636, -27.547109], [32.679642, -27.547052], [32.679643, -27.547039], [32.679648, -27.546995], [32.679648, -27.546988], [32.679652, -27.54695], [32.679658, -27.546887], [32.679661, -27.546861], [32.679664, -27.546836], [32.67967, -27.546772], [32.679672, -27.546753], [32.679677, -27.546702], [32.679679, -27.546676], [32.679685, -27.546619], [32.679686, -27.546612], [32.679689, -27.546574], [32.679693, -27.546536], [32.679696, -27.546504], [32.679702, -27.546452], [32.679705, -27.54642], [32.679705, -27.546414], [32.679709, -27.546382], [32.679714, -27.546324], [32.679716, -27.546311], [32.679721, -27.54626], [32.679725, -27.546221], [32.679727, -27.546202], [32.679737, -27.546105], [32.679745, -27.546028], [32.679753, -27.54595], [32.679756, -27.545925], [32.67976, -27.545886], [32.67977, -27.545795], [32.679777, -27.545737], [32.679784, -27.545673], [32.679794, -27.545582], [32.6798, -27.545524], [32.679805, -27.545479], [32.679836, -27.545208], [32.679863, -27.544958], [32.679974, -27.543917], [32.67998, -27.54386], [32.680006, -27.543615], [32.680012, -27.54357], [32.680019, -27.543507], [32.680022, -27.543481], [32.68003, -27.543405], [32.680032, -27.543386], [32.680043, -27.54329], [32.680044, -27.543284], [32.680047, -27.543252], [32.680049, -27.543233], [32.680055, -27.543188], [32.680059, -27.54315], [32.680063, -27.543118], [32.680063, -27.543111], [32.680066, -27.543086], [32.68007, -27.543054], [32.680072, -27.543034], [32.680074, -27.543015], [32.680076, -27.542996], [32.680082, -27.542951], [32.680082, -27.542945], [32.680087, -27.542906], [32.680095, -27.542829], [32.680103, -27.542759], [32.680115, -27.542663], [32.680121, -27.542612], [32.680154, -27.542317], [32.680156, -27.542299], [32.680157, -27.542286], [32.680168, -27.542184], [32.680177, -27.542102], [32.68019, -27.541982], [32.680216, -27.541742], [32.680234, -27.541571], [32.680238, -27.541534], [32.68024, -27.541515], [32.680243, -27.541483], [32.680244, -27.541471], [32.680247, -27.541445], [32.68025, -27.541414], [32.680256, -27.541357], [32.680309, -27.540858], [32.680352, -27.540452], [32.680375, -27.540248], [32.68038, -27.540197], [32.680384, -27.540159], [32.680407, -27.539949], [32.680419, -27.539841], [32.680433, -27.539714], [32.680442, -27.539632], [32.680459, -27.53948], [32.680495, -27.539152], [32.680525, -27.538887], [32.68053, -27.538836], [32.680545, -27.53871], [32.68055, -27.538666], [32.680552, -27.538647], [32.680558, -27.53859], [32.680559, -27.538584], [32.680562, -27.538559], [32.680568, -27.538502], [32.680571, -27.538477], [32.680572, -27.53847], [32.680574, -27.538451], [32.680577, -27.538426], [32.680582, -27.538375], [32.680587, -27.538337], [32.680593, -27.53828], [32.680596, -27.538255], [32.680599, -27.53823], [32.680603, -27.538192], [32.680606, -27.538166], [32.680607, -27.538154], [32.680612, -27.538109], [32.680616, -27.538078], [32.680624, -27.538008], [32.680628, -27.53797], [32.680635, -27.537906], [32.680647, -27.537798], [32.68065, -27.537779], [32.680661, -27.537678], [32.680667, -27.537621], [32.680673, -27.53757], [32.680683, -27.537474], [32.680689, -27.537417], [32.680691, -27.537404], [32.680701, -27.537309], [32.680715, -27.537176], [32.680717, -27.537156], [32.680722, -27.537112], [32.680724, -27.537093], [32.680735, -27.536991], [32.680742, -27.536921], [32.680748, -27.536864], [32.680753, -27.536819], [32.680757, -27.536781], [32.680761, -27.536736], [32.680775, -27.536603], [32.680777, -27.536584], [32.680779, -27.536571], [32.680786, -27.536501], [32.680791, -27.536456], [32.680796, -27.536405], [32.680797, -27.536393], [32.680803, -27.536342], [32.680806, -27.53631], [32.680808, -27.536291], [32.68081, -27.536278], [32.680828, -27.536106], [32.680834, -27.536055], [32.680837, -27.536029], [32.68085, -27.535921], [32.680861, -27.535825], [32.680915, -27.535378], [32.68097, -27.534912], [32.681005, -27.534592], [32.681024, -27.534413], [32.681063, -27.534011], [32.681118, -27.533445], [32.681503, -27.5301], [32.681751, -27.527833], [32.68176, -27.527743], [32.681781, -27.527531], [32.68186, -27.526808], [32.681971, -27.525905], [32.682439, -27.521602], [32.683493, -27.512223], [32.683502, -27.51214], [32.683977, -27.507784], [32.68399, -27.507676], [32.68459, -27.502186], [32.684606, -27.502039], [32.684617, -27.50193], [32.685911, -27.490062], [32.685939, -27.489815], [32.685942, -27.489784], [32.685962, -27.489607], [32.685981, -27.489449], [32.686016, -27.489146], [32.686021, -27.489109], [32.686086, -27.488522], [32.686093, -27.488465], [32.686097, -27.48842], [32.686175, -27.48768], [32.686231, -27.48718], [32.686249, -27.487022], [32.68627, -27.486838], [32.686274, -27.4868], [32.686279, -27.486756], [32.686297, -27.486597], [32.686329, -27.486311], [32.68633, -27.486298], [32.686336, -27.486241], [32.68634, -27.486202], [32.686366, -27.48596], [32.68637, -27.485915], [32.686382, -27.485806], [32.686396, -27.485672], [32.686421, -27.485422], [32.686429, -27.485345], [32.686435, -27.485288], [32.686445, -27.485192], [32.686456, -27.485077], [32.686465, -27.484994], [32.686501, -27.484663], [32.68651, -27.48458], [32.686513, -27.484549], [32.686518, -27.48451], [32.686522, -27.484472], [32.686524, -27.484453], [32.68653, -27.484396], [32.686542, -27.484288], [32.686566, -27.484066], [32.686575, -27.48399], [32.686582, -27.48392], [32.686587, -27.483882], [32.686598, -27.48378], [32.686602, -27.483735], [32.686612, -27.48364], [32.686615, -27.483614], [32.686622, -27.483551], [32.686635, -27.483429], [32.686643, -27.483353], [32.686646, -27.483321], [32.686659, -27.4832], [32.686669, -27.483105], [32.686679, -27.483015], [32.68668, -27.483003], [32.686684, -27.482971], [32.686685, -27.482958], [32.686689, -27.48292], [32.68669, -27.482907], [32.686696, -27.482856], [32.686705, -27.482767], [32.68672, -27.482634], [32.686724, -27.482596], [32.686726, -27.482583], [32.686729, -27.482551], [32.686733, -27.48252], [32.686736, -27.482488], [32.686741, -27.48245], [32.686744, -27.482425], [32.686751, -27.482368], [32.686755, -27.48233], [32.686755, -27.48233], [32.686762, -27.482273], [32.686765, -27.482248], [32.686773, -27.482178], [32.686773, -27.482178], [32.686782, -27.482103], [32.686786, -27.482071], [32.68679, -27.482033], [32.686793, -27.482014], [32.686793, -27.482008], [32.686796, -27.481983], [32.686799, -27.481958], [32.686803, -27.481932], [32.686808, -27.481888], [32.686809, -27.481876], [32.68681, -27.481869], [32.686811, -27.481863], [32.686818, -27.481806], [32.68682, -27.481787], [32.686823, -27.481762], [32.686824, -27.481756], [32.68683, -27.481705], [32.686831, -27.481693], [32.686841, -27.481611], [32.686845, -27.481579], [32.686846, -27.481566], [32.68685, -27.481535], [32.686852, -27.481516], [32.686856, -27.481484], [32.686861, -27.48144], [32.686866, -27.481396], [32.686868, -27.481377], [32.686872, -27.481345], [32.686873, -27.481339], [32.68688, -27.481276], [32.686884, -27.481237], [32.686887, -27.481212], [32.686892, -27.481167], [32.686895, -27.481135], [32.686898, -27.481104], [32.686902, -27.481072], [32.686905, -27.48104], [32.686907, -27.481021], [32.686912, -27.480976], [32.686913, -27.480963], [32.68692, -27.4809], [32.686927, -27.48083], [32.68693, -27.480804], [32.686934, -27.480766], [32.686937, -27.480734], [32.686938, -27.480721], [32.686941, -27.480689], [32.686947, -27.480631], [32.686952, -27.480587], [32.686952, -27.48058], [32.686953, -27.480567], [32.686955, -27.480555], [32.686955, -27.480548], [32.686962, -27.480484], [32.686965, -27.480452], [32.686966, -27.48044], [32.68697, -27.480401], [32.686974, -27.480363], [32.686976, -27.480344], [32.686978, -27.480318], [32.686978, -27.480318], [32.686981, -27.480286], [32.686982, -27.48028], [32.686987, -27.480235], [32.686988, -27.480222], [32.686989, -27.480209], [32.686991, -27.48019], [32.686995, -27.480152], [32.686999, -27.480113], [32.687003, -27.480069], [32.687006, -27.480037], [32.687009, -27.480011], [32.687012, -27.479985], [32.687011, -27.479985], [32.687014, -27.47996], [32.687015, -27.479954], [32.687017, -27.479935], [32.687019, -27.479916], [32.687024, -27.479871], [32.687027, -27.479846], [32.687029, -27.479827], [32.68703, -27.479814], [32.687031, -27.479807], [32.687032, -27.479795], [32.687044, -27.479687], [32.687052, -27.479611], [32.68707, -27.479452], [32.687089, -27.479281], [32.687095, -27.47923], [32.687112, -27.479084], [32.687115, -27.479059], [32.687117, -27.47904], [32.687121, -27.479002], [32.687123, -27.478989], [32.687132, -27.478906], [32.687134, -27.478887], [32.687144, -27.478799], [32.687147, -27.478773], [32.687153, -27.478722], [32.687155, -27.478703], [32.687156, -27.478697], [32.68716, -27.478665], [32.687161, -27.478652], [32.687166, -27.478614], [32.687168, -27.478595], [32.687169, -27.478582], [32.687175, -27.478531], [32.687179, -27.478499], [32.687182, -27.478467], [32.687193, -27.478371], [32.687196, -27.478346], [32.687199, -27.47832], [32.6872, -27.478307], [32.687204, -27.478269], [32.687206, -27.47825], [32.687209, -27.478231], [32.687213, -27.478192], [32.687214, -27.478186], [32.687216, -27.478167], [32.687218, -27.478148], [32.687219, -27.478135], [32.687225, -27.478084], [32.687228, -27.478052], [32.687229, -27.478045], [32.68723, -27.478039], [32.687232, -27.47802], [32.687234, -27.478], [32.68724, -27.477949], [32.687247, -27.477885], [32.687256, -27.477802], [32.687258, -27.477777], [32.68726, -27.477757], [32.687265, -27.477713], [32.687266, -27.477706], [32.687268, -27.477687], [32.687269, -27.477681], [32.687272, -27.477649], [32.687291, -27.477463]]}}, {"type": "Feature", "properties": {"track": "220-24-2", "n": 31}, "geometry": {"type": "LineString", "coordinates": [[32.677085, -27.562165], [32.67809, -27.55292], [32.678099, -27.552843], [32.6781, -27.55283], [32.678108, -27.55276], [32.679653, -27.538582], [32.679655, -27.538563], [32.679665, -27.538468], [32.679669, -27.538436], [32.679803, -27.537199], [32.679806, -27.537174], [32.681212, -27.524193], [32.681214, -27.524174], [32.681222, -27.524104], [32.685036, -27.489563], [32.685037, -27.489557], [32.685044, -27.4895], [32.685435, -27.485982], [32.685501, -27.485355], [32.685507, -27.485298], [32.685515, -27.485228], [32.68558, -27.484629], [32.685646, -27.484017], [32.685651, -27.483979], [32.685655, -27.483935], [32.685704, -27.483488], [32.685707, -27.483456], [32.685715, -27.483386], [32.68605, -27.480415], [32.686054, -27.480383], [32.686065, -27.48028]]}}, {"type": "Feature", "properties": {"track": "220-9-1", "n": 784}, "geometry": {"type": "LineString", "coordinates": [[32.675769, -27.580434], [32.675774, -27.580389], [32.675776, -27.580363], [32.67752, -27.564465], [32.677521, -27.564458], [32.677536, -27.564312], [32.677909, -27.560914], [32.677932, -27.560699], [32.677956, -27.560472], [32.677962, -27.560415], [32.677969, -27.560346], [32.678042, -27.559654], [32.678055, -27.559533], [32.678167, -27.558489], [32.678185, -27.558317], [32.678214, -27.558049], [32.678226, -27.55794], [32.678235, -27.557857], [32.678248, -27.557736], [32.678249, -27.557723], [32.6783, -27.557264], [32.678303, -27.557238], [32.678488, -27.555578], [32.678491, -27.555553], [32.6785, -27.55547], [32.678501, -27.555464], [32.678509, -27.555387], [32.67858, -27.554733], [32.678583, -27.554707], [32.678584, -27.554701], [32.678584, -27.554695], [32.67859, -27.554644], [32.678604, -27.554504], [32.678607, -27.554479], [32.678629, -27.554269], [32.678631, -27.554244], [32.678643, -27.554129], [32.678663, -27.553938], [32.678667, -27.5539], [32.678672, -27.553855], [32.678682, -27.553766], [32.678695, -27.553645], [32.678707, -27.553536], [32.678785, -27.552862], [32.678795, -27.552779], [32.678817, -27.552586], [32.678826, -27.552509], [32.678829, -27.552484], [32.678837, -27.55242], [32.67888, -27.552026], [32.678894, -27.551899], [32.678905, -27.551798], [32.678909, -27.55176], [32.67891, -27.551753], [32.67891, -27.551753], [32.678912, -27.551734], [32.678916, -27.551696], [32.678917, -27.551684], [32.678922, -27.551639], [32.678926, -27.551595], [32.678927, -27.551589], [32.678928, -27.551583], [32.67893, -27.551564], [32.67893, -27.551564], [32.678931, -27.551551], [32.678933, -27.551532], [32.678946, -27.551412], [32.678949, -27.55138], [32.678953, -27.551336], [32.678958, -27.551291], [32.678958, -27.551291], [32.678963, -27.551241], [32.678967, -27.551203], [32.678968, -27.55119], [32.67897, -27.551177], [32.678971, -27.551158], [32.678972, -27.551152], [32.678975, -27.55112], [32.678978, -27.551095], [32.678986, -27.551012], [32.678988, -27.550993], [32.678989, -27.550987], [32.678991, -27.550967], [32.678993, -27.550948], [32.678994, -27.550942], [32.678995, -27.550929], [32.678995, -27.550929], [32.679007, -27.550808], [32.67901, -27.550776], [32.679011, -27.55077], [32.679011, -27.55077], [32.679015, -27.550732], [32.679033, -27.550553], [32.67904, -27.550489], [32.679042, -27.55047], [32.679042, -27.550463], [32.679043, -27.550457], [32.679045, -27.550438], [32.679048, -27.550412], [32.679049, -27.550399], [32.679053, -27.550361], [32.679062, -27.550272], [32.679062, -27.550271], [32.679063, -27.550265], [32.67907, -27.550195], [32.679089, -27.550016], [32.67912, -27.549729], [32.67912, -27.549722], [32.679123, -27.549697], [32.679125, -27.549678], [32.679132, -27.54962], [32.679142, -27.549531], [32.679142, -27.549525], [32.679144, -27.549512], [32.679146, -27.549493], [32.679146, -27.549487], [32.679152, -27.549436], [32.679154, -27.549417], [32.679165, -27.549321], [32.679169, -27.549283], [32.679172, -27.549264], [32.679182, -27.549168], [32.679184, -27.549156], [32.679253, -27.548536], [32.679254, -27.548529], [32.679293, -27.548168], [32.679299, -27.54811], [32.679304, -27.548065], [32.679304, -27.548065], [32.679305, -27.548059], [32.679308, -27.548026], [32.679308, -27.548026], [32.679313, -27.547988], [32.679315, -27.547968], [32.679316, -27.547955], [32.67932, -27.547916], [32.679323, -27.547891], [32.679324, -27.547878], [32.679327, -27.547852], [32.679331, -27.547813], [32.679332, -27.547807], [32.679333, -27.547794], [32.679334, -27.547787], [32.679336, -27.547768], [32.679338, -27.547749], [32.679339, -27.547742], [32.679339, -27.547736], [32.679341, -27.547723], [32.679345, -27.547678], [32.679351, -27.547619], [32.679351, -27.547619], [32.679363, -27.54751], [32.679369, -27.547452], [32.679417, -27.546998], [32.679417, -27.546998], [32.679426, -27.546922], [32.679428, -27.546903], [32.679428, -27.546896], [32.679434, -27.546845], [32.67946, -27.546611], [32.679463, -27.546579], [32.679476, -27.546465], [32.679482, -27.546408], [32.679484, -27.546389], [32.679485, -27.546376], [32.679492, -27.546313], [32.679494, -27.546301], [32.679499, -27.54625], [32.6795, -27.546244], [32.6795, -27.546244], [32.679506, -27.546193], [32.679508, -27.546174], [32.679512, -27.546136], [32.679538, -27.545901], [32.679541, -27.545876], [32.679545, -27.545844], [32.679553, -27.545774], [32.679564, -27.545678], [32.679564, -27.545672], [32.679567, -27.545646], [32.679571, -27.545608], [32.679575, -27.545576], [32.679576, -27.545564], [32.679753, -27.543979], [32.679758, -27.543929], [32.679786, -27.543662], [32.679806, -27.543478], [32.67982, -27.543344], [32.679826, -27.543286], [32.679829, -27.543261], [32.67983, -27.543248], [32.679831, -27.543241], [32.679831, -27.543241], [32.679835, -27.543197], [32.679845, -27.543107], [32.679848, -27.543082], [32.679858, -27.542986], [32.679859, -27.542973], [32.679878, -27.542794], [32.67988, -27.542775], [32.679881, -27.542769], [32.679885, -27.542724], [32.679885, -27.542724], [32.679897, -27.542615], [32.6799, -27.542583], [32.679902, -27.542564], [32.679902, -27.542564], [32.679905, -27.542539], [32.679926, -27.542347], [32.679928, -27.542328], [32.679928, -27.542328], [32.679928, -27.542322], [32.679929, -27.542315], [32.679935, -27.542264], [32.679935, -27.542264], [32.679935, -27.542258], [32.679938, -27.542233], [32.679941, -27.542207], [32.679948, -27.542144], [32.679954, -27.542087], [32.679955, -27.542081], [32.679963, -27.542005], [32.679964, -27.541998], [32.679964, -27.541998], [32.679967, -27.541973], [32.679968, -27.54196], [32.679973, -27.541916], [32.679975, -27.541904], [32.679976, -27.541891], [32.679992, -27.541746], [32.679999, -27.541689], [32.680001, -27.54167], [32.680005, -27.541632], [32.680006, -27.541626], [32.680011, -27.541582], [32.680013, -27.541569], [32.680016, -27.541544], [32.68002, -27.541506], [32.680033, -27.541393], [32.680037, -27.541361], [32.680037, -27.541361], [32.680052, -27.541229], [32.680054, -27.541216], [32.680355, -27.538569], [32.680358, -27.538537], [32.68036, -27.538518], [32.680372, -27.538403], [32.680375, -27.538371], [32.680383, -27.538301], [32.680383, -27.538301], [32.680437, -27.537792], [32.680445, -27.537715], [32.680448, -27.537683], [32.680475, -27.537436], [32.680477, -27.537423], [32.680481, -27.537385], [32.680514, -27.537081], [32.680517, -27.537056], [32.680535, -27.536885], [32.680548, -27.536764], [32.680548, -27.536764], [32.680553, -27.536726], [32.680553, -27.536726], [32.680555, -27.536701], [32.680556, -27.536695], [32.680557, -27.536688], [32.680562, -27.536644], [32.680566, -27.5366], [32.68064, -27.535915], [32.680672, -27.535609], [32.680673, -27.535603], [32.680675, -27.535578], [32.680676, -27.535571], [32.680682, -27.535514], [32.680687, -27.535469], [32.680691, -27.535431], [32.680694, -27.535399], [32.680697, -27.535373], [32.680698, -27.535361], [32.680703, -27.535309], [32.680706, -27.535284], [32.680707, -27.535271], [32.680713, -27.535213], [32.680713, -27.535213], [32.680714, -27.535207], [32.680724, -27.535111], [32.680727, -27.535085], [32.680728, -27.535073], [32.680732, -27.535034], [32.680735, -27.535009], [32.680738, -27.534983], [32.680738, -27.534977], [32.680745, -27.534913], [32.680755, -27.534816], [32.68076, -27.534771], [32.680761, -27.534765], [32.680764, -27.534733], [32.680769, -27.534694], [32.68077, -27.534682], [32.680773, -27.534656], [32.680774, -27.534643], [32.680778, -27.534611], [32.680778, -27.534605], [32.68079, -27.534502], [32.680794, -27.53447], [32.680797, -27.534438], [32.680801, -27.534406], [32.680852, -27.53397], [32.680862, -27.53388], [32.680937, -27.533236], [32.680951, -27.533109], [32.680951, -27.533109], [32.680953, -27.533096], [32.680959, -27.533039], [32.68096, -27.533033], [32.680963, -27.533001], [32.680965, -27.532989], [32.680968, -27.532957], [32.68097, -27.532938], [32.680973, -27.532913], [32.680975, -27.532894], [32.680976, -27.532887], [32.680993, -27.532729], [32.680994, -27.532716], [32.681004, -27.532628], [32.681004, -27.532628], [32.681008, -27.53259], [32.68101, -27.532571], [32.681011, -27.532558], [32.681013, -27.532539], [32.681015, -27.53252], [32.681018, -27.532495], [32.681019, -27.532483], [32.68102, -27.53247], [32.681029, -27.532388], [32.681032, -27.532356], [32.681034, -27.532337], [32.68104, -27.532287], [32.681041, -27.532274], [32.681043, -27.532249], [32.681062, -27.532071], [32.681068, -27.532008], [32.681289, -27.529949], [32.681306, -27.52979], [32.681307, -27.529784], [32.681307, -27.529784], [32.681315, -27.529713], [32.681322, -27.529643], [32.681349, -27.529395], [32.68135, -27.529389], [32.681352, -27.52937], [32.681378, -27.529128], [32.681389, -27.529026], [32.681392, -27.529001], [32.681392, -27.528994], [32.681395, -27.528969], [32.681397, -27.52895], [32.681398, -27.528944], [32.681409, -27.528836], [32.681409, -27.528836], [32.681414, -27.528797], [32.681414, -27.528797], [32.681419, -27.528747], [32.6815, -27.527995], [32.681504, -27.527964], [32.681512, -27.527887], [32.681525, -27.527772], [32.681524, -27.527772], [32.681602, -27.527063], [32.681603, -27.52705], [32.681604, -27.527037], [32.681609, -27.526999], [32.681621, -27.526883], [32.681622, -27.526877], [32.681623, -27.526864], [32.68165, -27.526628], [32.681681, -27.526353], [32.681687, -27.526296], [32.681692, -27.526258], [32.681702, -27.526168], [32.68171, -27.526092], [32.681716, -27.52604], [32.681723, -27.525977], [32.681744, -27.525791], [32.681763, -27.525625], [32.681767, -27.525586], [32.681773, -27.525529], [32.681774, -27.525522], [32.681781, -27.525458], [32.681865, -27.52469], [32.681865, -27.52469], [32.681865, -27.524683], [32.681882, -27.524523], [32.682133, -27.522195], [32.682135, -27.522176], [32.682141, -27.522119], [32.682151, -27.52203], [32.682289, -27.520863], [32.682299, -27.520773], [32.682314, -27.520645], [32.682318, -27.520613], [32.682329, -27.520517], [32.682474, -27.519167], [32.682479, -27.519122], [32.682486, -27.519052], [32.682497, -27.518956], [32.682499, -27.518931], [32.682508, -27.518847], [32.682517, -27.518764], [32.682546, -27.518495], [32.68255, -27.518457], [32.682551, -27.51845], [32.682795, -27.516258], [32.6828, -27.516213], [32.682809, -27.516131], [32.682811, -27.516112], [32.682815, -27.516074], [32.682824, -27.515991], [32.683017, -27.514179], [32.68303, -27.514065], [32.683062, -27.513775], [32.683292, -27.511683], [32.683296, -27.511644], [32.6833, -27.511606], [32.683309, -27.511523], [32.683315, -27.511472], [32.68333, -27.511332], [32.683334, -27.511274], [32.683339, -27.511243], [32.683342, -27.511218], [32.683347, -27.511173], [32.683353, -27.511116], [32.683368, -27.510977], [32.683374, -27.510927], [32.683381, -27.510864], [32.683396, -27.510726], [32.683475, -27.510019], [32.683478, -27.509993], [32.683492, -27.509866], [32.683493, -27.50986], [32.683498, -27.509815], [32.68351, -27.509707], [32.68353, -27.509534], [32.683677, -27.50819], [32.683706, -27.507914], [32.683708, -27.507901], [32.683715, -27.507831], [32.683721, -27.507773], [32.683727, -27.507716], [32.683736, -27.507633], [32.683767, -27.507321], [32.683777, -27.507225], [32.683778, -27.507219], [32.683819, -27.506819], [32.683823, -27.506781], [32.683825, -27.506762], [32.683832, -27.506699], [32.68384, -27.506623], [32.683843, -27.506597], [32.68387, -27.50635], [32.683871, -27.506337], [32.683877, -27.50628], [32.683905, -27.506032], [32.683915, -27.505943], [32.683935, -27.505764], [32.684227, -27.503082], [32.684233, -27.503031], [32.684239, -27.502979], [32.684243, -27.502941], [32.684246, -27.502909], [32.684262, -27.502775], [32.684264, -27.502756], [32.684267, -27.50273], [32.684273, -27.502672], [32.684808, -27.497746], [32.684814, -27.497688], [32.684815, -27.497682], [32.684819, -27.49765], [32.684989, -27.496131], [32.684994, -27.496087], [32.685005, -27.495985], [32.685013, -27.495915], [32.68502, -27.495857], [32.685079, -27.495323], [32.68509, -27.495227], [32.685101, -27.495126], [32.685104, -27.4951], [32.685109, -27.495056], [32.685134, -27.494846], [32.685135, -27.49484], [32.68514, -27.494796], [32.685223, -27.494097], [32.685226, -27.494072], [32.685229, -27.49404], [32.685233, -27.494009], [32.685237, -27.493977], [32.68524, -27.493951], [32.68524, -27.493951], [32.685246, -27.493894], [32.685251, -27.493856], [32.685253, -27.493837], [32.685397, -27.492393], [32.685397, -27.492393], [32.6854, -27.492361], [32.685458, -27.491781], [32.685463, -27.49173], [32.685479, -27.491577], [32.685492, -27.491449], [32.685494, -27.491424], [32.6855, -27.491366], [32.68554, -27.491003], [32.685551, -27.490901], [32.685561, -27.490812], [32.685572, -27.49071], [32.685584, -27.490608], [32.685633, -27.490187], [32.685635, -27.490168], [32.685642, -27.490104], [32.685653, -27.490009], [32.685667, -27.489887], [32.685687, -27.489715], [32.685706, -27.489549], [32.685707, -27.489542], [32.685806, -27.488646], [32.685847, -27.488262], [32.68585, -27.48823], [32.685854, -27.488198], [32.685941, -27.487375], [32.685955, -27.487248], [32.685971, -27.487095], [32.685974, -27.487069], [32.685978, -27.487031], [32.685981, -27.487006], [32.685987, -27.486949], [32.686018, -27.486669], [32.686055, -27.486332], [32.686056, -27.486326], [32.686065, -27.48625], [32.686067, -27.486231], [32.686078, -27.486135], [32.686082, -27.486097], [32.686089, -27.486033], [32.68609, -27.486027], [32.686091, -27.486014], [32.686099, -27.485944], [32.686101, -27.485932], [32.686105, -27.485893], [32.68611, -27.485855], [32.686128, -27.485696], [32.686136, -27.485619], [32.686145, -27.485543], [32.686149, -27.485505], [32.686154, -27.485466], [32.686163, -27.485383], [32.686207, -27.484987], [32.686211, -27.484948], [32.686214, -27.484929], [32.686214, -27.484923], [32.686216, -27.48491], [32.686218, -27.484891], [32.686218, -27.484891], [32.686218, -27.484884], [32.68622, -27.484872], [32.68622, -27.484872], [32.686226, -27.484814], [32.68623, -27.484782], [32.686229, -27.484782], [32.686234, -27.484743], [32.686236, -27.484724], [32.686239, -27.484692], [32.686244, -27.484641], [32.686244, -27.484641], [32.686245, -27.484634], [32.686245, -27.484634], [32.686245, -27.484634], [32.686248, -27.484602], [32.686251, -27.484577], [32.686252, -27.48457], [32.686252, -27.48457], [32.686254, -27.484551], [32.686255, -27.484544], [32.686267, -27.484423], [32.686271, -27.48439], [32.686272, -27.484378], [32.68629, -27.484204], [32.686292, -27.484185], [32.686293, -27.484179], [32.686293, -27.484179], [32.686293, -27.484172], [32.686297, -27.484134], [32.686297, -27.484134], [32.686297, -27.484134], [32.686301, -27.484095], [32.686309, -27.484025], [32.686312, -27.483993], [32.686313, -27.48398], [32.686315, -27.483967], [32.686315, -27.483961], [32.686321, -27.48391], [32.686325, -27.483865], [32.686327, -27.483846], [32.686327, -27.483846], [32.686332, -27.483801], [32.686332, -27.483801], [32.686335, -27.483769], [32.686339, -27.483737], [32.686339, -27.483731], [32.68634, -27.483724], [32.686341, -27.483712], [32.686343, -27.483699], [32.686345, -27.483673], [32.686348, -27.483648], [32.686349, -27.483635], [32.68635, -27.483629], [32.686356, -27.483571], [32.686358, -27.483559], [32.686358, -27.483559], [32.686358, -27.483552], [32.68636, -27.48354], [32.68636, -27.48354], [32.68636, -27.48354], [32.68636, -27.48354], [32.686363, -27.483508], [32.686363, -27.483508], [32.686363, -27.483508], [32.686365, -27.483495], [32.686368, -27.483464], [32.686372, -27.483432], [32.686373, -27.483426], [32.686374, -27.483413], [32.686374, -27.483413], [32.68638, -27.483356], [32.68638, -27.483356], [32.686381, -27.48335], [32.686381, -27.48335], [32.686382, -27.483343], [32.686385, -27.483318], [32.686387, -27.483299], [32.686401, -27.483172], [32.686403, -27.483153], [32.686405, -27.483141], [32.686406, -27.483128], [32.686407, -27.483122], [32.686408, -27.483115], [32.686411, -27.48309], [32.686411, -27.483084], [32.686412, -27.483078], [32.686413, -27.483065], [32.686414, -27.483059], [32.686414, -27.483059], [32.686416, -27.483046], [32.686417, -27.483033], [32.686419, -27.483021], [32.686419, -27.483014], [32.686425, -27.482964], [32.686426, -27.482958], [32.686428, -27.482939], [32.686428, -27.482939], [32.686433, -27.482895], [32.68644, -27.482838], [32.686441, -27.482825], [32.686453, -27.482724], [32.686462, -27.482649], [32.686471, -27.482573], [32.686473, -27.48256], [32.686482, -27.482485], [32.686486, -27.482453], [32.686486, -27.482453], [32.686492, -27.482403], [32.686501, -27.482321], [32.686501, -27.482321], [32.686502, -27.482314], [32.686503, -27.482308], [32.686503, -27.482308], [32.686521, -27.482156], [32.686521, -27.482156], [32.686524, -27.482124], [32.686527, -27.482105], [32.686529, -27.482086], [32.686535, -27.482035], [32.686539, -27.481997], [32.686547, -27.481927], [32.686547, -27.481927], [32.68655, -27.481901], [32.686555, -27.481857], [32.686557, -27.481838], [32.686559, -27.481825], [32.686561, -27.481806], [32.686565, -27.481768], [32.686567, -27.481755], [32.68657, -27.48173], [32.686572, -27.48171], [32.686575, -27.481685], [32.686576, -27.481679], [32.686584, -27.481608], [32.686611, -27.481366], [32.686627, -27.481219], [32.68663, -27.481193], [32.686637, -27.481123], [32.68664, -27.481097], [32.68664, -27.481097], [32.686642, -27.481084], [32.686642, -27.481084], [32.686644, -27.481065], [32.686644, -27.481059], [32.686648, -27.481027], [32.68665, -27.481007], [32.686651, -27.481001], [32.686651, -27.480995], [32.686653, -27.480982], [32.686655, -27.480963], [32.686655, -27.480956], [32.68666, -27.480912], [32.686668, -27.480835], [32.68667, -27.480816], [32.686673, -27.48079], [32.686674, -27.480778], [32.686674, -27.480778], [32.686681, -27.480714], [32.686681, -27.480714], [32.686687, -27.480656], [32.686692, -27.480605], [32.686694, -27.480592], [32.6867, -27.480528], [32.686704, -27.480496], [32.686712, -27.480413], [32.686714, -27.480401], [32.686714, -27.480394], [32.686717, -27.480369], [32.686731, -27.480228], [32.686733, -27.480209], [32.686741, -27.480133], [32.686741, -27.480133], [32.686741, -27.480133], [32.686742, -27.480126], [32.686749, -27.48005], [32.686755, -27.479999], [32.686763, -27.479916], [32.686765, -27.479897], [32.686768, -27.479871], [32.686768, -27.479865], [32.686771, -27.47984], [32.686772, -27.479827], [32.686773, -27.479814], [32.686774, -27.479808], [32.686777, -27.479782], [32.686777, -27.479776], [32.686779, -27.479763], [32.68678, -27.47975], [32.68678, -27.47975], [32.686781, -27.479744], [32.686781, -27.479744], [32.686781, -27.479744], [32.686784, -27.479706], [32.686784, -27.479706], [32.686786, -27.479693], [32.686786, -27.479687], [32.686787, -27.47968], [32.68679, -27.479655], [32.686792, -27.47963], [32.686796, -27.479591], [32.686798, -27.479572], [32.686798, -27.479572], [32.686799, -27.479566], [32.686799, -27.47956], [32.6868, -27.479553], [32.686814, -27.47942], [32.686825, -27.479311], [32.686858, -27.478994], [32.686862, -27.478956], [32.686873, -27.478854], [32.68688, -27.47879], [32.686884, -27.478746], [32.686889, -27.478701], [32.686891, -27.478682], [32.686892, -27.478676], [32.6869, -27.4786], [32.686902, -27.478581], [32.686902, -27.478581], [32.686922, -27.478402], [32.686922, -27.478396], [32.686949, -27.478154], [32.68695, -27.478142], [32.686957, -27.478078]]}}, {"type": "Feature", "properties": {"track": "220-9-2", "n": 11}, "geometry": {"type": "LineString", "coordinates": [[32.679468, -27.537946], [32.679471, -27.537914], [32.681279, -27.521404], [32.681286, -27.52134], [32.681289, -27.521308], [32.681291, -27.521295], [32.681503, -27.519374], [32.681506, -27.519348], [32.681512, -27.519297], [32.681653, -27.517993], [32.681658, -27.517948]]}}, {"type": "Feature", "properties": {"track": "662-10-1", "n": 73}, "geometry": {"type": "LineString", "coordinates": [[32.734526, -27.615761], [32.740308, -27.565729], [32.740314, -27.565672], [32.740391, -27.56497], [32.74058, -27.563306], [32.740594, -27.563173], [32.7408, -27.561249], [32.740803, -27.561217], [32.740805, -27.561204], [32.741097, -27.558553], [32.741098, -27.558547], [32.741256, -27.557116], [32.741258, -27.557097], [32.741264, -27.557039], [32.741403, -27.555784], [32.74141, -27.555721], [32.741421, -27.555613], [32.741619, -27.553717], [32.741625, -27.55366], [32.741633, -27.553584], [32.74171, -27.552856], [32.741714, -27.552818], [32.741715, -27.552811], [32.74172, -27.552767], [32.74173, -27.552677], [32.741789, -27.552133], [32.741789, -27.552133], [32.741796, -27.552069], [32.742477, -27.545745], [32.742479, -27.545726], [32.742483, -27.545688], [32.742545, -27.545088], [32.742551, -27.54503], [32.742555, -27.544992], [32.742555, -27.544992], [32.742559, -27.544953], [32.742563, -27.544909], [32.742614, -27.544435], [32.74265, -27.544102], [32.742654, -27.54407], [32.742668, -27.543942], [32.742845, -27.542244], [32.74285, -27.542199], [32.742851, -27.542186], [32.743245, -27.538457], [32.744073, -27.530481], [32.744076, -27.530449], [32.744077, -27.530443], [32.744084, -27.530373], [32.744203, -27.529173], [32.745614, -27.515259], [32.745622, -27.515183], [32.745624, -27.515157], [32.746227, -27.50913], [32.746234, -27.509066], [32.746234, -27.50906], [32.746235, -27.509053], [32.746236, -27.509047], [32.746283, -27.508582], [32.746286, -27.50855], [32.746291, -27.508499], [32.746295, -27.508461], [32.746309, -27.508327], [32.74631, -27.508314], [32.746409, -27.507404], [32.746411, -27.507385], [32.746505, -27.506429], [32.746508, -27.506398], [32.746511, -27.506372], [32.747042, -27.501066], [32.747423, -27.497244], [32.747424, -27.497237], [32.747425, -27.497225]]}}, {"type": "Feature", "properties": {"track": "662-10-2", "n": 49}, "geometry": {"type": "LineString", "coordinates": [[32.736742, -27.605617], [32.736745, -27.605592], [32.736746, -27.605579], [32.738122, -27.593444], [32.738129, -27.593386], [32.738135, -27.593335], [32.739204, -27.583694], [32.739213, -27.583611], [32.739216, -27.583586], [32.739424, -27.581654], [32.739426, -27.581634], [32.73943, -27.58159], [32.739433, -27.581571], [32.739435, -27.581552], [32.739678, -27.579339], [32.739682, -27.5793], [32.739682, -27.579287], [32.740744, -27.569377], [32.740748, -27.569345], [32.740753, -27.569295], [32.741104, -27.566051], [32.741111, -27.56598], [32.741115, -27.565949], [32.741311, -27.564075], [32.741315, -27.564037], [32.74136, -27.563617], [32.741369, -27.563534], [32.74137, -27.563522], [32.741373, -27.563496], [32.743023, -27.547545], [32.743025, -27.547526], [32.74303, -27.547475], [32.743032, -27.547456], [32.74304, -27.547373], [32.7443, -27.534908], [32.744304, -27.53487], [32.744309, -27.534813], [32.744321, -27.534692], [32.744612, -27.531778], [32.744618, -27.531721], [32.744949, -27.528434], [32.744983, -27.528096], [32.744989, -27.528032], [32.745416, -27.523735], [32.745431, -27.523588], [32.746579, -27.51226], [32.746582, -27.512234], [32.746588, -27.512171], [32.746597, -27.512081]]}}, {"type": "Feature", "properties": {"track": "662-10-3", "n": 142}, "geometry": {"type": "LineString", "coordinates": [[32.767597, -27.616507], [32.767602, -27.616462], [32.767608, -27.616411], [32.767614, -27.61636], [32.767624, -27.616271], [32.768137, -27.611943], [32.768137, -27.611943], [32.768141, -27.611911], [32.76859, -27.608104], [32.768598, -27.608035], [32.768608, -27.607953], [32.769218, -27.60274], [32.769221, -27.602721], [32.769223, -27.602702], [32.769229, -27.602658], [32.76924, -27.602562], [32.76924, -27.602562], [32.769246, -27.602511], [32.769247, -27.602505], [32.769253, -27.602454], [32.769491, -27.60044], [32.769499, -27.60037], [32.7695, -27.600357], [32.769511, -27.600269], [32.771118, -27.58641], [32.771122, -27.586378], [32.771126, -27.586339], [32.771137, -27.586249], [32.771167, -27.585988], [32.77149, -27.583149], [32.771492, -27.583129], [32.771497, -27.583085], [32.771498, -27.583079], [32.771792, -27.580505], [32.771793, -27.580498], [32.771793, -27.580498], [32.771796, -27.580473], [32.772851, -27.57101], [32.772861, -27.570921], [32.772865, -27.570883], [32.77287, -27.570845], [32.773117, -27.568627], [32.773123, -27.568569], [32.773128, -27.568518], [32.773132, -27.56848], [32.77314, -27.568409], [32.773144, -27.568364], [32.773153, -27.568287], [32.773154, -27.568281], [32.773156, -27.568268], [32.773225, -27.567679], [32.773229, -27.567647], [32.773233, -27.567609], [32.773244, -27.567519], [32.773247, -27.567494], [32.773253, -27.567443], [32.773254, -27.567436], [32.774638, -27.554727], [32.774644, -27.554675], [32.774648, -27.554636], [32.774754, -27.553645], [32.774759, -27.553594], [32.774765, -27.553537], [32.774813, -27.553088], [32.774817, -27.553044], [32.774819, -27.553025], [32.77482, -27.553018], [32.774825, -27.552968], [32.775214, -27.549322], [32.775217, -27.54929], [32.775219, -27.549271], [32.775224, -27.549226], [32.775986, -27.541948], [32.775991, -27.541903], [32.775995, -27.541865], [32.776707, -27.53506], [32.776716, -27.53497], [32.776719, -27.534945], [32.77682, -27.533931], [32.776832, -27.53381], [32.77687, -27.533455], [32.776893, -27.533238], [32.776896, -27.533206], [32.77707, -27.531503], [32.777076, -27.531439], [32.77708, -27.531401], [32.777715, -27.52517], [32.777724, -27.525088], [32.777728, -27.525044], [32.777732, -27.525005], [32.777882, -27.523491], [32.777888, -27.523434], [32.777894, -27.523383], [32.777894, -27.523377], [32.777903, -27.523293], [32.77791, -27.523236], [32.77791, -27.523236], [32.777915, -27.523185], [32.777921, -27.523133], [32.777924, -27.523108], [32.778395, -27.518416], [32.778396, -27.51841], [32.778397, -27.518397], [32.778406, -27.518295], [32.778417, -27.51818], [32.778429, -27.518052], [32.77843, -27.518046], [32.77843, -27.518046], [32.778482, -27.517498], [32.778485, -27.517466], [32.778493, -27.517376], [32.7785, -27.517313], [32.778505, -27.517255], [32.778535, -27.516961], [32.778542, -27.516891], [32.778544, -27.516878], [32.778552, -27.516796], [32.778554, -27.516783], [32.778556, -27.516757], [32.778559, -27.516732], [32.77857, -27.51663], [32.77857, -27.516623], [32.778573, -27.516598], [32.778579, -27.51654], [32.778632, -27.516043], [32.778657, -27.515801], [32.77867, -27.515674], [32.779603, -27.506309], [32.779756, -27.504824], [32.779764, -27.504741], [32.779766, -27.504722], [32.781094, -27.491445], [32.7811, -27.491394], [32.788354, -27.424489], [32.788359, -27.424444], [32.788665, -27.421872], [32.788677, -27.421769], [32.789764, -27.412588], [32.789765, -27.412582], [32.789771, -27.412537], [32.790518, -27.40623], [32.790518, -27.40623]]}}, {"type": "Feature", "properties": {"track": "662-10-4", "n": 62}, "geometry": {"type": "LineString", "coordinates": [[32.768351, -27.619102], [32.768649, -27.616524], [32.768658, -27.616448], [32.768662, -27.616416], [32.769408, -27.609956], [32.76941, -27.609943], [32.76941, -27.609943], [32.769439, -27.609688], [32.769439, -27.609688], [32.769449, -27.609599], [32.770508, -27.600268], [32.770514, -27.600204], [32.770521, -27.600141], [32.771505, -27.591338], [32.771514, -27.591255], [32.771524, -27.591173], [32.771763, -27.589009], [32.771765, -27.588989], [32.771774, -27.588907], [32.772166, -27.58536], [32.77349, -27.573106], [32.773491, -27.573093], [32.774672, -27.561852], [32.774673, -27.561846], [32.774675, -27.561827], [32.774725, -27.561328], [32.77473, -27.561277], [32.774733, -27.561252], [32.774733, -27.561252], [32.774749, -27.561098], [32.77475, -27.561079], [32.774758, -27.561009], [32.775371, -27.555086], [32.775379, -27.55501], [32.775385, -27.554952], [32.775393, -27.554876], [32.775394, -27.554869], [32.775933, -27.549613], [32.775936, -27.549581], [32.775938, -27.549568], [32.775942, -27.549517], [32.775945, -27.549492], [32.775947, -27.549473], [32.77596, -27.54934], [32.775965, -27.549289], [32.776764, -27.541357], [32.776803, -27.540962], [32.776858, -27.5404], [32.776864, -27.540348], [32.776871, -27.540278], [32.776888, -27.540099], [32.777742, -27.531578], [32.777743, -27.531572], [32.777752, -27.531489], [32.777755, -27.531457], [32.778741, -27.521597], [32.778769, -27.521323], [32.780168, -27.50751], [32.780175, -27.507446], [32.780178, -27.507408], [32.780181, -27.507382], [32.782508, -27.484991]]}}, {"type": "Feature", "properties": {"track": "662-10-6", "n": 15}, "geometry": {"type": "LineString", "coordinates": [[32.801743, -27.616937], [32.801779, -27.616626], [32.802647, -27.609056], [32.802649, -27.609037], [32.802654, -27.608993], [32.807457, -27.564937], [32.80746, -27.564906], [32.807462, -27.564887], [32.813871, -27.501463], [32.813882, -27.50133], [32.81389, -27.501253], [32.813895, -27.501203], [32.813905, -27.501101], [32.813914, -27.501013], [32.813917, -27.500987]]}}, {"type": "Feature", "properties": {"track": "662-20-6", "n": 3}, "geometry": {"type": "LineString", "coordinates": [[32.802327, -27.590301], [32.802327, -27.590301], [32.802332, -27.590257]]}}, {"type": "Feature", "properties": {"track": "662-22-1", "n": 3}, "geometry": {"type": "LineString", "coordinates": [[32.780831, -27.491758], [32.780833, -27.491739], [32.798292, -27.333059]]}}, {"type": "Feature", "properties": {"track": "662-22-2", "n": 3}, "geometry": {"type": "LineString", "coordinates": [[32.785374, -27.458842], [32.785376, -27.458823], [32.785383, -27.458766]]}}, {"type": "Feature", "properties": {"track": "662-22-4", "n": 15}, "geometry": {"type": "LineString", "coordinates": [[32.801915, -27.607663], [32.801931, -27.607515], [32.81329, -27.50402], [32.813297, -27.50395], [32.8133, -27.503925], [32.813303, -27.503893], [32.814113, -27.496556], [32.81412, -27.496499], [32.814126, -27.496442], [32.814127, -27.496436], [32.814134, -27.496378], [32.815479, -27.484097], [32.815482, -27.484071], [32.815489, -27.484008], [32.815496, -27.483937]]}}, {"type": "Feature", "properties": {"track": "662-25-5", "n": 9}, "geometry": {"type": "LineString", "coordinates": [[32.768414, -27.4659], [32.768418, -27.465862], [32.771722, -27.435806], [32.77173, -27.435723], [32.771733, -27.435697], [32.783872, -27.325152], [32.783872, -27.325146], [32.783872, -27.325146], [32.783874, -27.325133]]}}, {"type": "Feature", "properties": {"track": "662-4-1", "n": 33}, "geometry": {"type": "LineString", "coordinates": [[32.77111, -27.595643], [32.77111, -27.595643], [32.771113, -27.595618], [32.771116, -27.595586], [32.771116, -27.595586], [32.771128, -27.595471], [32.771148, -27.59528], [32.772026, -27.586818], [32.772026, -27.586818], [32.772029, -27.586786], [32.772134, -27.585753], [32.772141, -27.58569], [32.772142, -27.585683], [32.774986, -27.559839], [32.774986, -27.559839], [32.774988, -27.559826], [32.774998, -27.559737], [32.775305, -27.557047], [32.775311, -27.557003], [32.775316, -27.556958], [32.775318, -27.556933], [32.776929, -27.543218], [32.776939, -27.543134], [32.776945, -27.543076], [32.779246, -27.523816], [32.779251, -27.523777], [32.779577, -27.520999], [32.779579, -27.520979], [32.779582, -27.520947], [32.781355, -27.505701], [32.781359, -27.505663], [32.781368, -27.505587], [32.781372, -27.505548]]}}, {"type": "Feature", "properties": {"track": "662-4-5", "n": 7}, "geometry": {"type": "LineString", "coordinates": [[32.705496, -27.589324], [32.705512, -27.589184], [32.733857, -27.332346], [32.734214, -27.328789], [32.734499, -27.325956], [32.7345, -27.325949], [32.734501, -27.325943]]}}, {"type": "Feature", "properties": {"track": "662-4-6", "n": 13}, "geometry": {"type": "LineString", "coordinates": [[32.705092, -27.586389], [32.705091, -27.586389], [32.705091, -27.586389], [32.705098, -27.586325], [32.705099, -27.586306], [32.705107, -27.58623], [32.705633, -27.58098], [32.705632, -27.58098], [32.705639, -27.580916], [32.707179, -27.565782], [32.707185, -27.565724], [32.707192, -27.56566], [32.707198, -27.565603]]}}, {"type": "Feature", "properties": {"track": "898-13-1", "n": 20}, "geometry": {"type": "LineString", "coordinates": [[32.633036, -27.506635], [32.633031, -27.50659], [32.633029, -27.506571], [32.632909, -27.505517], [32.629767, -27.477159], [32.629752, -27.477025], [32.629743, -27.476936], [32.629721, -27.476738], [32.62972, -27.476732], [32.629718, -27.476713], [32.629707, -27.476611], [32.622017, -27.406508], [32.622012, -27.406464], [32.622008, -27.406426], [32.622006, -27.406413], [32.621962, -27.406027], [32.621952, -27.405932], [32.621921, -27.40566], [32.621907, -27.405533], [32.621907, -27.405527]]}}, {"type": "Feature", "properties": {"track": "898-13-5", "n": 4}, "geometry": {"type": "LineString", "coordinates": [[32.711605, -27.619315], [32.711605, -27.619315], [32.711604, -27.619302], [32.711603, -27.619296]]}}]}